Severity,Start_Time,Start_Lat,Start_Lng,Weather_Condition
1,2024-07-12 06:29:59,28.499123544539266,77.35130319519097,Cloudy
2,2024-03-30 20:31:16,19.10378772923187,72.88517588010976,Cloudy
1,2023-06-14 15:13:47,22.542449479968752,88.36731211286583,Clear
2,2024-02-22 08:19:03,28.5572996899946,77.19055656997523,Clear
3,2025-04-01 05:58:34,25.408448337696957,81.85131245791221,Clear
1,2023-10-20 21:41:58,28.454489178322756,76.99004473311173,Clear
1,2022-03-25 14:45:17,28.611418312311542,77.19726915593708,Cloudy
2,2024-03-12 13:40:21,22.55425200431634,88.37567126333676,Snow
3,2025-11-21 18:36:59,26.778423143541996,80.91718149817594,Rain
4,2023-11-03 19:21:33,28.654403559170586,77.20299765398642,Heavy Rain
3,2022-08-15 08:14:47,26.809895835458093,80.91197859596353,Clear
1,2022-07-13 15:16:52,13.118603683665567,80.3140228776334,Clear
1,2025-11-30 17:23:34,28.504123569678743,77.43286913459075,Clear
2,2025-05-01 11:21:41,28.537703078378968,77.37786466906003,Snow
3,2024-06-24 00:44:03,28.584938313705837,77.1724627656913,Clear
2,2022-06-22 16:21:37,28.481980219776116,77.03214371845134,Snow
3,2024-06-11 04:31:24,26.86267245905964,80.93335238738936,Fog
3,2022-11-29 03:39:26,12.925478048440882,77.62487437647732,Clear
2,2022-09-20 07:47:48,25.4761818988681,81.8487028009976,Windy
1,2024-12-20 11:31:54,26.86766962354812,80.89632458058023,Heavy Rain
1,2025-05-04 19:36:53,19.09567492180398,72.90855797611795,Clear
2,2025-04-23 05:22:48,28.56743723783119,77.19145880020665,Clear
3,2022-02-27 15:04:00,17.32027071979426,78.47561607792127,Clear
1,2023-06-22 08:19:51,22.56102058368716,88.37615913667885,Clear
1,2022-10-25 15:35:42,19.150455409481236,72.81311016403184,Fog
1,2022-01-22 15:52:51,28.399415719311207,77.03264930643687,Heavy Rain
2,2023-08-02 04:08:40,26.905526799968584,80.9461213829385,Clear
4,2024-07-13 12:39:50,26.83358681918247,80.98556822073444,Fog
2,2022-08-20 06:14:44,26.905279174406246,80.93832106037603,Clear
2,2022-10-06 21:22:46,22.62050369476749,88.37670406949731,Clear
1,2024-04-15 16:02:31,19.052065288482517,72.87737943365129,Clear
1,2023-01-11 11:22:21,28.678829150056238,77.2222379199901,Cloudy
1,2025-10-07 19:17:36,19.051140518559084,72.93612842108418,Cloudy
4,2023-02-27 22:42:34,12.970039046480167,77.56989051920753,Clear
3,2022-06-17 18:30:10,12.970430617796573,77.60684053887267,Heavy Rain
2,2025-04-26 01:00:09,19.058919551888977,72.8840905731475,Cloudy
1,2022-03-02 08:31:51,22.557605004783557,88.31899200972683,Clear
3,2022-06-25 08:52:17,26.868586141690752,80.94027539465836,Rain
1,2022-10-21 19:59:39,19.054188688964217,72.93263544231984,Clear
2,2025-08-19 14:46:48,26.780446012307735,80.93985016486087,Fog
2,2022-01-16 07:19:06,28.602416174907393,77.20733409642085,Clear
3,2024-05-16 21:58:21,13.027508905262756,77.61716414311495,Cloudy
2,2022-02-26 06:30:05,28.502939143037338,77.04633001528501,Clear
3,2023-05-26 19:31:05,28.586905570416288,77.19139816224867,Clear
2,2024-08-09 10:47:50,28.498719359262196,77.40112452882016,Clear
3,2024-05-03 20:58:40,26.849692966537383,80.88615020884767,Clear
1,2025-11-22 08:45:05,28.47562760968915,77.01283126467155,Clear
2,2024-10-06 07:12:44,19.098161831253517,72.85445062472645,Windy
1,2023-07-21 02:30:26,26.853147603033552,80.96754829855662,Rain
1,2023-01-29 16:33:39,17.331603477448418,78.50602436046555,Cloudy
1,2022-07-31 02:54:03,28.451036373061484,77.05894343450943,Cloudy
1,2024-02-14 18:51:47,22.599226066657238,88.364543371147,Cloudy
1,2023-01-02 13:33:57,22.574550892066423,88.38716670814036,Fog
2,2024-09-22 20:29:24,17.37463511470582,78.48238173813797,Cloudy
2,2023-08-20 12:35:00,19.08225502935176,72.87161648023357,Heavy Rain
2,2024-07-16 12:48:34,28.520022106589714,77.4067552416021,Clear
1,2025-07-29 07:03:39,25.424765263439177,81.85440315702162,Snow
2,2022-03-28 16:26:53,25.449248310269496,81.81466524138847,Clear
2,2024-03-27 04:12:31,26.838219916563755,80.92555842657666,Clear
2,2023-05-28 18:07:11,25.43141496820307,81.83152979361518,Cloudy
2,2022-10-25 08:36:06,28.53964225229793,77.40470429113411,Windy
1,2025-05-17 16:46:38,28.45451289018957,77.05628305055804,Cloudy
3,2024-11-24 13:42:45,25.45587018270908,81.87695908432694,Rain
1,2024-06-17 09:15:23,19.044889910568752,72.8721088025703,Cloudy
1,2025-07-29 21:19:07,22.626526333178088,88.34547311758217,Clear
1,2025-09-06 18:38:48,17.415552269382502,78.48723980398111,Clear
1,2024-02-03 03:10:53,28.48282269500837,77.35572132177803,Cloudy
2,2022-12-29 00:27:53,19.061353251277005,72.84790612058526,Clear
1,2022-07-08 15:11:49,17.455115915813373,78.47524353958175,Rain
3,2023-06-16 06:29:06,26.89370347160709,80.93812511596303,Clear
2,2024-11-01 15:01:02,13.069155556529482,80.32562344134497,Clear
3,2023-04-10 15:46:52,17.38730620630108,78.54497998338903,Clear
2,2022-09-16 11:19:21,28.521343819922656,77.34504804581347,Clear
1,2023-04-05 14:42:19,28.59048161339518,77.23713952735618,Heavy Rain
1,2022-08-05 23:46:02,13.081404716707437,80.24126330493607,Clear
2,2024-11-01 11:41:08,28.613356164444223,77.27071032401275,Cloudy
2,2025-03-19 22:24:48,17.365848287389113,78.44290253362162,Clear
2,2024-09-04 14:31:23,28.52783124931832,77.39338584851353,Clear
2,2022-05-09 18:39:09,28.624536563073327,77.22008983185567,Clear
3,2025-06-25 02:27:27,13.117160751321354,80.29837353115418,Heavy Rain
1,2025-04-27 20:43:51,25.464819437006756,81.86564519106274,Windy
1,2025-11-21 02:59:14,28.642690052242017,77.1630959611887,Cloudy
1,2025-01-09 17:27:24,26.791670347709637,80.94966105255493,Snow
3,2023-01-15 10:48:06,25.408730477568476,81.86899304721985,Clear
3,2024-08-21 22:20:12,25.458560891912374,81.87634605949236,Clear
4,2025-03-30 08:17:33,28.58520948798436,77.39754741282918,Snow
3,2023-04-26 18:02:04,28.507828160305447,77.38111907853263,Clear
2,2022-07-14 08:34:36,17.441834531049427,78.41841848366236,Rain
4,2025-01-10 09:26:56,25.41316061130201,81.76664478834927,Clear
1,2022-12-21 09:20:30,25.47562685611816,81.83473727881272,Cloudy
1,2023-02-13 16:44:46,28.42462953449091,77.03586925987813,Rain
1,2023-08-21 17:42:54,17.35634602348761,78.42475380324383,Windy
2,2025-04-02 15:32:56,26.87732469148788,80.92974656043297,Clear
4,2022-08-30 22:58:11,19.029947090712366,72.86139171576748,Fog
4,2025-07-21 12:12:47,26.81758101121725,80.9670078150921,Clear
2,2022-05-11 09:01:50,26.815934430586733,80.93970580128925,Rain
2,2025-02-08 02:48:49,12.950627237191421,77.58997712469613,Windy
2,2025-06-30 14:08:26,12.95554786609444,77.66233032938929,Clear
3,2023-06-18 19:00:32,26.89005996119204,80.89378302468756,Clear
1,2022-09-14 16:18:59,26.81144888425023,80.9129808830102,Clear
4,2024-09-06 23:56:30,28.54463434572786,77.27993859906148,Cloudy
1,2022-12-17 12:58:47,13.008269554910717,77.60738062213663,Cloudy
1,2024-09-26 17:35:48,28.54714144656325,77.34798692827349,Cloudy
3,2023-05-05 18:47:23,13.080218216252174,80.24254100848572,Rain
1,2022-07-31 11:17:22,28.62642142791994,77.20551650853233,Cloudy
2,2024-11-08 10:57:37,13.093534447636852,80.28971688589498,Rain
4,2022-02-05 21:30:06,28.690106213336477,77.14512577885637,Rain
1,2025-11-04 12:47:55,28.50705879838335,77.35764611092337,Cloudy
1,2024-08-30 22:38:12,17.40217308882539,78.42248590773417,Cloudy
2,2023-07-28 15:29:10,19.08818333521256,72.86400450385356,Rain
2,2023-11-17 01:21:53,28.610513770813437,77.19400523945001,Clear
3,2022-08-25 20:23:05,12.985456433743018,77.64305091135607,Cloudy
2,2022-01-16 08:36:31,28.661686506189653,77.20188456143981,Cloudy
2,2024-08-02 07:53:04,12.930673965721974,77.5893448258794,Rain
2,2025-08-02 08:41:05,19.09752631697164,72.8793857291898,Clear
4,2023-01-19 08:51:43,28.482414097255283,77.04638200759797,Clear
4,2023-07-30 12:10:21,26.83157516602509,80.9504557038851,Clear
2,2022-08-09 14:41:34,25.465996410718343,81.81724753267048,Clear
2,2024-02-01 05:10:57,17.32876890426247,78.50438861541062,Clear
4,2023-06-27 23:52:15,19.04499925397782,72.86850141051158,Fog
2,2025-10-11 22:49:39,25.387957129449628,81.84650024483847,Rain
4,2023-11-07 19:43:22,28.556877683632198,77.22104000372067,Heavy Rain
1,2023-11-03 09:16:11,22.590503398524127,88.3667436476684,Clear
1,2022-02-13 18:46:51,13.012814964495231,77.62654543845919,Rain
3,2022-03-09 07:25:56,28.506062022762137,77.09267506457856,Clear
2,2025-08-01 13:37:04,13.031879358684547,77.64661529638002,Rain
1,2024-10-02 10:37:13,25.474197635724444,81.79571100571268,Clear
2,2025-08-06 22:07:25,28.51847725208666,76.95590258391202,Clear
1,2022-02-05 07:03:50,25.429324619287552,81.76354196205504,Rain
2,2025-04-14 00:47:05,26.874041136770064,80.9386614098899,Rain
1,2025-03-08 19:01:08,13.124646882333437,80.2604488209429,Fog
2,2024-09-16 04:42:32,28.567728173153128,77.14139916988164,Heavy Rain
2,2022-08-19 08:29:14,22.631516010157466,88.37764689270679,Clear
2,2022-06-25 19:43:39,25.398175365150436,81.84621798088976,Heavy Rain
1,2025-10-11 06:15:30,28.636265716641415,77.15651413662043,Clear
1,2025-02-15 15:29:24,28.449093045920954,77.01856752156765,Clear
4,2023-02-21 13:40:53,25.43217880235536,81.82916502735392,Heavy Rain
1,2023-03-18 01:52:59,28.439977862311842,76.98687590422853,Fog
4,2023-12-08 00:33:43,13.083937999598103,80.23266512160154,Windy
2,2022-07-04 12:07:32,28.603022798742433,77.19758788871418,Clear
4,2023-10-13 00:26:17,25.379198983848408,81.85842094485787,Clear
4,2023-01-13 22:19:48,28.501339227462303,77.06562935104233,Heavy Rain
2,2025-04-05 04:24:22,19.0705069318153,72.88266217962799,Clear
1,2024-02-16 19:59:21,17.421058739288938,78.47339871037987,Clear
2,2024-02-17 05:11:56,26.85855188051728,80.90819222878586,Clear
1,2024-01-03 15:13:00,17.418834674348883,78.53942035702104,Clear
4,2024-04-17 21:07:35,28.570207623239128,77.4120368527276,Clear
1,2022-08-05 12:48:01,28.52484792951311,77.38004748614836,Cloudy
2,2024-12-08 20:13:41,28.547262639437687,77.40850394903674,Clear
3,2023-08-25 21:09:53,28.606483129228288,77.18415550691944,Clear
3,2023-03-08 08:35:34,13.06260773502512,80.20642289065005,Rain
2,2023-10-31 20:46:16,12.996580732688148,77.60607896366653,Clear
2,2024-12-03 21:12:54,12.959291401500469,77.66275564801114,Clear
2,2022-07-05 18:51:14,25.40533566627314,81.8404680512181,Clear
2,2024-03-29 06:36:25,28.54389288918097,77.42962694186558,Rain
2,2022-11-13 09:06:14,28.64017912382714,77.14009612516709,Clear
2,2024-09-30 22:27:04,17.383743454583996,78.49878446783643,Windy
2,2024-11-23 21:15:12,28.58659496415143,77.23473442584913,Snow
4,2022-11-23 08:38:46,13.048665869113629,80.34537759616387,Clear
3,2025-05-01 00:16:02,13.09126711943891,80.2619807648779,Cloudy
2,2023-06-16 22:53:42,28.6170960155014,77.19568404335418,Clear
4,2023-11-24 14:20:05,28.596869656377585,77.20547924131176,Rain
3,2023-01-19 22:52:43,28.558055790526968,77.43204524129382,Cloudy
3,2024-09-28 14:00:30,12.918895865813429,77.59285314184356,Clear
1,2024-08-23 23:40:08,28.505195395053367,77.00163411849019,Rain
4,2025-01-03 02:47:30,26.785209595520946,80.9017856097961,Cloudy
3,2022-03-29 05:52:11,28.573846151803004,77.45866179775312,Clear
1,2023-03-20 03:49:03,28.620830798020233,77.20843208269535,Cloudy
4,2023-07-08 17:22:51,26.798319993355236,80.98267489624223,Cloudy
2,2022-06-19 08:46:54,17.41124784375307,78.42765930670194,Clear
3,2025-03-20 09:50:07,22.567690354505736,88.35215694587885,Clear
1,2024-01-17 16:12:36,19.113289547057114,72.8855730452688,Clear
2,2024-06-18 18:55:12,17.39531074173302,78.41316565763252,Clear
3,2024-11-20 02:44:04,25.45671813504473,81.89743161991505,Snow
2,2024-01-15 00:04:27,26.819049401611466,80.97044853236054,Heavy Rain
1,2023-02-02 17:10:35,19.05498814693477,72.89847388013027,Clear
2,2023-02-11 20:17:18,19.016554230105992,72.90514996636423,Rain
1,2023-11-14 15:02:35,19.009366864638157,72.93064786240852,Fog
1,2025-09-21 17:18:36,22.54557114251909,88.35020876427275,Clear
2,2022-04-25 06:29:07,26.865941292757576,80.95189154682538,Fog
2,2023-12-24 23:10:26,22.588412138505614,88.36529472564526,Clear
2,2023-02-19 19:14:08,28.538263040092776,77.19426140297433,Cloudy
1,2023-06-01 19:52:58,28.467850446577568,77.06310028933459,Clear
2,2022-11-21 09:52:33,25.430977494858272,81.81705395657593,Fog
1,2024-05-13 03:26:51,26.838376514124803,80.93181999803022,Clear
1,2023-03-08 18:51:25,12.926741552917147,77.59224120113822,Clear
2,2025-08-03 17:09:37,28.46821128891966,77.01290952697116,Heavy Rain
1,2023-06-08 02:44:31,26.866154975804314,80.94387705562765,Clear
2,2022-01-30 15:44:38,13.081220620054783,80.26418481233621,Clear
1,2024-11-25 15:44:53,26.818789665902546,80.98380854265805,Clear
3,2022-12-27 11:24:33,25.386729978180018,81.83262758896731,Rain
1,2023-04-17 11:08:38,25.438215122525797,81.81768464446279,Cloudy
1,2022-04-06 07:42:51,17.377864078585706,78.51175709991699,Rain
2,2025-08-26 14:03:05,28.56862929764982,77.41973179824092,Cloudy
1,2024-11-13 05:57:04,28.62606044300721,77.34984490802945,Heavy Rain
1,2023-09-20 06:40:41,25.395188210036494,81.89641123194843,Cloudy
3,2023-10-05 16:45:55,12.972069716988596,77.59413509188643,Clear
2,2024-12-15 17:33:33,26.87465268725169,80.978467781045,Fog
2,2023-05-26 08:11:23,19.03725953979631,72.92440771466683,Cloudy
3,2023-11-27 17:39:42,28.619391455941948,77.17927516633316,Snow
3,2025-05-15 02:44:38,26.837231214199353,80.96801393982105,Clear
3,2024-01-11 13:24:17,17.42245554870444,78.47805086150943,Windy
2,2023-09-04 23:28:24,28.59465263086375,77.19114776174663,Cloudy
3,2022-06-22 00:48:45,28.448363674886565,77.01728941565538,Clear
2,2023-10-13 02:21:37,22.573472322015398,88.39259652718656,Heavy Rain
1,2024-11-16 13:02:29,28.551715552858198,77.37934333326587,Clear
2,2024-11-09 05:30:20,12.899650507911533,77.59967522110765,Rain
2,2024-09-30 02:33:26,13.048101484724695,80.3491324294672,Rain
3,2024-03-31 09:12:09,28.62255529187204,77.18236699568016,Windy
1,2024-09-19 07:17:42,28.596576240718825,77.17344015990912,Rain
3,2023-09-01 02:05:15,22.54497266719341,88.31355506484286,Clear
1,2022-06-04 00:12:09,22.53259614804741,88.37012671908272,Windy
1,2022-05-06 05:57:52,26.813922559031603,80.91308902889037,Clear
1,2023-03-30 23:36:00,17.413640036556654,78.44362211878102,Cloudy
2,2022-04-02 18:51:23,17.324561887905265,78.5154565513283,Clear
3,2023-08-18 22:34:10,22.572660722755586,88.38173835464123,Heavy Rain
2,2023-09-25 12:38:51,28.64725808192474,77.1663768843137,Clear
1,2025-03-26 18:55:09,12.933802370133611,77.57897307450419,Clear
2,2023-02-05 15:58:26,28.533945158861254,77.03115304276916,Cloudy
2,2022-10-18 07:45:17,25.434930939005568,81.86074244765051,Heavy Rain
2,2024-06-27 15:32:15,26.86048871283071,80.94777321349574,Snow
1,2025-06-30 23:27:50,12.988367696942412,77.55357394335408,Rain
2,2024-07-01 15:22:18,28.452715069529592,77.0452283207898,Clear
4,2022-07-16 16:07:01,28.639004224032412,77.1789210276214,Heavy Rain
2,2024-05-16 05:36:27,28.4776232305442,77.09407407705385,Clear
3,2022-03-13 02:42:27,22.58229480158917,88.4235304504144,Clear
1,2024-11-03 07:17:10,19.056211447680795,72.90273281438287,Rain
4,2024-01-29 21:47:37,26.800029874909264,80.91299088449318,Heavy Rain
3,2025-06-02 05:54:45,18.99424162334195,72.84916411098241,Cloudy
1,2024-11-06 01:09:11,25.411060130947,81.84035072848262,Clear
3,2022-07-22 15:54:23,28.617900806357074,77.20906312272248,Cloudy
3,2022-09-19 09:05:08,28.545749009525533,77.32518475595779,Clear
3,2023-10-20 09:11:59,25.43188291601803,81.87958699018685,Snow
3,2025-10-21 21:02:20,28.6318404103441,77.22961580778747,Clear
4,2024-11-15 01:34:52,28.622455905736196,77.24535938991937,Heavy Rain
3,2022-12-29 12:40:58,19.100051211628454,72.88729752622956,Cloudy
1,2024-04-11 00:48:35,28.449713554803335,77.02214802156061,Cloudy
3,2024-11-28 20:55:25,26.835876463232854,80.93775397836895,Rain
2,2023-02-25 02:52:38,22.628781930532334,88.39173435243688,Heavy Rain
4,2023-12-17 02:13:46,28.544196562629896,77.40704928005748,Heavy Rain
2,2024-01-30 01:34:36,12.966704537442956,77.60147791741004,Clear
2,2023-06-23 07:22:49,26.877367440276256,80.9808604841485,Heavy Rain
1,2023-08-28 19:02:25,12.975284751836838,77.59987108724957,Clear
3,2025-01-25 15:46:58,28.624719836556718,77.211175281713,Rain
2,2023-03-08 01:29:49,26.91542434917403,80.95793061982873,Clear
4,2025-05-19 13:45:15,19.040171908885426,72.86770097081677,Fog
1,2025-06-19 00:19:00,19.10873440643355,72.8590401956291,Clear
1,2025-05-07 09:45:38,19.04581925723427,72.85715646265083,Clear
2,2024-09-06 21:48:22,28.541913466866053,77.32832721524652,Clear
4,2024-08-22 05:56:12,28.48161310070279,77.34918607861943,Rain
1,2025-07-21 10:09:31,26.82426106503594,80.8938865422932,Clear
2,2023-12-08 23:31:05,19.024943456261425,72.88592973547782,Clear
2,2025-07-10 05:54:38,17.41313818496904,78.42212482276237,Fog
2,2022-11-26 09:38:32,22.517015452590158,88.43886939240518,Windy
1,2022-08-27 15:55:39,28.437877130428163,77.00920030916456,Rain
3,2022-01-31 22:51:48,28.657189704757396,77.26325275883865,Windy
1,2025-01-27 21:16:59,26.78385353727752,80.90317901382686,Windy
2,2025-11-30 18:59:56,28.486606617822396,77.05682108167069,Clear
2,2023-01-31 05:56:47,17.392904464191307,78.43939583910075,Windy
3,2024-09-07 00:50:07,28.519186213015953,77.36980205282714,Cloudy
2,2025-02-07 14:39:33,26.89456779563776,80.93708492947268,Clear
1,2022-10-04 13:10:56,17.443200488449744,78.52978192318088,Windy
1,2022-03-15 21:22:35,17.4228217423134,78.51395589248759,Rain
1,2025-04-29 18:09:32,28.596978265275197,77.20800288064214,Clear
1,2024-12-16 22:55:56,22.560888865091442,88.38369715156604,Snow
2,2023-12-07 18:56:01,12.91917494638272,77.57573112687544,Cloudy
4,2023-02-25 08:00:24,12.943135923774152,77.58095549309539,Clear
2,2023-01-03 03:37:23,12.958110965822607,77.60044650864592,Clear
3,2025-08-14 19:01:31,28.62468449177878,77.20629869033603,Cloudy
4,2023-08-03 06:55:43,12.975953164280533,77.65053388135131,Fog
1,2023-08-06 03:28:46,28.64272411419447,77.20960268539557,Cloudy
2,2024-07-23 23:29:17,25.379697663038314,81.8356879619785,Clear
2,2024-09-01 23:11:25,28.52192509166667,77.38932019139403,Cloudy
1,2025-05-20 05:28:11,17.372605756751295,78.49741116488272,Cloudy
2,2022-02-26 22:01:02,28.597092494805366,77.21840977752404,Clear
3,2024-07-31 10:49:47,12.940172418731699,77.61667379517343,Rain
4,2024-03-19 20:57:12,13.102225206046068,80.1928117715083,Clear
1,2025-01-06 23:03:21,28.621629461960165,77.20750114673235,Cloudy
2,2023-03-26 09:16:18,28.452869502786584,77.01714439626858,Clear
2,2025-01-12 01:16:28,28.597121981211856,77.36158478330657,Clear
3,2023-05-04 10:37:30,19.08657946795341,72.8591207258,Clear
1,2024-06-13 00:36:14,17.382105578924357,78.52646669811249,Cloudy
2,2024-10-02 23:46:27,25.465264982028877,81.802218803228,Rain
1,2023-06-12 22:45:40,19.10712531749025,72.89440239359794,Clear
2,2025-06-29 17:58:50,28.659574035429742,77.24902851446932,Rain
3,2022-08-12 13:48:38,28.621859744377822,77.17235997145396,Clear
4,2023-10-19 07:44:51,12.954042366242124,77.58605247359385,Clear
3,2024-10-24 11:56:10,12.962767628130319,77.61502989969384,Clear
4,2025-05-02 20:37:45,17.41012461801487,78.53398478670046,Clear
3,2024-05-05 16:41:37,19.117675502714295,72.93935256627222,Fog
2,2023-04-29 18:29:10,12.94619393456588,77.6050718467763,Cloudy
1,2025-08-05 18:28:54,28.45200797802788,76.98822965436098,Snow
2,2024-02-08 21:55:20,17.381244711979814,78.48822556823797,Heavy Rain
2,2023-08-18 19:54:12,28.56026873854095,77.40872870369851,Clear
2,2024-02-06 00:07:13,26.879757494876845,80.96119591385461,Rain
3,2023-02-09 06:07:52,28.62338963916915,77.390302395342,Heavy Rain
1,2023-10-22 20:59:07,26.869661524852102,80.90314327591562,Rain
3,2025-11-28 04:32:33,28.51141969148043,77.38028652123342,Clear
1,2025-09-12 06:42:15,22.61865376440057,88.38653603773966,Clear
3,2022-12-30 06:58:35,19.139687280006406,72.9094703931898,Clear
4,2024-06-22 19:02:19,28.586669688067172,77.16912409147764,Cloudy
1,2025-06-03 08:05:33,22.574217406128483,88.39011276398321,Clear
1,2025-02-21 08:57:13,12.986771228596774,77.61795880533202,Cloudy
3,2023-11-27 10:26:52,28.601423306097967,77.2216708592846,Heavy Rain
1,2025-02-27 19:21:41,28.424004252365556,77.0384641562784,Cloudy
3,2024-09-15 15:09:01,28.602606323725002,77.21419858554745,Clear
2,2023-05-24 17:23:26,28.401089663743207,77.03125572583318,Clear
1,2023-09-15 07:42:12,13.014141468972793,77.55177157547787,Clear
2,2025-04-11 06:16:35,17.44970320741383,78.44093250966174,Fog
2,2023-10-17 08:34:21,22.546494252274734,88.4045427795604,Clear
2,2022-01-14 21:09:10,19.060118535883596,72.87456970992649,Cloudy
1,2024-09-16 11:29:51,22.582573772030695,88.33276482302658,Rain
3,2024-06-16 20:16:04,26.892998639420263,80.93732335323686,Cloudy
1,2024-08-05 06:45:34,28.41613619193183,77.00120849017247,Cloudy
3,2025-12-26 03:18:02,26.838021602743524,80.9294011148848,Heavy Rain
2,2023-12-28 05:49:07,25.475408748795044,81.79413775673888,Fog
3,2022-01-24 16:34:33,25.43421850650512,81.8813902934995,Clear
2,2025-12-20 13:23:57,22.58577284630197,88.37743039062099,Heavy Rain
2,2025-04-14 15:20:47,28.444934582101045,76.9562524757436,Rain
3,2023-08-20 22:29:26,13.074161209992239,77.65920304621302,Fog
2,2022-06-10 14:44:56,28.47998090604732,77.02179711882046,Clear
2,2022-07-09 16:38:01,26.871132921272117,80.84979174300607,Windy
4,2024-02-26 00:01:44,26.863223384186927,80.95107281894623,Rain
1,2023-11-24 19:34:34,26.865447315596278,80.87376962592751,Clear
2,2024-11-29 17:31:14,28.45088440614885,77.02264001121792,Cloudy
1,2022-11-08 00:37:19,28.453094899213163,77.00233533566269,Rain
1,2022-12-03 13:33:02,28.447173684315814,77.02413181565454,Fog
1,2023-05-14 04:57:15,28.60903790020588,77.19680579596735,Snow
4,2024-04-03 11:02:46,26.864607507221432,80.94701915787604,Fog
3,2024-03-26 18:16:57,28.58973820281431,77.22443789316512,Clear
2,2022-06-09 18:04:59,28.645639195123053,77.15818578391911,Fog
2,2022-11-03 11:38:10,28.535378297660433,77.40870525253408,Clear
4,2023-09-18 19:32:20,19.082311854173238,72.83068767132957,Clear
1,2023-10-24 14:00:15,22.543440046683486,88.40120873019062,Cloudy
1,2024-12-31 15:56:20,17.412364762515406,78.53763651272088,Rain
3,2024-09-26 11:39:49,28.514961554953892,77.34886400279694,Rain
1,2025-02-02 01:18:12,19.058764456065575,72.89380158868093,Clear
1,2025-12-14 12:51:37,25.42269407798545,81.83002804235554,Rain
2,2024-04-19 21:02:03,17.302925970566758,78.46879071448309,Clear
3,2025-10-06 07:20:33,19.11663334417599,72.87261699739564,Heavy Rain
1,2025-11-03 23:25:18,28.448317064252834,77.04462014129773,Clear
2,2022-03-30 03:02:44,28.65021878392556,77.22680592519326,Windy
3,2022-06-07 07:37:50,28.630089177297922,77.22219713183699,Windy
2,2025-01-04 03:08:24,12.984048445549352,77.62367294919534,Clear
2,2025-11-04 13:45:29,19.098120291300095,72.85839841310522,Cloudy
1,2022-11-05 14:13:57,28.61505021808931,77.19560275594017,Snow
3,2023-11-28 19:58:55,12.95816197322778,77.58987044975235,Windy
1,2022-08-02 09:11:02,19.105511447673575,72.90247696686687,Cloudy
3,2025-11-14 01:01:50,26.810335928069982,80.9820892299763,Cloudy
1,2024-02-28 07:00:13,28.625769959017276,77.17432734414677,Cloudy
4,2022-06-18 13:12:39,17.435100855727576,78.51909834317678,Clear
2,2023-08-05 14:53:44,12.921489460621634,77.6934458453291,Snow
4,2023-08-26 00:50:14,19.083262107924828,72.89329872674787,Fog
1,2024-12-02 10:12:00,28.591953220409344,77.25126261182332,Clear
4,2025-10-21 06:44:54,19.06670937676211,72.87110579643473,Cloudy
3,2023-11-18 19:21:20,28.53120707148923,77.36235163180226,Rain
2,2023-12-26 00:31:40,13.01950181979445,77.57029238935154,Clear
1,2024-12-08 08:50:39,28.630188442688674,77.21051310913758,Clear
3,2024-03-14 16:49:46,22.559458458572916,88.34061107824887,Clear
3,2022-02-10 06:49:06,12.94232815122263,77.52927431465328,Clear
3,2025-01-29 12:05:43,28.601958009355737,77.28964314242423,Clear
2,2022-06-06 23:07:13,13.070878783855433,80.24276349371361,Cloudy
2,2023-05-10 16:25:00,19.105857115961808,72.9171773744931,Clear
1,2023-04-03 23:10:58,28.63580435301375,77.22498245345578,Clear
3,2023-01-14 19:12:15,28.642016061495823,77.15138155278129,Cloudy
2,2022-03-02 01:21:30,28.493356702763734,77.03159052022335,Clear
2,2025-10-25 13:58:18,26.861778492474407,80.89455124381335,Fog
3,2022-12-08 04:47:53,25.422618833962048,81.84324094016081,Cloudy
2,2025-11-14 03:29:06,26.80273456539224,80.94464092975144,Cloudy
1,2022-10-04 17:56:40,28.504092225423065,76.93726109467927,Clear
4,2024-10-17 14:37:37,28.613073370720354,77.25156580218739,Fog
1,2023-07-20 19:12:30,28.537859282977127,77.39427409107851,Rain
2,2025-09-15 21:44:35,12.956865494619539,77.59775145543534,Windy
1,2022-02-13 21:34:45,13.06117695641194,80.24181919350892,Clear
4,2023-05-18 06:18:44,28.501827921241716,77.00328078147737,Snow
1,2025-09-06 23:30:32,28.493662660445512,77.41276832848676,Clear
1,2025-02-27 07:17:13,25.3729342369291,81.86486071637873,Windy
1,2025-09-22 10:05:19,28.491776070977746,77.02205732097784,Clear
1,2024-06-23 16:10:38,12.978927210006715,77.59302345586961,Clear
4,2024-11-14 09:59:04,28.6644520194193,77.15046584159657,Clear
2,2023-10-31 01:18:46,25.435947368230654,81.86521309458259,Cloudy
4,2023-05-14 10:52:47,13.0428538093096,80.20456057746908,Clear
1,2023-07-01 07:04:44,26.85007319930899,80.96536389370593,Clear
3,2024-05-21 22:32:23,19.118825288091575,72.92442313549343,Rain
3,2023-03-19 19:58:12,28.61812765813754,77.1827492061452,Rain
1,2025-09-13 11:13:36,17.35179544628679,78.42758844160026,Clear
3,2023-04-27 23:15:13,26.91532420025091,80.9927239470353,Clear
2,2025-02-19 14:54:03,28.624435043187148,77.22908187164006,Rain
1,2024-05-21 16:11:40,28.613122992179765,77.20845584962248,Clear
2,2025-07-04 15:20:37,22.544102836291515,88.34394736312854,Snow
1,2025-11-14 14:36:12,26.82528944872535,80.95417138724406,Rain
2,2025-05-14 01:56:35,19.084000023021463,72.85054449751938,Rain
2,2023-12-30 16:36:38,13.071807709878922,80.23251336489821,Heavy Rain
4,2025-08-21 11:30:14,22.552287574900156,88.43205649704166,Windy
1,2022-12-08 03:54:17,28.536737395361527,76.96757144791084,Clear
2,2025-08-20 17:34:15,26.85463300758771,80.94171550549531,Clear
3,2024-07-30 00:00:37,28.495260384406603,77.03841508067036,Clear
3,2022-11-08 03:50:15,19.057711767470664,72.82691136047367,Fog
1,2022-06-01 01:20:39,22.543213706978577,88.34023752496472,Clear
3,2025-07-13 09:32:07,28.47048031140139,76.97463883228282,Cloudy
1,2025-03-17 09:00:28,28.55138569530941,77.02069298211967,Clear
3,2022-01-03 23:02:20,28.498231885819802,77.05134251447977,Heavy Rain
2,2023-09-19 23:24:51,28.528678751591457,77.38525834841482,Cloudy
1,2023-06-28 18:19:10,28.56936932453583,77.2390710466236,Clear
4,2024-12-31 11:23:50,28.542249159019278,77.25993933187603,Snow
1,2025-03-10 14:29:29,17.392548406982677,78.47436088150421,Rain
2,2025-05-27 08:22:09,12.919001940104323,77.58759529060201,Cloudy
1,2023-09-25 06:43:44,13.00223484993223,77.58784796201181,Heavy Rain
2,2025-10-28 02:04:48,28.615049253318546,77.2627470842584,Clear
1,2024-08-20 00:15:19,28.6569661016716,77.22746182915597,Clear
4,2024-07-30 07:23:52,17.370514629625923,78.45502577028347,Clear
1,2023-08-08 12:32:15,26.870789978797088,80.91711910676507,Rain
1,2024-05-23 15:39:18,17.460260877766594,78.45153532987526,Cloudy
4,2024-05-14 22:17:39,28.590493605851748,77.1597850145306,Cloudy
3,2024-08-02 08:41:43,28.674382232952464,77.20527493216466,Clear
1,2022-03-09 14:02:06,28.608934314576597,77.17609763906128,Clear
2,2024-02-28 11:22:40,25.46486743468951,81.81459709753202,Clear
2,2024-12-11 09:18:53,17.332910962551196,78.4937032920695,Clear
2,2024-06-23 13:54:55,28.627260432637577,77.27072381258549,Clear
4,2025-01-21 15:55:11,12.96070321712935,77.59444780296805,Heavy Rain
1,2024-10-16 03:35:19,28.53808092751723,77.42609524953122,Cloudy
2,2025-10-23 16:03:09,28.48263088823707,77.36692754968111,Rain
1,2024-09-27 04:36:14,19.03269262084863,72.85905223754219,Cloudy
2,2025-09-03 09:48:14,19.098017891673443,72.8970050738587,Clear
2,2024-05-12 00:46:04,28.60941607667089,77.20430204156231,Cloudy
3,2025-01-24 12:30:25,26.80024764039577,80.88750169045348,Clear
3,2025-09-21 08:39:10,28.479739748174666,77.07919894798374,Fog
2,2024-01-29 14:18:17,19.071920002874133,72.88519591293962,Rain
1,2023-03-16 22:00:57,28.586477838041375,77.1777453319022,Clear
3,2025-12-23 09:00:06,26.835628303236604,80.91113688914825,Rain
1,2022-12-26 13:11:52,19.075450921163508,72.86821116075737,Clear
1,2025-03-05 04:14:12,28.54247829722289,77.36140300292038,Clear
3,2023-04-06 20:14:27,17.346068538561532,78.4458284904435,Heavy Rain
1,2025-10-29 15:43:09,17.344790595813446,78.45803666442592,Clear
3,2024-12-16 00:16:03,22.62338417130325,88.35005893161534,Rain
1,2022-06-11 07:02:44,28.657832918632213,77.27790289351347,Clear
4,2024-09-02 23:14:20,17.37279286586476,78.48418654000021,Snow
2,2025-11-24 00:48:58,22.552080023265678,88.38579166001064,Rain
1,2025-02-04 15:17:17,12.94045543301706,77.56097271546143,Windy
1,2022-04-02 00:47:51,28.44889353626685,77.0075056176856,Clear
2,2024-03-16 18:35:18,28.470764231650797,76.99925248065341,Clear
2,2023-10-14 04:43:26,26.827322373040722,80.95716283968524,Clear
3,2024-08-24 16:38:41,12.976668834917978,77.58385001217667,Rain
4,2023-01-09 12:26:29,25.425012442514372,81.8341637538147,Rain
3,2023-12-12 18:18:44,25.4492209255199,81.81161181026339,Heavy Rain
1,2022-04-13 19:51:17,12.975045316837361,77.58669058788267,Clear
2,2023-06-07 11:51:39,28.492758457810098,77.01450036330306,Snow
2,2023-08-28 08:58:35,28.487190377762747,77.04258697721951,Fog
1,2025-08-18 02:56:05,25.424492349006304,81.89304496594379,Heavy Rain
3,2023-06-17 02:36:30,13.107217397210537,80.24428884661624,Clear
4,2025-04-17 18:55:11,17.386155815751756,78.53384294355361,Clear
3,2022-05-28 10:20:41,28.570120890273046,77.15880745678326,Windy
1,2022-08-16 20:32:08,12.954892929954466,77.57371817071058,Rain
4,2025-10-09 00:53:17,26.860864643943113,80.94846883645644,Cloudy
1,2025-06-03 11:59:53,12.965494462300015,77.56843997613628,Cloudy
2,2023-03-15 03:55:22,22.555779895537913,88.29827877775834,Clear
1,2023-12-31 22:19:36,28.617133351064965,77.19501062282075,Clear
4,2022-07-01 01:21:32,28.645886140953408,77.24247737665446,Cloudy
3,2023-11-06 15:38:24,22.609287138868638,88.3345638231184,Cloudy
1,2025-08-23 12:00:14,19.061170824908128,72.86057953386856,Rain
3,2022-06-06 14:17:58,28.65859440706721,77.19340131410345,Cloudy
3,2024-05-10 14:22:53,19.087809037461362,72.81568858273388,Heavy Rain
3,2023-04-02 04:46:37,28.502294912749115,76.9681950148179,Clear
1,2025-03-09 01:21:43,19.11470325561945,72.86785996958949,Rain
3,2023-05-30 04:33:52,28.544523514683924,77.3869725218291,Clear
2,2023-07-05 09:32:23,28.567700034458024,77.40386794413762,Cloudy
1,2025-02-07 16:03:27,26.80624315761514,80.93683204804981,Clear
1,2024-10-23 17:37:14,28.515144673287047,77.36105653092208,Clear
3,2025-11-04 19:42:46,19.09948591039861,72.88925524822872,Rain
2,2024-09-08 23:32:23,22.582329385407665,88.33423841383022,Rain
1,2023-11-02 12:29:55,19.08556589373548,72.83554845604874,Clear
2,2024-02-07 18:47:19,22.640355135898822,88.36865495655482,Clear
1,2022-02-16 16:09:38,28.49779916108445,77.41421840670967,Clear
3,2025-11-22 22:44:50,28.65569164442819,77.22235045338617,Snow
1,2024-07-04 18:04:14,12.95825669494545,77.58734934088172,Clear
1,2023-01-04 13:55:37,26.81497222766735,80.92081309857149,Cloudy
2,2025-04-03 18:02:27,17.417560209825137,78.48272305729182,Clear
2,2022-10-30 16:42:12,19.07703851387421,72.85353151909625,Clear
1,2022-03-24 22:22:21,17.33180461869186,78.48476122660811,Cloudy
2,2024-06-12 15:35:34,28.606160512023006,77.21531963283691,Rain
1,2025-07-13 06:33:22,28.555992136178055,77.22589970610119,Clear
2,2024-07-19 08:17:00,22.57559581463806,88.35415694613373,Cloudy
2,2025-04-02 14:08:37,13.040821973314719,80.18564571684955,Rain
3,2022-07-16 11:12:51,28.57412823218954,77.22954648484237,Snow
1,2025-08-30 10:18:51,28.596426333492687,77.14343659608633,Clear
2,2023-03-14 20:32:53,12.97042451083315,77.64002208348269,Clear
4,2022-07-16 13:48:11,26.79482585703481,80.9134034360183,Snow
2,2024-01-31 08:09:07,22.554540665372784,88.37849055719066,Clear
4,2022-02-21 07:30:22,28.602638655360344,77.20786316374553,Snow
1,2025-06-27 02:26:03,28.641611084590306,77.18898340025666,Clear
1,2025-02-09 10:21:22,28.478273622659664,76.96810984923216,Clear
1,2024-02-22 03:03:28,28.632171593768565,77.22406083475774,Windy
3,2022-01-23 08:04:50,12.89834121484381,77.58828465126273,Windy
2,2022-02-12 13:47:22,28.497803817473116,77.05710517758044,Clear
4,2024-11-16 18:12:31,28.46751002999969,77.4735864990685,Snow
1,2024-04-10 01:53:37,26.853519358664496,80.92180223805198,Clear
3,2025-05-11 08:45:58,28.491726266385733,77.04455721700548,Clear
1,2025-03-21 11:31:28,28.493995168476637,77.42012322064309,Clear
3,2024-10-08 23:45:55,28.504562696756008,77.39600797279599,Cloudy
1,2025-05-01 15:51:13,19.062423716127302,72.8906288201357,Heavy Rain
2,2022-12-02 00:51:45,28.58718638054471,77.36574322330698,Heavy Rain
1,2023-03-16 01:12:31,28.535260110178445,77.43014642940052,Clear
3,2025-06-28 14:19:28,22.607792336210725,88.39309096490543,Windy
1,2023-11-23 09:47:00,28.44606139292878,77.0310918659521,Clear
1,2024-10-08 14:29:52,19.066157874160904,72.88201966967254,Clear
2,2024-09-11 23:05:29,19.0474431662698,72.83732027867295,Clear
1,2023-06-14 14:31:23,26.776005255153265,80.90629710896418,Clear
1,2025-11-21 15:54:33,19.06943663539849,72.95318640710184,Rain
3,2025-12-30 21:57:58,28.516480284957822,77.43523495786837,Clear
2,2023-07-14 18:21:52,17.430043155014076,78.48234080321097,Clear
1,2025-06-14 08:43:57,19.106598405923165,72.87729364599407,Clear
3,2023-05-24 07:05:02,13.110688258037166,80.25015770880943,Fog
2,2024-06-21 11:12:15,28.610823354336837,77.21537904552538,Rain
4,2022-10-19 23:16:42,28.526441521532746,77.38840802121746,Clear
3,2023-09-08 10:48:01,28.468664603148106,77.36333840164056,Cloudy
2,2023-05-13 19:31:08,26.860289598922424,81.05049490808581,Cloudy
1,2023-09-28 21:37:48,28.553663350602964,77.17461543158318,Fog
2,2023-09-27 07:24:44,28.510904552710045,77.39161746330574,Clear
2,2025-07-23 11:20:26,19.065535560091988,72.92721940477608,Heavy Rain
1,2024-08-26 12:03:09,22.636783865515,88.38138252789392,Clear
2,2023-07-26 14:32:05,28.457889690995056,77.04799519015334,Cloudy
3,2025-07-02 04:42:49,13.019861893505059,77.60488253408961,Cloudy
3,2022-03-04 13:22:56,13.106047291545494,80.21662302574077,Clear
2,2024-11-20 09:31:27,13.029571287773125,77.66196959232933,Clear
3,2025-03-20 08:25:01,22.600197463157286,88.36533783024332,Clear
2,2025-03-12 06:18:10,28.397610777167447,77.04705710760267,Cloudy
1,2024-05-27 21:06:19,19.045753977228912,72.8781429062452,Fog
1,2025-01-11 10:21:39,19.130903867159446,72.89894197986006,Clear
2,2022-03-11 18:22:42,28.521457677770936,77.41583598177843,Clear
3,2023-01-26 10:23:55,22.589838320617226,88.37537365505356,Snow
1,2023-01-01 01:30:23,28.648758422487926,77.23476796058078,Clear
3,2025-08-25 10:19:21,28.552106754887948,77.23628753483266,Clear
4,2024-06-22 07:13:59,28.592995237245383,77.23058027733076,Cloudy
3,2023-09-19 13:38:20,26.876504184734255,80.9675205864112,Clear
3,2023-08-22 22:59:28,25.44785557305227,81.88764275719772,Clear
3,2024-05-03 07:20:02,19.115667179776114,72.81869177796258,Clear
3,2025-12-16 08:22:03,19.10575859317791,72.86121104417431,Clear
1,2024-04-16 02:13:54,28.610141748355648,77.2651987285329,Clear
1,2025-05-24 11:01:54,19.04070484428141,72.82415878657486,Clear
2,2022-03-31 00:08:50,28.541969151092566,77.43266886445305,Rain
2,2022-02-02 08:28:39,19.087007981033096,72.88300856150305,Snow
1,2023-02-17 06:59:28,17.438877478291026,78.50199561677258,Clear
1,2024-08-01 18:41:51,28.407585585334303,77.0228556029816,Clear
2,2025-01-22 14:43:54,13.006062952934817,77.62203381920114,Heavy Rain
2,2025-01-22 22:33:56,25.392595801978338,81.79122978063533,Clear
1,2024-12-23 23:54:36,26.859649807752962,80.96672792766384,Clear
2,2023-09-06 12:19:27,28.64640979361176,77.1653784682788,Cloudy
2,2023-08-17 15:45:17,17.38858674687116,78.43027361772694,Clear
1,2022-07-18 20:58:43,25.437211242375884,81.8895995747726,Snow
4,2024-08-16 12:45:52,28.585416522532487,77.2153163849641,Rain
2,2024-05-14 15:07:31,28.638344879703453,77.22510691884305,Clear
3,2023-04-12 14:49:32,28.483136657801193,77.26867341721291,Rain
2,2023-10-23 12:23:10,28.46895295439717,77.0646832362123,Cloudy
3,2025-02-13 21:03:39,22.570331676125363,88.37108147117577,Clear
3,2022-02-27 17:16:44,28.5681704142859,77.37970234295396,Cloudy
2,2025-09-18 05:53:11,22.523581716313927,88.41633175995878,Rain
4,2024-03-09 20:02:16,25.417441214134996,81.8617568773735,Clear
3,2025-08-31 04:40:09,28.630736950344964,77.2080796329697,Clear
1,2025-07-13 20:09:16,17.404744092424007,78.49899095499666,Clear
1,2025-10-19 03:57:01,19.18438434298202,72.82277252800462,Clear
2,2025-08-24 20:53:02,13.089870250783,80.28739901547362,Cloudy
1,2025-10-23 02:49:43,17.419688250680935,78.45393886204332,Clear
3,2022-08-25 01:49:52,13.102373229172892,80.28435602675081,Cloudy
2,2022-07-28 00:07:44,25.41019759040687,81.8216077613771,Fog
2,2024-11-19 12:11:16,19.004163805234832,72.92182939357872,Cloudy
4,2022-11-17 21:11:28,13.009238669404574,77.63346749529765,Snow
2,2025-04-08 07:22:22,19.094624064696525,72.92025557467697,Rain
2,2022-12-20 17:59:43,19.102184201128818,72.87817794823431,Cloudy
1,2022-01-03 20:27:15,12.941906776864126,77.59521001335354,Heavy Rain
2,2025-12-02 18:15:14,28.559381857372088,77.42413019512507,Clear
2,2023-01-07 02:06:53,19.056612286065523,72.90322794282955,Rain
4,2023-04-12 09:50:44,12.972036824692008,77.60660445194758,Clear
1,2025-12-25 22:54:28,28.522021311810445,77.36535773362834,Clear
1,2023-01-04 19:29:26,12.970264064456176,77.62148409333507,Clear
1,2023-11-21 13:35:21,19.067896120190888,72.87703189374174,Fog
1,2025-02-01 05:16:11,19.128715849580956,72.83207846499265,Clear
1,2024-10-10 23:26:10,19.096358454069765,72.90574880133242,Windy
2,2023-03-14 11:15:49,28.6286818860746,77.15812281354486,Cloudy
3,2025-05-22 04:28:10,26.924164727130393,80.95337462015581,Heavy Rain
2,2022-03-18 21:23:27,12.99837595183041,77.61877945494501,Clear
2,2022-06-24 17:03:55,17.404459896805,78.47588973792993,Snow
2,2024-08-09 21:54:36,28.605819756108072,77.15619866909671,Clear
1,2023-05-24 19:53:25,28.551586911302554,77.45107891105572,Clear
3,2022-10-02 05:53:12,28.582821297218945,77.24497593620018,Rain
1,2023-06-04 23:03:31,12.964483860010388,77.63387711666527,Clear
2,2024-02-21 06:44:33,25.41747100635631,81.87190853143173,Clear
2,2023-05-05 07:16:07,28.48998658526008,76.94323030544022,Windy
2,2025-08-06 22:41:09,26.79314541749398,80.88546412537426,Fog
2,2024-12-01 17:29:28,26.877535467150782,80.98420714440275,Clear
4,2025-08-27 12:47:33,28.582033698538968,77.37037018059796,Fog
3,2022-12-24 04:59:36,28.612689972107997,77.19110591897457,Clear
3,2025-02-26 02:25:58,28.680921657674244,77.17111456346768,Fog
3,2025-12-13 01:30:22,17.435085692304387,78.52750603588139,Clear
2,2022-05-12 10:16:06,12.969298094675496,77.65388850292541,Cloudy
1,2025-05-08 12:15:58,25.456082455816023,81.83705267502519,Clear
2,2022-02-20 21:13:02,19.057529255019627,72.83725242117475,Clear
1,2023-06-08 01:17:46,26.866866746261493,80.99519662044094,Cloudy
3,2022-07-25 21:40:55,28.483424840377825,77.35161848643942,Cloudy
3,2025-06-29 08:53:32,13.17049071955698,80.33394006094514,Rain
1,2022-05-01 12:54:38,19.05225828797326,72.85620497640635,Cloudy
3,2023-10-19 06:23:56,22.535201773607117,88.37598949635753,Heavy Rain
3,2022-11-13 21:52:57,28.494492285283112,77.01917844906716,Clear
1,2024-04-29 05:34:02,28.41546486451363,77.02978923602667,Rain
1,2023-03-05 20:53:20,28.5642212616568,77.35690414001398,Clear
1,2025-11-20 12:34:36,28.65244268532547,77.1795472389381,Clear
3,2024-08-20 02:45:40,26.85765029780218,80.94850081810166,Clear
4,2024-05-06 12:30:14,28.650500329978865,77.41533081061664,Clear
2,2023-11-09 06:51:43,28.521270579865835,77.02431881315772,Heavy Rain
3,2025-03-08 22:47:31,28.447982900001954,77.04007497162338,Fog
1,2025-02-15 10:58:45,17.38352383627262,78.51256915284706,Cloudy
1,2025-01-10 18:08:08,28.595881311816093,77.25584329663174,Fog
1,2025-11-03 19:19:09,19.08523366799878,72.88613766275812,Clear
1,2025-03-03 19:22:13,28.487176575928135,77.0258289474619,Clear
2,2023-02-03 19:21:55,17.276699876281803,78.47104714741128,Clear
1,2022-02-21 20:26:29,12.944029714835708,77.60252022935352,Clear
2,2022-05-28 04:15:37,19.08801796224284,72.9041426717263,Fog
3,2022-12-04 04:33:05,28.639027598503795,77.2794939803176,Snow
1,2024-10-23 06:48:32,28.509016033677593,77.02430648095789,Cloudy
1,2024-08-28 04:12:13,22.60708270604832,88.3149575023939,Cloudy
4,2022-12-23 23:49:28,28.598673158991748,77.15726992106435,Rain
1,2025-09-24 17:37:04,28.660577349665093,77.24895091024125,Clear
1,2022-11-15 07:09:24,28.56310707953846,77.17665060590917,Snow
2,2022-12-11 12:04:48,13.078080668544427,80.27638553668214,Windy
1,2025-04-10 23:52:01,28.46057970334687,77.11329251968033,Clear
2,2025-12-28 04:43:25,28.507645893750645,77.01245666408587,Clear
1,2023-03-28 23:50:48,28.60124433369476,77.19130203026376,Cloudy
2,2023-05-25 22:13:40,26.807186285720338,81.02995543031685,Clear
2,2022-04-07 03:36:48,28.525073662933977,77.41264012561588,Clear
2,2024-11-10 07:01:26,22.54674496570602,88.34499513361878,Clear
2,2023-08-16 02:02:43,19.080547161654394,72.88397893137132,Fog
4,2022-08-16 22:36:53,22.54161357487237,88.33685770886214,Clear
1,2025-01-19 02:46:37,12.987456387980023,77.63215913093798,Cloudy
1,2022-12-02 10:49:00,28.60392742134749,77.24751371384194,Fog
2,2025-06-14 03:11:40,26.819135699577995,80.92975147443894,Clear
1,2022-10-17 05:45:07,26.79188071215165,80.96412261867064,Clear
1,2022-05-12 05:36:24,28.550035341843888,77.36701578420355,Clear
1,2024-06-17 20:23:52,19.108700910818477,72.86256595844527,Windy
1,2025-12-01 05:00:02,26.885462473404132,80.99189759466441,Fog
3,2022-01-30 22:53:18,26.82493820093439,80.9428535441806,Clear
2,2024-12-11 20:40:08,25.42786682286966,81.86902017023746,Clear
1,2022-03-26 01:18:22,19.049177658675724,72.87494240599719,Cloudy
3,2025-04-19 19:16:28,26.8295071454884,80.96980767616043,Rain
1,2024-10-21 21:19:27,28.548828864354327,77.41543005556288,Clear
1,2023-05-16 19:19:29,28.659619816650487,77.16605795132968,Cloudy
1,2022-04-20 16:28:28,28.545725908987254,77.39501957815973,Cloudy
3,2025-01-25 00:37:09,17.3870980011289,78.47758290135152,Clear
2,2023-07-05 19:41:43,26.832261973273674,80.95731782284142,Cloudy
3,2024-01-15 12:54:08,28.44394321645428,76.99699129385797,Cloudy
3,2024-08-03 04:05:49,26.796907828577496,81.0320878535524,Clear
1,2022-02-10 13:36:14,19.104932812910135,72.82746209105336,Clear
1,2025-03-24 15:31:22,26.863502226626643,80.99461180803654,Clear
2,2024-01-15 22:18:13,25.436061234369376,81.80460470629403,Cloudy
1,2024-03-28 08:11:13,12.932877954502302,77.59815795165481,Clear
3,2023-08-16 06:47:17,26.864008287221704,80.90663178403885,Windy
3,2024-07-28 03:28:30,28.40409646729748,76.99975634376263,Clear
2,2022-07-22 18:05:18,26.795082139062636,80.91590530107614,Windy
3,2022-11-05 22:41:20,28.451709877547128,76.96773109256051,Clear
1,2023-02-05 08:51:40,28.61183955506652,77.19926409992561,Rain
4,2022-08-05 09:46:33,25.376046560267813,81.94229788115295,Rain
2,2023-05-04 03:14:31,28.450427236544854,77.03095346684177,Clear
1,2024-06-14 13:05:17,25.434458665750594,81.8749568089797,Fog
2,2024-02-06 00:51:26,13.105690312215833,80.26203359622455,Windy
1,2024-05-25 15:13:09,26.899490876206162,80.91119053170281,Cloudy
1,2023-10-13 08:33:10,26.88535671963431,80.94174944910938,Clear
2,2023-02-01 04:36:35,26.87139419976786,80.95164337631543,Fog
3,2025-10-15 19:15:57,13.016801411117289,77.60534510710019,Clear
4,2024-12-15 11:03:47,19.067219053714616,72.88602502769099,Windy
3,2023-08-03 02:17:10,22.56861613296924,88.37905405248152,Heavy Rain
1,2025-05-06 23:12:58,28.64602188692283,77.19813613522336,Fog
2,2022-06-21 17:21:29,26.87273403721037,80.97001060122213,Clear
2,2025-11-03 16:33:18,28.582141739019175,77.20682191300597,Clear
1,2023-05-28 02:10:14,25.50320745621758,81.86323691798329,Clear
1,2025-08-13 11:04:57,28.565587807619313,77.19447451693712,Cloudy
1,2022-12-28 05:29:53,28.464285642955502,76.9958030308347,Clear
3,2022-05-12 23:44:34,26.848677371949645,81.03339369155026,Windy
2,2023-07-05 15:25:07,28.499696124029615,77.44722604287925,Heavy Rain
1,2024-11-17 08:52:27,26.824128644947447,80.92066970329034,Rain
1,2022-03-03 16:55:02,26.799628962672656,80.87120480537605,Cloudy
3,2024-04-29 03:51:58,25.421791520097383,81.91247941470137,Clear
4,2022-07-06 01:46:33,26.850660600398747,80.97401244212509,Cloudy
2,2024-12-14 03:40:56,12.981432497393174,77.62291460132302,Heavy Rain
2,2024-10-15 11:54:31,22.56298746877218,88.34789735112383,Clear
1,2024-04-26 18:37:49,26.813993012809167,80.99433126701626,Windy
1,2025-12-16 06:39:28,12.867817631454013,77.64106441277482,Clear
1,2023-12-31 12:22:06,17.446983514367172,78.53680725954283,Clear
2,2024-12-10 02:48:40,28.479910719979546,77.32558810077353,Fog
3,2023-10-06 16:09:34,19.119150337698535,72.8612968821682,Clear
4,2025-01-24 09:25:50,26.84567269042595,80.96003575384273,Heavy Rain
2,2023-01-13 10:48:43,22.591657962784996,88.36788977562871,Clear
3,2024-01-02 09:23:19,28.573981231998847,77.3786918935658,Clear
2,2024-01-11 08:50:26,28.585080433817062,77.40161873313193,Clear
3,2023-04-06 09:07:49,28.607518985474908,77.2127252395751,Rain
2,2024-05-29 16:11:35,17.40465507146999,78.4797465803162,Cloudy
3,2022-01-26 16:03:19,19.056134407575534,72.88621688478425,Clear
3,2024-04-16 00:01:47,28.577618154358465,77.23481807392022,Clear
1,2022-10-10 17:10:46,28.42157412093646,77.06294351130059,Windy
2,2023-07-04 13:07:09,12.97040101133136,77.5917184307494,Clear
3,2022-02-24 06:47:28,26.824368944202167,80.95608234323929,Fog
4,2024-01-08 03:05:39,22.561154731807186,88.34674669389769,Heavy Rain
1,2023-12-25 08:05:06,19.065115998672987,72.89178806734074,Clear
3,2025-05-19 20:38:46,25.40943686331674,81.83087229063958,Clear
1,2024-04-14 06:18:52,28.410675388549677,77.08921811440266,Cloudy
1,2024-04-09 02:44:37,13.014364221710194,77.62004898171685,Clear
1,2024-09-12 08:25:52,22.512192854314062,88.3005961800987,Rain
2,2022-01-20 16:16:19,28.61584179715679,77.2175015889249,Clear
3,2023-10-21 17:14:19,19.08151142348171,72.84686665957832,Clear
2,2024-09-16 00:00:57,22.54645093086386,88.30719669812818,Clear
3,2025-01-20 04:41:16,22.57701895554499,88.3424499701864,Cloudy
2,2022-12-08 14:29:10,28.6259967120628,77.2068268955625,Cloudy
3,2023-07-20 01:53:51,28.530129517143955,77.39787586828488,Clear
1,2025-11-22 15:26:42,26.885803049920685,80.96610221042471,Clear
1,2025-04-26 15:10:35,28.62423183788556,77.2228208521501,Clear
4,2025-06-23 05:57:10,12.95773176414758,77.59140028733108,Fog
3,2025-05-30 04:13:39,28.51258305785316,77.3731287025246,Heavy Rain
2,2023-06-10 20:58:11,28.569626541915298,77.36986906173918,Cloudy
1,2023-07-08 02:12:38,28.60451195226311,77.31395569369259,Cloudy
2,2023-09-23 05:41:55,13.100243718038254,80.28947707044925,Clear
3,2024-05-11 06:11:37,28.563472095173474,77.40373619767526,Clear
1,2024-04-03 23:14:15,26.870302872497692,80.94568755261689,Clear
3,2025-04-17 10:50:36,26.845274587243917,80.93315513933831,Heavy Rain
3,2023-04-25 09:57:28,25.458302596634795,81.84181407904067,Rain
4,2024-04-19 04:01:45,28.513663002935427,77.36222991179598,Clear
1,2024-03-16 01:51:51,28.566803022858515,77.24230432273278,Rain
3,2022-06-01 17:17:49,17.32394134889879,78.46254033183669,Cloudy
1,2025-04-02 18:46:22,13.090101063076812,80.29789637432289,Rain
2,2022-10-28 18:48:53,25.474961929509753,81.92404211879952,Clear
2,2023-06-29 02:45:57,25.461916091879502,81.84860520732119,Windy
1,2024-09-15 22:12:57,28.585776416350054,77.30536303287812,Clear
1,2023-07-02 23:48:28,13.00863476393986,77.58365979011118,Rain
2,2025-02-20 09:26:41,28.552753243366343,77.37961025550196,Rain
2,2023-11-30 19:38:31,28.480525460585085,76.9610018100456,Fog
2,2023-10-18 01:51:54,28.670266965736314,77.23747914884643,Clear
3,2025-07-27 12:53:26,19.082466902758718,72.869022939099,Clear
1,2023-02-02 13:56:31,26.87142423130286,80.93756991304075,Clear
1,2023-12-31 06:00:03,28.65971462934052,77.1561176403364,Cloudy
2,2022-08-29 02:39:52,28.547788195208685,77.43916811897225,Clear
4,2025-02-23 16:31:20,25.420455042147466,81.86770605465424,Fog
1,2025-01-09 23:06:11,28.461685109616457,77.03848350755915,Clear
4,2022-09-12 09:07:59,17.38864466858075,78.51877151337035,Clear
1,2022-01-12 07:01:11,28.524810397298914,77.44064389039802,Clear
2,2025-08-15 21:35:07,22.555258071161525,88.40468639597282,Clear
1,2024-08-13 07:36:57,28.498174902063152,77.0133864098004,Rain
2,2025-02-10 16:23:15,25.411039615931575,81.9236449483012,Clear
2,2025-06-07 03:44:15,19.088541692491894,72.80319728064185,Windy
4,2024-05-11 10:46:56,22.553331311112977,88.34231444615153,Heavy Rain
4,2023-12-04 04:38:06,19.156558619821777,72.85099127762942,Clear
2,2022-01-22 12:06:52,25.395574339791345,81.88239955672519,Fog
3,2025-08-23 16:40:32,17.36231536481393,78.41979252261783,Windy
2,2025-03-01 15:29:11,13.013891315008154,77.60316746168613,Clear
2,2025-08-05 00:51:29,28.608331966747098,77.23569914245861,Rain
2,2023-03-11 20:03:39,28.513859592123875,77.08864841034423,Cloudy
1,2023-12-31 01:30:40,17.370260441781962,78.50237757564705,Clear
1,2022-01-09 05:37:06,13.095376451273665,80.25232876020273,Clear
1,2023-09-24 23:33:43,19.112591537516312,72.88164377711873,Clear
2,2023-08-20 08:53:53,28.644378614315222,77.23502287346172,Fog
4,2024-11-17 02:36:33,12.933126300485172,77.6199922050292,Clear
3,2022-12-24 22:15:59,17.377992416672793,78.5106195135746,Clear
1,2022-06-14 01:01:12,28.615036871916363,77.17534670594348,Cloudy
3,2023-08-25 14:09:22,25.41626533591199,81.88110325558472,Cloudy
3,2022-06-13 23:19:37,26.853729394353838,80.94576490267364,Clear
2,2022-09-22 06:02:42,12.987223098566549,77.57219193265863,Rain
1,2024-04-19 21:45:06,19.074967234048334,72.92892024789914,Cloudy
2,2025-12-24 01:10:03,12.934123596828153,77.62841324993747,Windy
1,2022-08-16 23:37:35,28.540006730772195,77.4150884332789,Cloudy
1,2023-03-10 05:43:22,28.499841818084324,77.36248600213669,Heavy Rain
2,2025-07-09 06:06:08,12.988628665597279,77.58980294146052,Clear
3,2024-08-30 18:32:52,19.050689104640973,72.89053121864549,Clear
3,2023-10-03 15:03:39,22.553726966212366,88.38161974650207,Fog
2,2022-08-08 03:50:31,28.50652412773177,77.00476993877793,Rain
1,2022-10-05 05:56:21,28.580104874782656,77.20525054739903,Cloudy
3,2024-11-13 22:34:25,19.11489746644606,72.913247635655,Clear
2,2024-12-10 04:10:43,19.088549406096146,72.86340251686454,Cloudy
3,2023-08-30 21:43:59,28.664625819300404,77.20785065772705,Rain
1,2025-05-08 19:57:32,19.083001182555932,72.87535464853963,Snow
3,2022-02-05 02:57:24,28.622489340961998,77.24593779413628,Cloudy
1,2022-11-10 06:44:02,26.86246441859753,80.92766371301506,Clear
2,2024-05-06 02:44:44,28.488888838046062,77.42393732930083,Rain
1,2022-06-02 06:11:48,12.972774867682416,77.6327282942654,Cloudy
1,2022-08-10 19:43:46,17.322936649760816,78.4498030340276,Clear
2,2023-01-11 22:12:47,28.684700314142837,77.21839875755856,Clear
2,2023-06-25 05:38:33,19.091841841049305,72.88432669126631,Heavy Rain
3,2024-03-17 16:38:17,26.8689809432128,80.9663161425194,Rain
3,2022-06-18 04:24:29,25.46123883860633,81.8965055809372,Rain
1,2022-11-29 07:07:20,22.569401655885024,88.39471684553199,Clear
1,2022-11-26 11:06:56,19.120856388903405,72.86423918065547,Clear
1,2025-10-25 19:39:37,28.40171313117283,77.04112753783947,Clear
2,2023-12-12 18:24:00,26.894201448644097,80.93271487087361,Clear
2,2025-02-20 10:30:28,28.47366616268604,76.9976237496422,Cloudy
3,2023-04-12 12:35:45,22.531790903501186,88.3674941680862,Cloudy
1,2024-12-01 19:25:12,26.866745386176543,80.90661185891909,Rain
2,2024-07-16 00:26:22,28.554763316455354,77.33205213208645,Cloudy
4,2023-09-17 09:07:17,28.58936186745184,77.19744878738122,Heavy Rain
1,2022-11-07 09:59:01,26.880846394676162,80.94229868710272,Clear
2,2025-10-12 20:26:08,26.81542466612077,81.00174148799616,Clear
2,2023-09-08 14:25:51,28.557983309479106,77.26115481327349,Clear
2,2024-04-17 19:07:08,28.43331748684874,77.02400117623775,Fog
4,2024-11-15 11:26:15,13.020682692870759,77.6975963426102,Clear
3,2023-11-08 10:25:45,12.975506380003564,77.56209329498422,Clear
3,2023-03-04 13:33:16,28.53698746481583,77.25340498631019,Cloudy
2,2023-09-21 07:08:58,28.588684072526373,77.2233975170903,Cloudy
3,2022-04-15 07:59:09,22.613911124371217,88.32021962938872,Fog
1,2022-02-01 20:56:29,28.48586252625996,76.98757230365565,Clear
1,2024-12-13 05:31:08,25.432573907198133,81.81922221808463,Cloudy
1,2024-09-12 22:04:09,28.51669925081641,77.33906679507383,Clear
1,2025-01-27 12:46:49,28.467195454983088,77.02264603334179,Clear
1,2022-12-01 10:29:26,12.966580187423938,77.59345704336909,Clear
2,2024-12-02 03:14:17,26.799625466598705,80.98409945018707,Rain
1,2023-05-21 17:35:58,19.03867482837272,72.86424361605552,Clear
2,2023-11-25 04:46:03,28.555636690524107,77.21936881761616,Clear
1,2023-01-10 07:34:54,28.5747338458265,77.41919511459822,Clear
3,2024-10-26 06:26:54,25.41566847426248,81.8458834711917,Clear
1,2022-08-10 02:31:19,28.652209685911483,77.25227713292645,Cloudy
3,2024-07-04 21:01:21,25.435911929671537,81.82792991888864,Fog
2,2023-07-07 21:37:57,26.869482606787496,80.99456822625369,Clear
1,2025-11-07 09:49:01,28.45655386361306,77.02286611654274,Clear
2,2024-03-09 17:52:11,19.103875062832476,72.9359395197933,Clear
2,2025-07-23 16:07:48,28.576293803177542,77.22976098468493,Clear
2,2023-08-25 18:09:47,28.468778748307926,77.01048168025936,Clear
2,2023-12-23 04:57:14,28.61580765476209,77.16506038524659,Rain
1,2023-06-20 20:57:49,25.402222576377316,81.80493015673358,Clear
2,2022-12-14 02:34:34,17.38922221663127,78.52324087953048,Clear
2,2024-03-16 00:52:07,28.609798383807743,77.13812372899216,Clear
2,2023-08-29 10:48:14,26.85065471186523,80.91357540747103,Clear
3,2023-07-01 06:20:10,26.90737044687845,80.95439679530244,Clear
1,2022-12-19 06:41:38,12.97269961157133,77.60037848430227,Heavy Rain
3,2025-05-08 17:38:27,19.080883811417905,72.87549386515877,Clear
4,2022-04-02 23:08:50,22.6040664536493,88.44779583713704,Clear
3,2022-08-27 19:13:16,28.58242813663832,77.2476475082287,Clear
1,2024-02-09 15:24:28,13.093807692163939,80.27613361182205,Cloudy
1,2023-10-08 00:40:24,12.978395585849325,77.56248564785803,Windy
3,2024-11-21 08:34:40,17.4227994109372,78.44497099068522,Clear
1,2024-08-08 10:11:53,17.37006901272999,78.48233486446172,Rain
2,2025-02-11 23:57:59,28.549068012391157,77.21764799794906,Clear
4,2022-11-26 11:37:54,28.618537783389478,77.14562201475881,Snow
1,2023-08-03 14:15:42,28.646910572035008,77.20868951736986,Clear
1,2023-08-22 00:46:58,19.122997193754806,72.86823231435663,Clear
2,2025-02-08 19:58:13,25.422228367701432,81.81557779427474,Clear
2,2024-09-11 03:11:53,28.53111887778968,77.46349099558867,Cloudy
1,2024-10-19 22:59:28,12.934966687947892,77.60566365585872,Clear
3,2022-04-04 08:09:38,22.627486989168464,88.37608773864504,Fog
1,2023-07-01 20:26:50,13.128722796586912,80.24015578224301,Cloudy
3,2024-10-06 03:14:04,26.90154425965795,81.05598401169128,Clear
1,2025-12-01 15:45:46,17.38181777189067,78.53899018366977,Snow
1,2025-06-14 04:34:37,13.08411076947656,80.3020225521548,Clear
2,2025-12-14 06:56:14,25.376044292039076,81.79574650699256,Rain
2,2023-11-12 16:37:40,25.442977715299435,81.85715641263378,Clear
2,2022-05-23 10:08:48,28.58289227760872,77.23617027567616,Snow
2,2022-02-06 18:43:21,26.90952425226506,80.98435422174121,Clear
1,2024-06-24 14:53:06,28.46276584783213,77.00956566279096,Clear
1,2022-08-25 22:25:40,17.406233327972146,78.5724659506946,Clear
2,2023-10-27 12:30:00,17.277110323869987,78.50075003807785,Windy
2,2023-10-10 05:47:07,19.083193444937578,72.91533344574366,Clear
3,2022-07-14 16:23:29,19.04257958214456,72.82377347670896,Fog
1,2024-06-17 15:49:42,28.475430123333233,77.05364549322718,Clear
2,2024-08-23 03:21:30,13.005202130614554,77.60509286600505,Rain
1,2023-11-29 22:11:52,28.478288261422872,76.98286522808266,Clear
2,2025-03-05 14:51:22,13.087899176625744,80.26013934311145,Clear
2,2025-05-06 11:59:06,17.398841430401596,78.52913718304286,Clear
2,2024-09-14 00:24:07,26.87077173469966,80.98103560151853,Clear
3,2024-04-11 07:02:36,17.32881903451455,78.4547821018616,Clear
2,2022-09-23 12:51:02,26.83964126903711,80.90089526599446,Clear
2,2023-03-15 16:17:34,28.63733034300399,77.20507557447361,Windy
2,2022-05-02 04:42:49,26.90256372803595,80.95479031679027,Clear
1,2024-12-23 04:59:33,28.589423839436016,77.1670751189136,Clear
2,2022-11-09 04:40:44,12.951755826314852,77.62799575799669,Cloudy
1,2024-03-26 03:09:09,26.8934286616044,80.9790513877519,Cloudy
4,2024-03-05 21:21:18,25.415336834246403,81.89696091913211,Clear
1,2024-07-23 07:09:13,28.500749595311746,77.37177664713407,Rain
4,2025-01-18 18:18:24,19.080743130097712,72.86990381253969,Cloudy
2,2024-06-26 07:46:27,19.126998563917958,72.8383634606277,Clear
4,2023-11-01 02:02:02,25.46325008440047,81.80909603610577,Clear
2,2024-02-16 11:09:52,26.823656604872085,80.92539237064179,Clear
2,2024-03-02 14:40:37,28.474917307365715,77.02397405498611,Rain
3,2025-04-04 02:06:24,28.67633699693641,77.17764105114672,Heavy Rain
1,2023-04-16 15:07:05,26.82654559257307,80.93353651041704,Clear
4,2022-03-21 09:52:50,13.027927942654399,80.3187327380843,Clear
1,2024-03-04 03:08:40,18.996438972910862,72.88133402322615,Clear
1,2024-10-25 15:01:07,25.484834329739257,81.80449812923833,Rain
2,2022-09-19 19:28:52,19.030434415184452,72.91109151940123,Clear
3,2025-06-09 01:44:00,26.91501751813311,80.94892780537954,Clear
3,2023-07-02 09:35:59,25.467532693503326,81.8561101952188,Rain
2,2024-10-15 16:02:57,28.62000088512343,77.20100885508913,Clear
1,2022-05-29 23:42:22,28.598621979785708,77.24650881308618,Clear
3,2025-03-26 03:46:33,28.68084408470249,77.16263039766736,Clear
3,2025-12-19 00:05:33,22.576696436245346,88.37243394243158,Clear
1,2022-04-25 04:03:00,25.446534244486468,81.83437819320702,Cloudy
1,2023-07-02 01:02:05,19.06806902925949,72.88152679162592,Cloudy
2,2022-05-12 20:03:25,22.629155537154283,88.33012873449347,Windy
1,2023-08-17 08:35:50,19.065914740815213,72.88296660745709,Rain
2,2024-07-11 16:08:02,19.06714919769776,72.79224025545842,Rain
1,2024-07-29 14:56:05,22.59724179304885,88.30221155110293,Windy
3,2025-12-22 06:38:48,28.691181611664025,77.21338930378165,Clear
1,2024-01-25 05:06:37,28.596631842537594,77.17461621661144,Clear
1,2023-08-26 04:57:41,19.045131373250648,72.8272049824899,Cloudy
2,2022-11-28 06:10:49,13.09660914115104,80.29101476790338,Clear
2,2025-09-01 07:53:20,26.84478520350611,80.99049262212901,Heavy Rain
4,2025-02-08 14:24:22,13.062992683007172,80.30997496068719,Clear
3,2024-01-31 12:43:30,17.39885699773353,78.4825989798259,Clear
3,2025-11-25 03:53:21,13.018932689107416,77.5118300619523,Clear
3,2024-01-25 07:44:39,28.483972435353518,76.97033255413169,Cloudy
3,2023-05-13 19:52:33,28.667759655166428,77.24089417990632,Cloudy
2,2022-07-12 00:05:07,26.85137478954376,80.969848255864,Clear
1,2022-10-19 15:59:23,13.081544115769816,80.25307224088687,Rain
2,2022-08-27 18:11:53,22.60738090920038,88.3550419605645,Clear
2,2025-05-30 00:02:37,19.1084790738097,72.87240289928728,Rain
1,2023-07-25 11:37:53,28.463025753284246,77.10281439660383,Windy
2,2024-01-02 21:35:29,28.643491118654104,77.14583889817138,Heavy Rain
1,2024-03-16 03:14:00,12.936899520046135,77.56381377917926,Rain
3,2025-11-13 08:06:18,22.565011053242227,88.35365347284296,Clear
2,2025-01-29 09:40:02,19.116424914618957,72.8844781617581,Snow
2,2023-06-09 20:33:09,26.852886729499026,80.93640312993904,Rain
2,2023-02-15 08:32:02,13.077102024809541,80.25142617036701,Clear
4,2023-09-16 17:05:19,25.465634310722937,81.86003917353331,Heavy Rain
4,2024-08-31 11:32:27,28.60138775034549,77.2366685347199,Clear
2,2022-12-18 17:30:54,13.018679101076414,77.57353359936735,Clear
2,2024-07-16 03:44:32,28.53726493674488,77.43517972617352,Clear
1,2024-08-08 17:04:33,13.11508486624509,80.27660279786636,Clear
4,2025-03-28 09:55:10,28.545887037747946,77.4189498844362,Fog
1,2022-06-08 06:30:40,28.627502653611167,77.19959824316217,Rain
1,2025-07-17 20:33:40,28.636671381363715,77.24343744182222,Clear
2,2023-01-26 07:38:59,28.64699240566308,77.20622112665151,Clear
2,2022-05-11 19:57:29,26.85243734222577,80.92020692919797,Cloudy
3,2024-11-16 18:33:27,25.490199885456388,81.89424233856869,Clear
2,2023-03-04 06:59:35,28.476522362203863,76.99139912664141,Fog
3,2024-06-28 11:00:34,13.00684092525388,77.55799989541131,Fog
1,2025-06-06 02:50:05,12.956104902566373,77.60294953247238,Fog
2,2023-07-11 19:34:56,28.559677914419826,77.26164745152398,Rain
2,2024-06-08 13:01:50,19.030799055242955,72.836726811443,Heavy Rain
2,2024-02-16 00:00:38,26.797656109503006,80.89053494095182,Clear
3,2022-03-27 15:10:26,12.974133143046522,77.62241709134611,Clear
2,2022-09-18 04:58:19,26.86442338884708,80.9124683635681,Clear
1,2025-01-24 11:59:41,28.471593461706057,77.40372544958463,Rain
2,2022-06-09 05:28:28,13.071356182095032,80.23890354879946,Clear
1,2023-03-26 11:10:48,19.035448885771917,72.81415228584424,Rain
2,2025-03-22 18:16:52,26.83469234242405,80.9882220381343,Rain
3,2024-11-04 02:11:49,28.462869856184128,77.37104959754991,Clear
2,2024-09-27 09:40:02,25.41138180038954,81.84605640409806,Cloudy
1,2024-09-21 05:17:32,28.528949205824762,77.43566923957557,Cloudy
3,2022-10-05 09:10:35,28.582876423834136,77.39101067374918,Cloudy
3,2025-03-08 21:06:37,26.89742523499413,80.94223902730985,Fog
1,2023-04-23 18:57:21,28.58392991567189,77.16815787695201,Cloudy
3,2024-02-28 03:25:54,17.419843434208595,78.48384904042777,Clear
2,2023-07-29 02:10:25,28.58828289975504,77.40889953392578,Cloudy
3,2022-01-22 19:06:14,19.06735785853787,72.81029077635442,Cloudy
2,2022-08-19 22:44:28,28.684211829668367,77.20533128719208,Fog
2,2022-05-12 17:46:58,28.550758121336475,77.41435840860993,Fog
1,2023-04-04 05:07:07,22.58188073729613,88.34118505178344,Clear
4,2025-01-16 19:47:44,12.901344363511365,77.53342403918684,Heavy Rain
2,2025-05-07 21:26:25,25.461546299961043,81.88795135636225,Cloudy
3,2022-04-09 10:02:13,28.51732130372683,77.44811610969296,Clear
1,2023-03-13 02:03:30,25.48409073238803,81.86498431949119,Heavy Rain
1,2022-05-21 04:25:45,28.636249016104365,77.26841683228983,Rain
2,2025-07-22 11:52:26,12.942333180225354,77.58529600720236,Clear
4,2025-12-15 13:50:59,28.61437785192263,77.21780788541453,Cloudy
3,2025-08-15 06:02:36,25.37846140193169,81.83721411473668,Rain
2,2023-06-21 23:58:34,25.439024244872556,81.78293519913943,Fog
2,2025-08-26 20:56:02,26.793695507816064,80.96540451667383,Rain
1,2022-12-19 06:06:51,25.346566122934217,81.81693156221002,Clear
1,2023-10-20 15:57:16,12.991299906816,77.58977906288642,Windy
4,2023-04-14 08:53:31,28.524667153992546,77.39772014829391,Rain
1,2024-03-14 05:46:48,22.540292466128957,88.35446771855037,Clear
4,2024-06-19 11:39:42,28.41300768729705,77.03239652937839,Clear
1,2022-10-06 18:29:58,13.058418168737614,80.2826857807712,Cloudy
3,2022-05-17 05:45:52,26.805349555844792,80.94388923049189,Heavy Rain
2,2022-02-03 15:38:58,25.374993517810253,81.83337039900498,Clear
2,2023-12-19 07:57:25,28.419471504446133,77.01196968049783,Clear
1,2022-02-12 05:27:27,26.860783690915987,80.94198185689673,Rain
1,2025-11-24 18:47:42,22.62280488607557,88.32409309297864,Rain
2,2023-07-07 09:08:56,25.41312530416073,81.8566144426289,Clear
4,2022-07-07 11:56:15,22.598406291548645,88.34333920538005,Clear
1,2024-09-30 02:55:25,13.003001914329575,77.59862140247188,Clear
4,2023-08-21 18:54:50,17.396487711619336,78.46219928974726,Rain
2,2025-12-08 16:15:21,13.017005413687395,77.5918218350993,Clear
3,2022-02-19 06:57:50,25.49445715756633,81.8659266443802,Fog
2,2023-07-09 20:24:51,25.45700762330136,81.8353185069157,Fog
4,2023-08-29 00:36:10,25.408269976795477,81.85793303166284,Fog
2,2023-05-22 18:38:51,19.13949884896951,72.83673657406635,Clear
3,2025-04-27 09:19:54,17.409297386503084,78.43600141702882,Clear
2,2022-12-12 00:27:00,26.842893714200823,80.87794666939935,Cloudy
3,2023-08-04 11:14:44,17.373488867616523,78.51187646606402,Clear
4,2023-12-24 12:13:26,25.449211865292295,81.87284360495539,Clear
3,2022-03-17 23:58:49,26.850507471705125,80.9088046879954,Clear
1,2025-07-28 01:14:47,25.49359318900974,81.95263985647676,Clear
2,2022-01-07 21:09:44,26.77911284777881,80.97734825336266,Clear
1,2022-05-11 14:36:17,28.55897109026022,77.26290077650735,Cloudy
3,2023-09-03 23:27:10,28.599741972037542,77.2025293687982,Clear
3,2022-01-02 13:52:56,28.46889026266348,77.00684915370509,Fog
1,2025-07-19 23:58:19,17.40382915894393,78.45334986357948,Rain
4,2024-04-18 04:16:23,26.804854863512176,80.92301189987927,Rain
1,2022-03-15 14:44:46,25.5325521980641,81.91273409555365,Cloudy
2,2022-11-26 08:44:46,13.016606672223286,77.65688070072946,Clear
2,2025-03-27 21:06:58,25.452119494092063,81.79617000428235,Fog
1,2024-02-28 10:50:52,19.085714388955594,72.88923689359112,Snow
1,2023-06-30 20:08:22,28.489317517477676,77.05862037293343,Cloudy
2,2025-07-18 14:03:58,19.111168759211527,72.86287971958873,Rain
1,2025-08-10 03:06:54,26.868260899806167,80.95633844342484,Fog
1,2024-11-09 07:40:44,28.643059561493942,77.197177130793,Rain
1,2025-05-14 07:57:53,28.52870719536834,77.43574698226081,Rain
2,2025-06-27 03:15:15,28.47123981508251,77.37555881582222,Clear
1,2025-07-16 10:49:06,26.796822662869946,80.89824517900341,Clear
1,2022-10-20 15:59:42,28.654604330813715,77.18730451252814,Cloudy
2,2024-06-22 04:20:26,25.460072353721163,81.80498255295508,Cloudy
1,2024-10-05 11:35:17,22.571556867635202,88.38226046390666,Fog
2,2025-08-01 06:11:00,26.86929593276358,80.97083876368781,Clear
4,2024-05-25 17:11:18,12.92790149611865,77.58640091899797,Clear
2,2023-04-01 17:47:03,19.103537950724103,72.8842392683136,Clear
4,2025-09-26 06:49:51,17.431899995991667,78.47363918165243,Heavy Rain
2,2022-07-30 12:28:17,28.403917055973444,77.02636674248635,Clear
1,2023-11-05 21:23:49,26.85397434341774,80.93224927863803,Clear
2,2025-07-17 06:14:19,18.99692201906589,72.85672539326072,Cloudy
3,2024-03-12 22:05:08,12.924304835905556,77.58409549246102,Clear
1,2023-05-09 00:51:36,28.532410891945272,77.3838684170277,Clear
2,2022-01-17 13:11:05,28.513453981684954,77.40317706273423,Snow
1,2024-09-23 05:44:00,28.651926804301166,77.2246015947926,Clear
3,2022-09-24 21:17:08,19.12487629951595,72.80499941192447,Cloudy
4,2025-10-21 19:38:07,25.425842356337203,81.82401397319714,Cloudy
1,2023-06-07 01:51:06,26.795589414767676,80.95277796217515,Windy
1,2024-05-27 12:13:33,28.64174014473826,77.21002110493689,Rain
1,2023-11-22 09:34:35,28.636812469748858,77.19511563370122,Clear
3,2025-07-17 19:18:33,26.823214480401813,80.90784562929487,Cloudy
3,2025-11-24 15:24:23,17.368977372649937,78.49855009665286,Clear
4,2022-05-27 12:20:08,28.55283637415569,77.20919553173036,Cloudy
3,2024-03-21 19:37:59,12.959222160579147,77.60255640673881,Cloudy
2,2022-03-28 10:23:29,25.418319208249017,81.86971798235936,Snow
2,2024-01-18 03:26:04,19.0984053704825,72.84928093475452,Clear
3,2025-04-14 19:18:31,28.63162485739316,77.228715216352,Clear
2,2023-04-07 19:38:58,26.821076192885904,80.92671429206864,Snow
2,2024-09-01 03:07:32,28.662343501081153,77.19366597754433,Fog
4,2023-12-01 13:11:32,28.639044409422183,77.21680571060368,Fog
2,2022-02-12 23:02:04,28.48198660563004,76.98209595747556,Clear
3,2024-09-25 18:12:24,13.05544411696208,80.25286517239957,Clear
2,2023-08-28 20:29:50,28.389944141959575,76.9960943335126,Cloudy
1,2024-09-05 08:08:36,19.083412734706503,72.87888782597973,Fog
2,2022-05-13 22:57:42,28.477149003556942,77.01556827790269,Fog
3,2022-01-20 21:06:56,19.09226169861208,72.8334440659376,Fog
1,2024-10-18 14:35:22,13.012201695011726,77.610188887024,Clear
1,2025-02-05 14:54:39,22.584039127331923,88.39418755481675,Clear
1,2023-02-05 18:14:56,28.66393318804841,77.1983917548108,Clear
4,2023-12-05 19:29:58,22.58867064605925,88.32539501543052,Heavy Rain
2,2024-10-27 07:42:33,13.05240237093976,80.33112597301576,Rain
2,2024-01-10 16:32:30,28.443386268357017,77.02562107049296,Clear
1,2022-01-31 21:22:22,25.460774815305268,81.86111631835303,Windy
3,2024-01-09 20:29:44,22.546471774122665,88.28501852546238,Cloudy
4,2025-05-12 13:16:41,26.80492298187222,80.9536565967726,Rain
2,2024-10-25 17:44:30,28.555757845818565,77.2632436512215,Clear
2,2024-08-18 00:00:24,28.630221257721416,77.25877904780018,Heavy Rain
2,2024-07-04 14:00:37,26.836618924119627,80.99460700895037,Snow
1,2025-05-09 04:37:53,28.474711375044212,77.04930966392186,Clear
1,2023-07-22 22:03:41,18.992603317677442,72.83915356799307,Clear
2,2025-10-24 14:15:49,12.925466778747158,77.61594343819561,Rain
1,2024-10-12 01:31:42,28.555112668273335,77.37192403494772,Rain
1,2024-03-02 01:07:09,19.061753886056888,72.89895392562143,Fog
1,2023-04-25 09:08:32,25.47880002287217,81.92337851456806,Clear
3,2025-08-05 14:45:47,19.025959651493938,72.82796871051718,Rain
2,2023-08-26 20:46:28,19.056139345157007,72.94075349427413,Clear
2,2022-12-23 06:36:19,13.150022972066122,80.23734358378223,Cloudy
2,2022-07-01 16:06:41,26.88817445566601,81.0098058786904,Clear
2,2024-03-17 09:59:58,22.569962671555917,88.38191240839934,Cloudy
4,2023-12-25 21:04:09,12.959104842869214,77.569482754281,Clear
1,2022-10-23 17:55:59,19.077463050752993,72.86336861794977,Clear
3,2022-11-18 11:31:48,28.468561063049943,76.98929690510279,Clear
1,2025-06-02 16:02:53,17.433675407519953,78.47563593017793,Cloudy
1,2025-12-04 17:25:05,28.611173218378404,77.24202955720399,Windy
3,2023-12-28 16:13:39,25.434022208767026,81.80829817868583,Fog
2,2022-03-30 15:54:17,17.380411103146184,78.46648630075933,Snow
3,2022-08-02 03:57:27,26.837110263439293,80.93188437532648,Clear
4,2024-02-02 03:46:05,28.58818651172131,77.24245775378158,Clear
1,2022-03-16 06:19:12,28.465477445166005,77.00522066992026,Clear
1,2022-10-14 04:22:56,26.818118543956263,80.99104443758905,Clear
2,2025-01-09 19:16:36,28.615945354320928,77.2119903539827,Clear
1,2023-03-31 17:52:30,28.659771206948474,77.24998856900844,Clear
2,2025-09-24 01:18:40,12.962894680157111,77.62382462995825,Clear
4,2023-11-23 23:01:25,17.346701326077344,78.56958159572544,Windy
3,2024-03-09 02:24:18,28.588360032794558,77.3823798450087,Heavy Rain
3,2024-11-01 14:05:15,26.792510841611918,80.9733630580502,Rain
3,2024-05-21 06:35:11,25.366335922049394,81.83695018799204,Rain
2,2023-03-21 05:50:19,19.06563875087645,72.89639396928742,Clear
3,2022-04-22 18:24:29,28.43315482653339,77.07826402060981,Heavy Rain
2,2024-11-12 13:37:27,17.349044030193216,78.48183595439556,Clear
1,2025-10-01 14:10:17,26.883091680136165,80.93424335366305,Clear
3,2022-08-10 14:18:15,17.366679164955794,78.53196018262574,Heavy Rain
1,2024-08-14 18:49:20,28.606789527178318,77.21985652808901,Heavy Rain
1,2023-01-19 22:59:22,13.041029644741757,77.62110118873856,Clear
2,2023-11-17 02:32:04,28.509398268956126,77.39920098960141,Cloudy
4,2024-11-15 20:12:11,28.39339832835988,76.9912215215109,Clear
1,2024-02-13 14:57:54,26.796385897649444,80.92938098010377,Cloudy
2,2023-10-19 22:13:21,25.522317682035116,81.84520305965655,Clear
2,2024-07-04 14:47:34,17.408182121191366,78.56119637189755,Cloudy
4,2022-02-14 09:05:13,13.000108741089337,77.5280080817249,Clear
1,2023-04-08 20:58:14,28.526096274286626,77.40316857397858,Clear
1,2022-05-11 17:21:00,28.650256470136508,77.24641112464406,Snow
2,2025-11-22 01:31:31,25.36145905234424,81.82214955900649,Clear
2,2022-07-15 03:07:49,12.99341325638236,77.65189926265006,Rain
3,2022-04-20 03:14:25,28.56932788443179,77.19727190952719,Clear
1,2024-10-05 05:32:30,28.4950539150657,77.06187845656308,Cloudy
2,2024-02-26 23:42:56,28.597326681645605,77.20264242013829,Snow
2,2024-07-16 16:46:29,26.848623316276985,80.93330138780603,Cloudy
3,2024-11-01 17:40:31,19.01084703237693,72.85093310985516,Fog
4,2023-10-25 04:53:56,25.34731142148902,81.80888134980918,Fog
1,2023-07-12 06:46:21,19.104562836543987,72.91887204196601,Cloudy
1,2023-04-24 22:24:42,26.92163396037156,80.94670457969225,Clear
3,2024-04-06 02:28:18,13.060045364641502,77.58204107701698,Clear
2,2023-07-11 04:28:28,19.077951358622247,72.91391891398496,Cloudy
3,2023-12-05 08:20:43,19.06342523377662,72.81742200037505,Snow
1,2025-08-01 08:40:57,28.600329909672798,77.19762162349852,Cloudy
2,2023-05-02 07:39:28,26.886379097433448,80.89983084305041,Cloudy
3,2024-04-14 21:52:00,28.52899921328035,77.35205325725877,Windy
1,2025-02-10 08:32:20,17.447409008199738,78.48930423351742,Cloudy
1,2024-05-08 05:05:52,28.6299505372982,77.15979888034384,Fog
3,2022-07-15 18:37:56,25.46981042084162,81.83584671132971,Clear
3,2022-05-11 15:52:57,28.597894048270515,77.2144486385691,Cloudy
3,2025-09-11 12:35:53,28.669402109881624,77.24595293834633,Rain
1,2025-12-15 03:35:07,28.511764940876283,77.31292313213984,Clear
2,2023-05-11 20:11:40,25.42447228343518,81.83836573555354,Rain
1,2024-03-19 23:12:15,13.048089467832755,80.25351944867873,Clear
2,2025-08-29 23:51:04,17.373711725831253,78.52583589919308,Clear
4,2024-07-15 05:39:25,18.98861095030727,72.87805691887026,Fog
1,2023-06-11 05:55:45,12.972551200868537,77.57285338967674,Cloudy
2,2022-01-29 17:19:01,12.968322345013163,77.58728153230852,Rain
4,2022-09-19 23:43:25,28.40422291932754,77.03374538551986,Fog
3,2023-10-18 23:13:31,28.484830263117257,77.34166122468692,Clear
3,2025-06-29 23:55:44,25.425603379785628,81.86276374597033,Clear
2,2025-08-08 19:07:04,28.563562481451495,77.35577921980425,Windy
1,2025-02-11 03:59:28,28.585170636440242,77.22442648640536,Clear
3,2022-06-25 18:29:51,28.395100271270522,77.01728777204833,Rain
2,2025-01-07 22:17:44,26.816673683492994,80.88759006310141,Clear
3,2023-09-26 07:51:28,28.474923189488422,77.0791231297311,Fog
3,2022-08-12 20:36:03,25.450543658254183,81.87593939809142,Cloudy
1,2022-08-18 10:04:35,17.421400935195194,78.50049442786519,Clear
3,2024-09-29 07:03:24,28.41737198309308,77.0730317573825,Snow
1,2023-08-22 12:24:08,17.359818466548173,78.46482124027573,Clear
4,2023-12-10 23:50:44,19.07421702023278,72.86978386493118,Cloudy
3,2023-03-21 23:04:28,12.948278897420938,77.65267447324767,Clear
3,2023-10-02 18:21:22,19.038914087324628,72.86934795997949,Cloudy
3,2023-10-06 22:08:05,19.11095542995291,72.84584304528202,Windy
1,2025-12-28 12:35:34,12.99631234324494,77.62817386817572,Cloudy
2,2024-03-06 18:28:22,28.57009841366266,77.39323374287618,Clear
2,2022-08-06 22:06:17,28.62949981990474,77.14597302543271,Clear
3,2025-08-19 20:12:38,28.64354044071395,77.21907980093495,Cloudy
1,2024-03-24 07:10:52,12.935381819279412,77.53899745409912,Rain
1,2022-05-21 01:15:57,17.418619647371916,78.46806295163651,Clear
1,2022-02-18 19:00:24,25.39287037970343,81.83979680364651,Clear
2,2025-08-18 12:17:09,28.625721611197736,77.18635700131442,Rain
3,2022-01-16 02:29:24,25.363051808788832,81.83545517213584,Clear
2,2022-03-01 08:24:15,13.013262649691322,77.58470223764617,Windy
3,2025-02-07 14:13:42,17.3617261721038,78.4327012247837,Clear
2,2024-12-30 21:54:53,28.65231197399736,77.16798231247719,Clear
1,2022-01-25 13:07:36,28.550002771954407,77.26901747267831,Windy
1,2022-11-24 02:02:45,28.564102228112414,77.34187545794344,Fog
2,2024-01-25 12:24:56,19.081845629234095,72.90542210357277,Clear
1,2024-10-18 16:25:17,28.441889276833376,76.9911237955176,Clear
1,2023-10-28 16:43:45,26.753144872464055,80.92749356134554,Fog
1,2023-01-06 11:30:40,28.640464359341106,77.22468274193545,Rain
2,2023-08-21 06:44:02,12.916641717107137,77.63772993403288,Snow
4,2024-08-20 05:28:12,28.632108221353892,77.218691961853,Clear
2,2024-02-21 15:31:05,19.036760309553472,72.9260048628604,Cloudy
2,2024-01-21 01:25:13,28.466651690298285,77.33953669528636,Clear
1,2022-11-16 02:12:11,19.082202037588917,72.88892320667169,Clear
1,2022-06-22 03:26:29,28.546818784927297,77.39275315519998,Clear
3,2025-10-10 02:32:20,26.834355472174874,80.975205915879,Cloudy
1,2022-12-03 01:10:39,26.80993468299354,80.97581414642536,Heavy Rain
2,2022-06-09 09:36:11,17.415111639579585,78.38984361020891,Cloudy
3,2025-11-06 18:22:15,28.546212981591292,77.15670475717002,Cloudy
1,2023-02-21 09:30:36,25.496944639436144,81.82638285132037,Clear
1,2024-10-13 16:26:21,26.870052662875658,80.98063076153663,Rain
1,2025-06-06 21:37:29,12.976602274399148,77.55617432991109,Clear
3,2022-05-03 02:12:30,28.48338712232412,77.03674245675305,Clear
1,2022-06-06 12:17:48,25.45298513810852,81.8578438071304,Cloudy
1,2025-03-16 03:59:06,25.42664584961513,81.91238210844361,Fog
3,2023-06-24 12:17:30,12.977223992434398,77.65111741389866,Clear
4,2023-05-03 08:54:15,25.41303341001893,81.89004373839688,Cloudy
1,2023-11-21 16:15:07,26.90695924142473,80.936608390389,Snow
4,2022-01-30 06:28:00,19.052329503106787,72.7896051556726,Fog
4,2024-01-07 00:09:11,28.602892486232744,77.21710844786566,Heavy Rain
3,2025-05-06 17:11:23,28.458944692854125,76.99552695168818,Clear
2,2023-10-28 17:59:54,12.952539947386168,77.61185802407168,Snow
1,2024-10-08 22:15:22,28.670367562517782,77.24027397720612,Clear
4,2023-02-03 15:29:56,17.4135427878448,78.46178503459673,Cloudy
1,2023-04-23 18:33:27,28.640663771140233,77.22183403708493,Clear
2,2024-05-27 08:24:16,22.60766546447394,88.36390561775924,Cloudy
2,2023-06-08 09:36:46,18.993019011934276,72.85911292903675,Rain
2,2023-06-27 21:32:11,28.49237209980817,77.00310761237031,Rain
1,2022-08-10 21:42:08,17.349214043473776,78.44867987892387,Cloudy
3,2022-06-24 22:44:32,25.427222721953488,81.80772678155427,Clear
2,2024-01-25 12:06:02,19.09583661333912,72.91510247768566,Cloudy
4,2023-07-04 12:21:43,28.54711332317743,77.02745678844482,Clear
3,2025-01-22 07:00:00,28.587841038583502,77.38103810735113,Cloudy
3,2022-09-24 08:50:04,12.981485741741947,77.56924651922073,Clear
1,2023-06-14 01:04:10,12.950913399774562,77.55780927377775,Clear
2,2024-07-22 19:57:45,28.533389551956297,77.39226533847742,Snow
4,2022-08-19 07:55:39,28.62173463414229,77.25890686163125,Snow
4,2024-08-16 18:40:55,12.95390327949283,77.59740559161706,Clear
3,2025-10-15 04:54:49,13.161426437719259,80.34223855668779,Heavy Rain
3,2024-10-18 21:06:44,28.606876017356864,77.19483564500979,Clear
2,2024-04-19 08:03:09,28.64170493412378,77.14029528323216,Clear
2,2023-10-02 14:44:25,22.544879874906666,88.32213174156446,Clear
3,2024-03-21 03:12:16,28.550161906398046,77.28481037232493,Cloudy
1,2024-06-18 01:29:33,25.391012325307777,81.80695299660685,Fog
2,2022-01-31 22:25:07,28.413045058674264,76.98540428641921,Clear
3,2025-10-02 16:37:36,13.075325133179835,80.29929448001002,Clear
3,2025-04-04 22:40:14,28.531144017959996,77.42135049111852,Heavy Rain
3,2025-11-22 23:57:15,19.05397681828144,72.9796938225519,Clear
1,2025-01-20 11:58:15,28.430298163469605,77.00241309679122,Cloudy
3,2022-11-02 21:47:22,17.389919474112236,78.49870440385781,Clear
2,2024-04-28 01:22:02,26.81813919248188,80.91648011237206,Clear
3,2024-03-06 14:19:39,28.623047800973975,77.24672555767977,Clear
1,2024-01-10 06:16:03,28.540669703726703,77.36184017769337,Clear
2,2022-12-01 22:36:33,28.55648525197348,77.36088224357232,Clear
2,2024-03-24 16:42:01,12.97545121883765,77.65182666847168,Clear
3,2022-08-17 02:57:40,28.59950588493308,77.21409659488894,Cloudy
2,2025-09-02 22:58:25,28.44863307524906,76.99028428449786,Clear
2,2024-10-17 16:24:54,26.857170759851595,80.93564702244115,Cloudy
2,2025-11-14 13:51:49,13.028775469134317,77.55815173190175,Fog
2,2025-12-16 08:32:17,28.45944323990628,77.02039911597099,Windy
1,2023-06-01 02:19:08,13.063663148127036,80.29960484344397,Rain
1,2023-12-28 21:36:07,26.81944945336159,80.9687422723035,Rain
3,2024-09-13 01:09:34,28.49574477737221,77.03866206766222,Heavy Rain
3,2023-07-29 17:58:07,12.94780532228713,77.61254868472804,Fog
3,2023-12-09 07:12:43,28.48267590638816,76.97414775759978,Clear
2,2023-01-03 23:51:55,28.545807456601146,77.03546348478275,Rain
2,2024-01-02 02:31:43,28.460332749603676,77.06733488658199,Rain
3,2025-06-08 14:35:34,22.637267389780902,88.37327890797238,Heavy Rain
1,2024-06-22 03:11:40,25.40794988177678,81.90742717210581,Clear
3,2024-12-14 03:57:45,28.54425188055626,77.22063318917318,Clear
2,2024-11-17 06:37:44,26.850226698801553,80.93963071240024,Clear
2,2022-10-03 05:55:05,28.558552118347666,77.39912680766248,Fog
4,2025-06-01 14:09:54,26.867930680154,80.91392214175332,Clear
3,2022-10-06 04:37:26,17.351349444460897,78.50007025219085,Heavy Rain
2,2022-09-02 02:02:19,12.925356819181772,77.62912799013314,Cloudy
1,2025-06-05 08:16:13,13.154807492541865,80.2550264748645,Clear
2,2023-06-23 22:28:41,26.782455033309517,80.93992790709883,Cloudy
1,2022-02-10 08:32:22,19.09444249858644,72.88122830989909,Clear
2,2023-12-14 19:09:01,12.932279004749422,77.54407440427055,Clear
2,2025-03-27 13:20:17,28.43143428400476,77.34670272442186,Heavy Rain
3,2024-09-17 09:06:25,26.814215383715258,81.0004884929719,Clear
2,2024-12-18 07:12:18,28.564152751913852,77.27033021681927,Clear
2,2023-12-05 00:20:48,25.38073754711534,81.80709702036161,Clear
2,2022-09-21 09:22:05,28.429421485412522,76.98879798836444,Clear
1,2022-08-14 22:38:39,17.338057656584656,78.47653698545945,Windy
2,2025-12-21 04:07:39,25.41255605498796,81.8151266153364,Cloudy
2,2025-02-07 01:03:08,28.64223801355519,77.21707491121762,Rain
1,2025-07-15 02:50:40,13.110424808970093,80.2795274551177,Fog
4,2023-06-17 12:14:38,28.653524679235996,77.178246616669,Clear
2,2022-09-18 19:22:50,17.360015104389745,78.49710733899896,Clear
2,2023-08-10 16:04:00,28.51302657287921,77.04245295575983,Clear
3,2022-10-16 13:48:56,28.55174923101325,77.41087980888335,Clear
3,2024-10-09 00:32:15,28.49388535907551,77.00878168722993,Clear
1,2022-06-02 06:01:29,12.953947217986679,77.60507142112849,Cloudy
1,2024-10-11 20:40:41,28.43565100305551,77.0634894919182,Clear
1,2023-11-29 14:49:09,26.881520404282575,80.92751543746648,Cloudy
1,2022-08-12 09:40:51,17.395922174610437,78.51673946505636,Clear
2,2024-02-05 01:13:35,28.436122041533917,77.00694188050761,Cloudy
2,2022-02-28 14:46:53,28.57701242032507,77.22083491138753,Rain
3,2022-05-30 13:56:11,25.426425619860108,81.7569229144523,Clear
2,2022-03-08 21:26:00,26.832404683955456,80.94540250278068,Clear
3,2023-09-12 11:49:50,17.40470187310998,78.4829394291372,Heavy Rain
2,2025-03-08 12:37:42,13.056540151390335,80.29031451212731,Cloudy
2,2025-09-23 06:00:30,26.86240326467654,80.91662500318179,Clear
4,2025-11-02 04:43:09,28.454248013027282,77.3900980725443,Snow
2,2024-06-10 10:29:01,19.06360265834171,72.87478867689634,Fog
2,2024-10-25 07:03:17,28.63585894699675,77.21658769471615,Clear
4,2024-01-13 20:46:42,28.416668930367027,76.93988728584799,Heavy Rain
2,2023-06-08 06:22:39,26.811409987621246,80.89879286339232,Cloudy
3,2024-10-07 05:07:31,28.681940617750016,77.22185078917651,Clear
3,2024-02-03 08:57:52,28.532526169108912,77.34437559821532,Clear
2,2023-06-16 17:25:51,18.99800801460176,72.89085114086019,Heavy Rain
1,2024-06-09 18:10:02,26.90117456124501,80.97885133743179,Cloudy
2,2024-06-30 14:12:16,28.473410189084948,76.991787199951,Windy
3,2023-05-15 20:12:51,19.01194467254091,72.8522775644327,Fog
1,2024-07-11 17:06:42,25.47568700641155,81.80384395598647,Cloudy
4,2022-10-08 06:19:59,26.79253641212039,80.92938529232089,Cloudy
3,2024-12-30 07:28:32,19.112098318384707,72.89128650284792,Windy
1,2024-10-08 15:07:24,22.561048154266462,88.4183236954704,Clear
2,2024-12-19 04:39:42,25.4452438271332,81.85706435212049,Clear
3,2025-12-10 21:59:12,28.451806905303727,77.04264653992196,Fog
3,2022-08-07 05:55:53,28.61611841874232,77.18350633903654,Clear
2,2024-03-29 20:27:50,19.065759183753233,72.80808380313401,Snow
2,2023-07-11 02:26:23,19.05924577338713,72.78026993216707,Clear
2,2024-03-25 00:03:59,26.809244453777257,80.95554977037617,Rain
2,2023-08-07 22:40:07,26.764869694912296,80.96303746293289,Cloudy
1,2024-01-20 17:06:52,25.434047179040025,81.89780981144267,Rain
4,2022-07-05 18:14:13,12.92663452817539,77.58301414830272,Clear
3,2024-02-09 08:45:15,19.122451692798062,72.86627121888183,Clear
1,2024-03-21 02:42:27,25.428758484044717,81.89276250859093,Clear
1,2025-10-16 10:55:00,25.41781013025851,81.83656529815985,Cloudy
1,2024-07-03 20:50:06,28.658451857603662,77.2067915856466,Clear
1,2025-05-14 19:02:03,19.111294558948003,72.8809924444417,Cloudy
3,2024-10-14 09:31:41,28.583273435695023,77.25715679467547,Clear
2,2025-07-22 07:19:12,22.61365386947075,88.34556842481406,Clear
1,2025-05-25 12:26:25,25.410811648074414,81.86537993078286,Clear
1,2022-05-04 06:25:11,12.938771630690429,77.65055266577569,Clear
2,2025-06-01 02:07:44,28.5938343277219,77.19929038989997,Clear
1,2024-09-02 12:28:30,28.612829242751925,77.21686098168479,Clear
2,2022-03-22 04:10:22,28.634485504255256,77.1842733574732,Rain
1,2023-02-22 00:22:09,28.489500543594815,77.0799623508769,Cloudy
1,2024-05-22 08:26:28,28.45766433051228,77.04689902598618,Cloudy
1,2025-08-31 00:08:48,28.486976645801946,77.03041338010448,Clear
2,2024-10-26 21:44:26,17.45650307013973,78.47453443319694,Cloudy
1,2023-06-27 17:33:24,28.574928126278998,77.35691468462075,Cloudy
1,2024-02-16 03:34:15,26.83602235613142,80.98879008981952,Cloudy
2,2025-05-29 10:14:02,13.114511116272926,80.24544957375595,Cloudy
1,2022-04-10 05:23:21,28.453529256732345,77.04085963121283,Windy
3,2023-02-23 23:53:06,26.879510663030302,80.93654182970187,Clear
2,2025-11-06 21:20:04,13.059420089525046,80.31598767330871,Snow
3,2023-05-19 20:34:41,28.625864061264615,77.24031301080922,Fog
1,2024-01-15 19:53:31,25.441749108891226,81.87086380641901,Clear
2,2022-01-21 05:08:34,28.425091389849953,76.99122932888945,Clear
2,2024-11-21 05:52:09,28.610539976839316,77.20206790828735,Clear
2,2025-03-30 21:45:05,26.858292796595094,80.96393809080934,Clear
4,2025-11-06 15:40:00,26.862180575464734,80.88358341960138,Cloudy
1,2025-04-07 09:10:09,28.60842236594268,77.18968917518588,Windy
1,2023-07-19 01:02:26,12.911271011750435,77.62452505721485,Clear
4,2024-03-03 17:28:24,28.572148633222714,77.26069193037087,Rain
2,2024-06-01 19:45:03,28.58417038855993,77.21429256774682,Cloudy
2,2024-09-20 02:41:25,28.58795930659778,77.23727088445945,Clear
2,2023-04-25 02:49:58,12.990164821239134,77.5806581482059,Cloudy
2,2024-06-19 21:22:14,28.46230997331538,77.01236014247078,Clear
3,2023-03-25 00:01:01,22.552463192118495,88.37276142934948,Clear
1,2025-09-30 08:37:34,13.093891792971865,80.26430550798274,Clear
1,2023-04-22 00:11:49,28.62534763263187,77.21441269901328,Cloudy
1,2023-09-14 09:34:59,28.475642989152455,77.00855977973616,Rain
4,2022-04-08 23:36:36,13.076057759515122,80.28842272148718,Cloudy
3,2024-05-13 12:01:14,19.041772140755658,72.85626519881848,Clear
3,2025-06-10 01:26:04,26.817491980054974,80.92075524525836,Clear
3,2024-09-11 02:37:09,13.095389008188254,80.31139268205402,Clear
2,2022-10-27 08:42:14,26.868310002082456,80.92263050161542,Clear
1,2022-05-01 00:11:18,25.415955423015507,81.78098938142594,Windy
1,2024-12-31 22:12:27,19.108716184533947,72.88556213105497,Heavy Rain
4,2023-12-23 13:50:24,28.62745019106213,77.20901959973189,Clear
2,2022-07-11 12:55:56,13.084110590982451,80.24335279194503,Cloudy
2,2023-03-30 09:11:33,28.56109029607297,77.1944964649362,Cloudy
1,2024-03-02 12:20:34,28.618737883277564,77.26265423866359,Cloudy
2,2023-08-30 12:10:42,25.45037832406503,81.85320789617822,Cloudy
2,2025-09-04 12:37:19,28.449532370666958,76.99169572647111,Cloudy
2,2022-02-20 18:02:58,19.01596870102538,72.90660732540607,Clear
3,2022-12-07 21:48:33,17.44049877105853,78.52015783210624,Clear
4,2024-12-26 19:52:32,28.58475238575174,77.41138095099336,Cloudy
3,2023-06-06 18:24:10,26.90099014784893,80.9731310058781,Clear
1,2024-04-06 03:48:24,22.539859072746218,88.38002233430339,Clear
1,2025-03-01 16:33:54,19.03874677825167,72.9442850458165,Clear
2,2024-06-18 23:18:26,22.611679749418983,88.37249609859703,Clear
3,2023-03-24 13:05:48,22.56603367993745,88.32830869200168,Rain
1,2025-07-22 08:34:35,19.092633747515205,72.91294900501435,Clear
1,2022-03-23 03:31:34,28.597522669718337,77.16887074427024,Clear
2,2022-03-14 04:10:43,13.00803877357836,77.61745527784085,Fog
1,2024-08-11 20:46:30,26.84974097989572,80.98560412626541,Heavy Rain
2,2025-07-30 17:55:03,12.98816694141848,77.58701227889092,Clear
2,2023-05-22 19:53:24,22.57598642214536,88.30738375481981,Heavy Rain
2,2025-04-24 09:15:34,25.447016156752905,81.80872597947666,Cloudy
1,2022-08-13 06:42:01,13.087793405737244,80.27020306755824,Clear
4,2025-06-28 23:19:26,19.07183795219832,72.83154704317738,Clear
2,2024-10-03 08:20:25,26.82987618565082,80.97850551867316,Clear
1,2023-12-28 08:09:05,26.79610686482891,80.95886699947557,Cloudy
4,2022-04-20 16:40:55,25.41303953666365,81.79000595845743,Clear
1,2025-05-11 22:11:08,22.4854093507147,88.40648532223743,Clear
1,2024-10-10 20:07:46,19.07907865455163,72.86663720877087,Heavy Rain
3,2025-11-12 11:25:55,22.564320869712567,88.36935010618356,Cloudy
1,2024-08-29 11:30:47,28.59168190607864,77.22513355246501,Rain
2,2025-07-12 21:57:36,17.434374231214733,78.47586012158676,Clear
1,2024-10-16 12:01:39,22.588300330773816,88.41841877451378,Cloudy
4,2022-08-10 02:14:57,17.3976301213348,78.50493029923966,Clear
2,2024-09-15 21:50:34,28.622390857800372,77.188219478221,Cloudy
2,2022-02-23 18:32:22,13.019214113533568,80.3435983496573,Cloudy
3,2023-11-09 07:23:47,28.446677983779367,77.05917870437631,Cloudy
3,2024-04-26 23:13:35,19.123804130107647,72.86690899707766,Clear
2,2024-10-20 08:39:15,22.574902602702714,88.42210260065164,Clear
4,2023-09-15 12:04:36,19.09692578905538,72.91150410764004,Clear
4,2023-02-14 10:29:05,28.557525699677896,77.2225174044132,Clear
3,2023-07-01 23:27:50,28.42346361601187,77.03454261803302,Cloudy
2,2025-02-28 09:29:31,28.462344700865685,77.06785952054089,Heavy Rain
3,2023-09-15 18:25:19,28.641051788484898,77.17108794108854,Rain
1,2022-11-11 11:37:13,28.613940634535233,77.23320967897628,Cloudy
1,2023-08-01 11:47:28,28.637995278195614,77.22089240577488,Cloudy
2,2024-07-13 07:54:11,28.629504360633025,77.1487210073115,Clear
3,2023-02-21 08:57:08,28.49679653408979,76.98569476809512,Clear
2,2023-08-27 16:11:23,19.097796919382965,72.9065174890317,Cloudy
2,2024-08-08 00:55:19,13.095078778156187,80.29578546767011,Snow
3,2022-11-15 20:22:47,28.60941820874446,77.15390266240392,Clear
3,2024-11-17 23:14:03,26.866602561560445,80.959602259852,Windy
4,2022-05-06 08:07:12,28.680707169568223,77.23328388944996,Snow
1,2024-12-23 15:33:43,28.51845562187938,77.02705373795152,Clear
4,2024-08-10 10:38:59,19.063318293960382,72.93173827116665,Cloudy
1,2023-01-02 12:05:58,22.573300483175057,88.39027754985717,Heavy Rain
3,2022-06-20 05:00:45,28.580091017638598,77.18057406848958,Cloudy
3,2023-05-19 13:50:30,26.820258081226207,80.94421684601554,Clear
2,2023-05-02 01:43:14,25.484004236633464,81.8008043957421,Clear
1,2025-03-16 05:43:38,17.40295667535936,78.49535508439698,Cloudy
1,2024-10-11 05:30:02,19.101419237815836,72.8706767899911,Clear
3,2023-07-20 23:01:38,28.462860324379896,77.03367260771564,Fog
1,2024-11-23 16:16:52,17.412068993562368,78.44973053572882,Rain
2,2022-12-22 16:57:03,22.598491575174407,88.41588258044516,Cloudy
1,2025-07-10 15:49:44,19.062746245753747,72.88396347439503,Clear
2,2023-01-15 18:50:34,12.958242911660538,77.62050439824368,Clear
3,2022-04-16 00:31:56,25.471997933590167,81.8395702590516,Windy
2,2025-03-29 23:37:06,28.468756858973297,77.0288295825918,Cloudy
4,2025-07-22 02:52:01,28.64322615332487,77.18102555963969,Fog
2,2023-03-16 04:47:45,26.845292834291225,80.92863028139367,Clear
2,2023-03-24 08:59:33,28.66401611723211,77.1929348438922,Rain
4,2024-07-03 08:08:43,19.087430858597074,72.8597340418848,Clear
1,2025-08-12 22:50:26,28.54337135282102,77.39304669739639,Cloudy
1,2023-02-10 07:41:21,28.643030846018895,77.2073448274002,Clear
2,2023-01-11 20:20:44,19.089411663488207,72.86369523778441,Clear
4,2024-04-19 11:28:02,13.066924090294405,80.20064028993961,Cloudy
2,2024-04-30 22:27:02,19.077914320288112,72.89314969159626,Cloudy
4,2023-09-26 15:04:54,25.449086351974508,81.81703345099116,Clear
1,2024-04-20 20:04:08,17.40755086750379,78.49182664640786,Cloudy
4,2025-02-07 21:51:11,22.624327435765586,88.4274487109278,Clear
3,2025-04-16 09:00:29,26.743316178010975,80.92789134925904,Clear
2,2025-11-10 04:58:33,28.535323569542175,77.37548734576504,Fog
1,2022-06-24 20:14:20,17.40779164193514,78.43878035681664,Clear
2,2022-12-09 20:57:13,28.5654744727102,77.3846142498994,Clear
1,2022-05-10 12:06:59,12.975767172738507,77.57520945633637,Clear
1,2025-06-02 00:10:10,28.509544257631706,77.37790634153527,Clear
1,2024-11-15 06:42:30,13.056128575884138,80.24195497655745,Cloudy
1,2025-09-15 18:08:37,13.06624841851958,80.28191772444096,Rain
2,2023-02-25 01:36:29,12.950877771470113,77.63195741484707,Rain
1,2025-04-15 01:48:29,26.8433024862948,80.9502032916246,Clear
3,2023-09-02 02:05:51,12.997894719679993,77.60492271572886,Cloudy
1,2025-10-22 05:42:15,19.04513635253551,72.85700745332652,Windy
1,2023-12-24 02:35:39,28.56677155130491,77.37280203569023,Clear
4,2023-05-04 04:07:39,28.420663672123393,76.96775180878997,Rain
1,2022-12-11 10:11:54,22.63355812323903,88.38187604318911,Rain
1,2023-02-11 13:44:22,28.531699554337685,77.41193322954722,Clear
1,2024-03-16 13:24:06,26.87556456092751,80.96670345442442,Cloudy
2,2023-07-20 19:41:26,26.89254150080559,80.98167341472819,Clear
2,2023-10-11 21:23:08,19.05459694692866,72.90526401635144,Clear
1,2024-03-06 20:25:58,22.63872488589876,88.36429794680795,Snow
2,2025-05-22 23:18:50,28.467421058351444,77.04397212438747,Snow
3,2025-07-09 08:45:26,26.88064187223012,80.98288292826003,Clear
4,2025-12-05 21:26:57,22.592438592622173,88.32017675681496,Clear
2,2023-10-09 00:36:53,26.922653324715668,80.96781912858923,Clear
2,2025-05-12 09:42:37,19.056220401987265,72.92275133663472,Clear
2,2024-11-10 16:33:02,28.633188394415846,77.22988119647573,Cloudy
2,2024-09-19 21:53:04,17.38427244856382,78.54407539973225,Clear
3,2023-11-22 10:13:12,22.606260058617963,88.3816317759483,Snow
2,2025-06-10 04:31:57,12.960869191637522,77.61783686146484,Cloudy
1,2023-04-08 16:45:48,17.358847235872286,78.50756030355451,Clear
2,2023-09-09 06:59:06,28.45736960679029,77.0350443581343,Clear
4,2022-05-16 10:20:18,13.080722285636929,80.25313847835906,Clear
2,2022-09-24 01:41:08,19.113759734827813,72.80212558726382,Rain
3,2024-06-25 16:48:51,12.998862626318218,77.59369931718062,Windy
1,2022-10-20 04:55:08,25.448146257884062,81.86131809412637,Clear
1,2025-03-21 20:53:38,17.38081193841344,78.53969982575022,Clear
4,2025-12-21 06:41:49,19.060288206444046,72.86348613750418,Rain
2,2024-09-03 03:52:33,28.537891274547892,77.39542093801055,Clear
4,2022-03-18 13:42:00,28.55270814111996,77.35708632806403,Clear
2,2022-06-30 21:25:21,28.53475336664291,77.44989320201269,Heavy Rain
1,2024-07-18 06:18:34,25.431108199733107,81.85370264918184,Clear
2,2025-05-02 16:37:42,13.053234432717902,80.25586205451538,Fog
1,2023-12-08 06:32:58,17.410146790853823,78.47599631878357,Windy
2,2025-09-23 00:30:20,17.35874094173079,78.50728828780802,Fog
1,2024-11-28 17:43:09,26.821030119161396,80.94581477874301,Rain
3,2025-05-20 19:30:07,28.475454318743584,77.00713816048822,Cloudy
1,2025-07-03 21:21:26,26.89507482981963,80.98778216566879,Cloudy
1,2023-07-13 07:55:14,28.55684681929291,77.38594292554944,Rain
1,2025-07-25 04:04:21,28.517551341669026,77.36710787922958,Clear
1,2024-04-10 05:26:01,12.993948080273693,77.58846420879426,Clear
3,2022-02-06 11:32:19,19.02757864406404,72.87343540360412,Cloudy
1,2022-09-16 14:38:58,12.951892162303167,77.56147024185152,Cloudy
1,2025-03-23 13:02:00,26.88000477237703,80.94338146225748,Clear
1,2024-06-13 12:19:55,28.596216697759324,77.3535336114943,Fog
3,2022-08-30 20:33:03,19.099598690794867,72.93077216130298,Windy
2,2025-06-21 07:09:53,25.439579293450976,81.86277636345417,Clear
1,2024-09-25 04:33:16,28.5036132481349,76.99995354280387,Clear
2,2023-08-28 09:39:28,25.454139963445453,81.84954600730228,Clear
1,2025-07-18 11:41:15,28.471269829076505,77.04469872319532,Clear
4,2023-04-10 01:49:41,28.57719738488671,77.17158954692917,Clear
3,2024-02-16 23:16:57,28.62398525145391,77.22155968254377,Cloudy
2,2025-07-23 18:09:21,28.581622325300287,77.20813558249203,Cloudy
2,2022-03-21 16:51:02,22.609139831696574,88.39640767094109,Clear
1,2024-07-05 19:26:11,28.69288633652591,77.21462465929476,Clear
1,2023-03-26 20:41:12,25.41030847560524,81.8731867944837,Clear
1,2023-06-21 19:56:49,17.362036596739806,78.53112394851645,Heavy Rain
1,2022-11-29 14:46:18,19.112839155875715,72.81319720828134,Clear
3,2022-10-04 17:18:46,22.533733230738534,88.38320766972488,Clear
1,2024-06-03 02:39:13,28.629230826186486,77.19980141118461,Clear
3,2025-04-29 00:01:24,17.408167534765692,78.47301880029264,Clear
2,2022-12-28 04:21:51,28.575138850698032,77.25104959611255,Cloudy
3,2024-11-17 04:42:52,19.183496784556212,72.80149673758862,Clear
4,2024-04-09 14:12:25,28.57298764243623,77.18086935819768,Cloudy
2,2025-11-10 02:17:43,28.57041025990201,77.22748944786203,Clear
2,2022-01-25 02:44:32,22.561303940654685,88.38864137018214,Clear
2,2025-09-07 05:32:43,13.078556425692954,80.33388740606941,Clear
3,2025-05-10 08:34:53,12.995457197828394,77.59509379246886,Clear
3,2024-07-16 04:50:58,28.620389440713137,77.38823072221655,Cloudy
3,2024-12-05 13:19:39,26.86071699338345,80.92509290597107,Snow
4,2024-10-26 07:32:24,28.469756756608643,76.99242768871297,Cloudy
2,2023-03-01 10:50:48,28.517783828188062,77.02034525904028,Snow
1,2025-01-10 18:25:24,26.812392675827475,80.96323064934363,Cloudy
4,2022-10-25 02:17:02,17.393560932437722,78.51691949250466,Clear
2,2023-08-28 04:08:16,12.982280279255624,77.63478318032391,Heavy Rain
3,2022-12-27 13:40:21,22.62055092317317,88.34801407404028,Cloudy
3,2022-09-27 18:30:14,26.80862879636262,80.94186376728678,Clear
1,2022-07-30 03:19:19,12.958632032519215,77.58652028612337,Clear
2,2025-06-14 02:42:50,19.052085665597378,72.9187088769028,Snow
4,2023-07-18 11:00:28,28.611293250827227,77.42791172199706,Clear
3,2025-06-12 18:26:42,28.57523812590671,77.18517474368089,Fog
1,2024-03-01 01:29:13,28.458937413984327,77.02407775263248,Cloudy
1,2023-10-16 02:13:00,28.49033710660971,77.43313561596278,Clear
2,2023-10-02 20:24:15,28.629827645150215,77.20513595926344,Cloudy
3,2023-06-23 02:31:57,12.926547188682358,77.62195291039679,Windy
2,2022-11-07 12:46:21,22.545522605427166,88.37172598090561,Heavy Rain
4,2025-03-15 04:10:33,17.381016026493818,78.53052979809306,Snow
1,2024-01-27 21:01:55,13.128180092527467,80.32008867531893,Clear
3,2024-11-05 14:46:36,12.971217133181398,77.60999450102655,Clear
4,2025-06-02 05:32:44,28.504242600522325,77.37362729046764,Windy
2,2024-03-19 19:09:21,28.459760299858345,77.033748922993,Heavy Rain
3,2022-01-08 06:26:03,28.574721319208894,77.19243859127926,Cloudy
1,2023-11-04 04:42:16,17.406071838312357,78.47508793121894,Clear
2,2025-02-25 13:14:59,28.623376478324246,77.16838692921262,Clear
4,2022-01-15 18:51:31,28.58754089342828,77.16969798628934,Rain
1,2025-01-23 15:36:01,28.645469943237355,77.19369674202446,Clear
1,2022-08-22 07:00:30,28.60600652604374,77.19528432155106,Clear
2,2022-02-17 19:00:56,28.67249947681249,77.1774677608506,Heavy Rain
3,2025-04-10 06:55:22,28.593365689393334,77.18270914731316,Clear
2,2022-01-05 22:19:50,19.09248384744248,72.90342376855132,Rain
3,2023-12-23 19:51:00,22.582740025813266,88.32175471234271,Cloudy
4,2022-08-22 09:47:17,13.070359241602747,80.29523403129464,Snow
2,2025-06-03 04:40:58,19.03365122399665,72.8736823912428,Clear
2,2022-09-29 19:04:23,28.666749089579195,77.22474239162806,Clear
1,2025-12-21 11:54:01,28.585056872417244,77.42603726948998,Clear
1,2023-11-09 15:46:23,28.63851388398336,77.14691787037292,Clear
3,2025-07-14 11:20:17,19.130635802565678,72.90679774890667,Cloudy
2,2023-11-12 05:16:03,13.133758669754977,80.26260036785783,Clear
2,2022-01-22 00:06:33,28.606802372390142,77.39614768896061,Clear
1,2025-03-11 09:26:58,26.804373643627756,80.95679603273769,Clear
2,2022-12-02 22:49:23,13.027348360018525,80.22401274600489,Cloudy
3,2024-01-07 19:14:55,13.011647167926645,77.631159130235,Cloudy
3,2025-11-29 15:00:39,22.61162955881415,88.41323073190858,Clear
4,2023-10-05 19:37:34,28.644948593171623,77.25687406495118,Clear
4,2025-08-02 02:53:34,17.407964067065112,78.51362253470302,Clear
3,2022-05-22 19:32:02,28.58919855532205,77.19987870836832,Clear
1,2024-12-01 17:37:53,22.547533192023536,88.3705976788939,Clear
2,2022-12-05 11:29:38,28.58011285934134,77.42336526319298,Clear
2,2025-11-02 23:41:57,28.622880208854728,77.23381604213614,Clear
3,2022-06-08 20:20:51,17.42602880295447,78.50664241726871,Cloudy
3,2022-10-01 23:32:25,28.512030989350414,77.38570108778205,Windy
1,2023-01-27 07:05:51,12.929055987578213,77.50559173836838,Clear
1,2022-02-22 17:35:27,28.46012412890854,77.02791484005476,Heavy Rain
1,2024-02-11 08:56:23,28.524332797807535,77.3589871192636,Rain
3,2023-10-30 18:21:51,28.588247588666203,77.1830918711608,Cloudy
2,2024-03-24 15:26:06,22.563254868338156,88.39431609464359,Clear
4,2023-08-06 16:17:19,19.06790184148785,72.87690628660795,Clear
1,2025-04-18 07:28:49,19.146410255140495,72.84889837431582,Clear
3,2023-12-12 12:31:33,28.65792084636263,77.18384905591783,Cloudy
1,2024-01-09 19:08:21,19.027680014389354,72.86955902665476,Cloudy
1,2025-01-20 05:37:39,26.887464877483396,80.95460807190197,Cloudy
2,2024-10-19 23:58:07,28.675053306497848,77.22845059616861,Rain
3,2023-01-17 14:12:53,28.634495266308413,77.22431271712156,Clear
2,2024-04-21 09:11:39,22.606463304821823,88.35330686347136,Cloudy
2,2022-10-03 13:31:06,12.961621656946008,77.57806246874203,Cloudy
3,2024-10-20 08:34:21,28.57000481226505,77.34154788402049,Clear
2,2024-03-18 17:35:12,28.59867014382133,77.16297924674585,Cloudy
2,2023-02-04 19:17:21,28.54277753921866,77.4137671373996,Windy
2,2024-11-19 23:43:10,28.631141332038457,77.22484669057468,Clear
2,2024-07-05 00:33:58,22.514013572507793,88.3293070128155,Clear
2,2024-04-23 18:37:22,28.48082728134523,77.0487227784236,Clear
3,2025-05-07 22:32:07,28.61540585697553,77.24636137478748,Snow
2,2022-01-31 00:05:36,17.411463075824326,78.57725450095458,Cloudy
2,2025-12-03 19:40:09,17.456893345402328,78.50278162706391,Clear
1,2025-02-14 06:50:40,28.562065453970376,77.35207347945526,Rain
2,2022-01-03 13:38:27,26.88860981199317,80.97053524543325,Clear
1,2023-06-09 02:38:54,28.46959714454932,77.05316987196221,Clear
2,2025-12-14 18:02:48,12.946394298371207,77.59707439575827,Clear
2,2022-03-06 09:55:14,12.915402830892804,77.59193828823061,Rain
1,2022-02-10 09:50:21,28.603464661583004,77.18477771804675,Clear
4,2022-08-19 17:13:26,13.00355747820751,77.59554536940057,Cloudy
2,2023-03-30 12:13:49,19.02977912985887,72.92293431256641,Clear
3,2024-02-29 08:15:38,26.811778530231255,80.96604576415162,Snow
1,2025-02-18 03:00:29,25.47655216232641,81.80451100859409,Fog
2,2023-11-11 01:12:09,28.40744485723774,76.95329468656497,Clear
3,2022-04-06 17:26:47,26.824032153526765,80.93464975959813,Rain
3,2025-10-19 21:07:37,13.016620530993269,77.59659051826,Clear
1,2024-11-12 18:45:22,19.058757080137532,72.93663902105243,Heavy Rain
2,2024-10-12 21:01:49,25.378854932702644,81.89049190483222,Fog
2,2022-06-26 14:58:32,13.020426159904225,77.64324838361884,Cloudy
1,2022-01-26 01:12:40,25.426180866767996,81.85926757037899,Clear
4,2025-05-16 10:30:52,12.998229022403288,77.63945619045236,Cloudy
1,2023-09-03 16:34:07,22.59038667291981,88.36888581156683,Clear
1,2024-10-16 05:32:13,28.432687184034855,77.00528023688999,Clear
2,2025-10-18 14:22:37,26.855520131642066,80.96716794648532,Rain
1,2023-03-24 18:47:07,19.09418284608379,72.87453105660882,Clear
2,2024-04-05 15:44:51,26.838972379757276,80.93200738217061,Snow
3,2025-08-17 18:17:59,28.514334839667757,77.41303454281231,Clear
3,2022-11-18 22:49:33,13.06200277170706,80.31927879543908,Heavy Rain
2,2025-09-14 19:51:28,17.417666980647255,78.47434625192402,Cloudy
2,2023-05-12 13:49:35,28.45374242560307,77.40601638486487,Clear
1,2022-12-03 04:08:27,12.936015466653682,77.58416845390312,Clear
2,2025-08-31 04:24:31,25.506541775985326,81.83872948850377,Clear
1,2023-02-19 15:38:29,13.03018103138942,77.64592091310213,Rain
2,2025-03-30 10:12:28,28.611574175671624,77.16459029268084,Rain
2,2025-01-22 18:51:44,28.406188963753912,77.00800060096016,Cloudy
1,2025-09-12 02:15:47,28.464451763352713,77.02219725803197,Fog
4,2025-02-09 23:38:40,22.590978953001006,88.40036694114622,Heavy Rain
2,2022-07-14 15:24:34,12.991209831278764,77.52507982858454,Clear
2,2024-05-18 20:32:12,28.498617135456136,77.04416482172759,Fog
1,2023-03-23 18:18:21,19.066135430271103,72.85540932340278,Clear
1,2022-02-05 03:51:48,25.41829244477422,81.8017452333719,Clear
3,2022-10-16 16:12:46,28.537906661279568,77.42789641076232,Clear
2,2023-10-24 02:21:54,19.05660844655692,72.88393839103668,Fog
2,2022-05-28 23:16:44,28.467675827844154,77.10068810692374,Clear
3,2024-03-20 20:52:34,22.518572931734422,88.3977600296704,Clear
1,2024-06-29 22:04:20,25.469020812458336,81.80388811273787,Clear
2,2022-02-22 12:15:53,19.106926237509796,72.8298830581816,Cloudy
2,2024-02-19 00:52:45,28.615296734308192,77.16900232567512,Windy
1,2025-08-23 20:43:02,19.101636678523334,72.85982279828335,Clear
1,2025-02-10 01:49:41,22.568990517817703,88.34573409983787,Cloudy
3,2023-06-25 23:58:41,25.481591842846903,81.84107961038615,Fog
2,2025-10-21 04:50:57,28.597818359881657,77.23990236819554,Rain
1,2022-03-07 19:46:38,12.969697705395994,77.56250401899408,Cloudy
2,2024-03-09 14:49:21,26.88212860676785,80.92350436713198,Cloudy
3,2024-02-07 08:23:37,13.035386217004783,77.56146199670366,Snow
1,2025-11-01 05:00:28,28.457900123587393,77.01125164230383,Clear
3,2025-12-09 20:36:49,28.495387622026207,77.3731412573595,Clear
1,2022-03-16 14:23:37,28.640822222162416,77.1929506568954,Clear
1,2024-10-20 06:02:10,19.02446760784712,72.90338826674275,Rain
1,2022-07-20 23:24:48,13.105062305783111,80.27830972248528,Rain
1,2024-05-17 16:35:11,28.547271849658294,77.3743081525341,Rain
1,2022-11-18 17:39:48,22.52775047570777,88.36139027788003,Clear
3,2023-08-21 06:58:37,19.11451499547899,72.94084416821876,Clear
3,2023-12-30 13:25:04,26.883669045870676,80.9204334651469,Clear
2,2024-01-29 14:25:52,22.60996481422303,88.38816853463297,Clear
3,2023-05-09 10:08:12,19.107085506261022,72.90836160218352,Clear
2,2022-10-05 21:18:19,28.488024560917868,76.99590728963439,Clear
2,2024-11-18 23:27:31,28.64029300317635,77.20345881355917,Clear
2,2023-08-01 00:00:48,22.503576884067467,88.3739809928907,Clear
1,2022-08-05 02:37:26,19.039946988078345,72.96330193491899,Windy
2,2023-05-03 04:21:44,28.594523184005602,77.19617695034567,Cloudy
4,2023-10-28 03:12:08,28.615585444397684,77.24286639781428,Rain
1,2024-02-02 06:04:48,17.367609335543047,78.48928604276436,Snow
2,2022-02-08 05:53:46,17.402956502317807,78.5138922649166,Rain
1,2024-12-12 08:21:27,28.424216272263383,77.02957405369226,Clear
1,2023-06-22 12:39:59,28.437291753679812,77.04918142237683,Windy
3,2025-11-05 06:16:32,22.567641807884474,88.37448130151219,Clear
4,2023-07-10 23:49:26,12.921508408336749,77.52728742998266,Heavy Rain
3,2024-03-20 02:51:22,25.52622507810583,81.79974208105256,Clear
1,2025-02-25 01:23:48,28.42531628066424,76.9636056162614,Cloudy
2,2023-05-11 12:46:35,19.15812404633977,72.90067348552945,Clear
2,2025-02-18 06:25:35,28.524693337308232,77.35910003968618,Cloudy
2,2022-09-11 17:01:23,25.471338731503632,81.80528590448345,Fog
2,2022-06-10 04:02:39,22.56119913873861,88.36786670623668,Heavy Rain
1,2024-03-26 14:33:20,26.887102470015332,80.99478315113328,Cloudy
4,2024-05-19 12:45:17,22.562456233189607,88.3838812055229,Snow
4,2025-08-14 17:19:05,13.120267830385576,80.30113503815288,Cloudy
3,2022-02-23 23:46:25,28.632280925964178,77.12540139881328,Cloudy
3,2023-10-03 12:22:50,17.348502873013526,78.49381367059569,Heavy Rain
2,2025-11-05 07:19:53,28.482268777114214,77.0459547955185,Windy
1,2022-07-21 04:43:43,17.416553129938336,78.49824624090834,Cloudy
3,2025-01-19 10:23:14,28.544459200124656,77.35182624152229,Clear
1,2023-09-09 16:13:22,28.470227927226443,76.99529445299345,Clear
2,2023-01-04 15:07:14,28.66373838459394,77.25848193769019,Clear
3,2022-10-25 20:49:16,25.44412290770987,81.83737423914266,Clear
3,2022-12-13 04:56:48,25.387663776127933,81.7762396081568,Fog
2,2023-07-20 05:42:28,25.44092193233122,81.8812072729793,Snow
1,2024-02-19 05:14:21,28.611790173784023,77.17361914761936,Rain
2,2023-11-20 22:59:18,28.53612904027789,77.48543141598861,Snow
1,2025-08-28 12:38:42,25.48293355504904,81.85935928389819,Clear
2,2022-05-23 09:09:17,28.441354752884287,77.00630506864879,Clear
1,2022-04-14 11:13:03,28.480159460887634,77.02302067774238,Clear
3,2024-06-05 10:39:05,28.522101388165463,77.36978706587232,Windy
1,2024-05-09 19:02:13,26.88230975844331,80.95022194542301,Clear
4,2023-07-20 03:39:04,28.591258276635784,77.31015109898466,Cloudy
1,2022-05-29 07:18:49,28.42488484465999,76.99131062847468,Clear
3,2025-12-18 09:35:48,19.058267780817424,72.88609554632997,Clear
2,2022-05-27 09:37:47,25.430999228119408,81.87385457931856,Cloudy
4,2025-08-29 13:30:57,19.12377704125293,72.93663976681317,Fog
2,2023-06-13 16:54:38,19.06450063618734,72.87390828034208,Rain
3,2024-11-07 07:39:15,22.52091699717687,88.40092303526397,Windy
2,2025-06-05 14:16:27,13.00556709608647,77.55056073797215,Clear
1,2024-03-16 10:27:21,28.53123759699463,77.41264231754329,Rain
2,2023-04-16 19:27:08,19.078619813427547,72.88727325486163,Clear
4,2024-02-10 20:23:51,28.669620871450164,77.1884291710738,Clear
3,2023-05-07 09:39:32,17.344291528523215,78.41433668379305,Snow
2,2022-03-12 02:58:48,26.826519317607996,81.00470640924311,Clear
2,2024-12-14 10:27:46,28.480482634681817,77.08412026529521,Rain
1,2022-09-23 19:56:50,19.062015643040116,72.91494965551456,Clear
4,2022-10-04 21:46:20,28.551806139070244,77.24026955848413,Clear
3,2025-07-13 19:02:01,26.816847508719643,80.98498692637492,Cloudy
1,2024-12-07 19:15:06,28.42306843474345,77.04230977909695,Clear
3,2022-02-07 01:03:56,28.566324883200295,77.26676823160808,Rain
2,2024-02-03 04:07:19,12.969384387202654,77.591849406248,Cloudy
1,2024-03-20 06:24:25,25.45124339377596,81.8400704827217,Clear
2,2023-06-03 19:04:38,28.571415677519546,77.35532006431787,Clear
4,2025-08-12 15:14:27,28.60973477480458,77.42522466476291,Rain
1,2024-11-08 02:07:28,26.829678314296494,80.9093650913915,Clear
1,2023-03-07 12:13:08,25.452348527447473,81.75101410506528,Windy
2,2023-11-13 12:12:27,28.60195690726418,77.20676875274123,Clear
1,2024-06-24 03:30:14,12.963239746308712,77.63847049880772,Cloudy
1,2022-04-29 01:51:38,22.582191359422726,88.35459265320746,Clear
3,2023-05-20 16:05:14,17.30784312821919,78.44892933640834,Clear
2,2025-04-11 08:31:18,12.94595153936137,77.61768104835538,Clear
1,2024-01-26 13:55:11,28.517994186110627,77.03540227844798,Windy
1,2023-01-06 18:35:10,28.523184417129972,77.4240991163124,Clear
1,2024-01-19 01:42:32,26.790676091184437,80.94822911438155,Rain
2,2025-05-20 15:03:54,26.84864572512931,80.93412632763773,Clear
2,2023-10-13 08:10:12,28.5481350681162,77.40203100963625,Rain
2,2025-10-07 05:15:29,28.57099728907264,77.26919945856153,Cloudy
2,2025-12-03 03:41:20,28.60966082106571,77.18318335730993,Rain
3,2025-07-27 06:37:10,13.041463710943301,80.2858497640882,Cloudy
1,2023-02-08 21:06:19,26.84015298692342,80.94954117144755,Fog
1,2023-03-10 16:32:54,28.45922249943913,77.05344675764725,Clear
3,2023-07-28 07:43:04,13.029153309999543,77.52399488579523,Cloudy
2,2025-07-27 06:26:16,12.989982033810549,77.5891190501929,Rain
3,2024-05-09 14:45:57,28.56514564338137,77.18654046393522,Heavy Rain
2,2022-03-09 08:05:25,12.999656180590424,77.56851123337869,Clear
1,2025-07-08 17:39:50,12.976421544181092,77.57915178738469,Windy
2,2025-12-01 03:29:44,19.00536180609991,72.92399162444413,Clear
4,2023-11-22 02:55:05,28.63409221437395,77.19680502173979,Clear
1,2023-08-15 17:16:26,28.57376280139748,77.34303035680286,Cloudy
2,2022-11-07 08:12:22,28.504492043239814,76.9844314980672,Clear
2,2025-05-18 11:25:30,12.936650036473115,77.5458805849621,Windy
1,2025-08-18 18:51:45,12.966652987808386,77.55321179922203,Rain
2,2024-10-02 17:31:14,28.505169216716176,77.031331168447,Cloudy
1,2023-11-12 05:54:03,28.61703986991918,77.18589425696852,Clear
3,2025-02-09 17:28:53,12.927037552913031,77.54847700867619,Cloudy
2,2025-05-25 16:16:32,26.84863228031473,80.91365532180626,Fog
2,2025-02-19 07:49:02,13.001689326795422,77.55621812345484,Rain
2,2024-11-25 06:29:32,22.639129113527304,88.37583026097369,Clear
3,2025-02-11 08:18:00,26.838521434789627,80.98386625567618,Clear
4,2022-12-27 22:39:38,13.089608041190388,80.27468151892181,Heavy Rain
1,2025-12-17 12:06:11,13.053640824724798,80.20568499941916,Cloudy
3,2025-06-03 01:34:57,28.609924416023265,77.19560956550472,Heavy Rain
1,2025-01-10 16:15:44,28.61534850168075,77.20366678759551,Cloudy
1,2024-03-02 04:37:18,26.809340405493895,80.97592835520823,Clear
1,2025-04-09 14:39:29,28.57647768762257,77.22543180762973,Heavy Rain
3,2024-05-20 09:50:56,19.139267078198476,72.93515000197029,Windy
2,2022-04-11 16:46:07,22.56575423671028,88.41321660882443,Cloudy
2,2022-05-22 04:42:28,22.57288233657939,88.36363019719812,Clear
3,2025-03-15 04:00:50,26.88760691209539,80.94813306527685,Clear
3,2024-08-09 08:14:33,19.023852232837594,72.83346449537433,Heavy Rain
1,2022-02-11 00:19:04,28.515346632693294,77.20735144022373,Clear
3,2025-07-23 18:48:07,28.462289292358392,77.00542939603469,Windy
2,2022-04-29 03:29:06,28.404471930957264,77.01583886849947,Clear
2,2025-06-28 04:54:08,12.996327691224154,77.59393072370511,Heavy Rain
3,2023-08-02 10:21:49,19.06723572022512,72.86025869594702,Heavy Rain
2,2022-04-25 13:01:15,19.042572119915246,72.86630703054519,Fog
4,2023-06-12 22:09:17,28.481702620452587,77.41441656598647,Clear
3,2024-06-14 02:09:38,28.495840444411936,76.9979054558504,Clear
2,2025-12-16 12:11:42,28.48065642200914,77.40524816341896,Windy
3,2024-10-08 07:23:21,26.840458156437684,80.95501248359865,Snow
2,2022-04-29 13:28:50,19.06486203523371,72.86804355620094,Cloudy
2,2025-10-30 01:21:57,28.5817456973678,77.24735776516627,Clear
3,2023-06-25 20:38:09,12.928555988319607,77.57677994076971,Heavy Rain
1,2022-05-07 09:31:43,26.886268431683803,80.94727824972493,Clear
1,2025-04-21 15:11:37,25.40925376269742,81.81202044916247,Clear
4,2022-03-28 08:00:40,28.471983366253742,77.10489398769715,Clear
1,2024-11-05 21:30:10,17.33202210389382,78.49553569942337,Clear
3,2025-03-08 18:28:11,12.964490378378681,77.58047423320546,Clear
3,2022-06-12 11:50:51,25.419611346179032,81.85986879576615,Clear
3,2022-11-09 14:19:40,12.960464452443373,77.6156256555301,Windy
3,2025-11-20 11:23:37,28.501697281310427,77.0118969898273,Heavy Rain
1,2022-07-04 17:44:04,18.987394590502458,72.89751423314326,Rain
3,2022-11-02 19:58:09,28.52357603386909,77.04386184909714,Heavy Rain
1,2024-04-23 12:09:28,26.82605296113125,80.95778636159861,Fog
4,2023-11-24 13:48:57,26.8648661459382,80.95702375943434,Snow
3,2023-03-04 04:07:25,28.47684551498784,76.99561353536485,Heavy Rain
1,2022-11-05 16:39:28,17.35465903952908,78.48566089234,Clear
1,2025-08-10 07:21:56,28.48639748246554,77.43621004626326,Clear
4,2022-03-02 21:53:07,25.41978104034123,81.88293494498215,Heavy Rain
2,2022-01-07 14:43:26,26.83198756356982,80.9811702358116,Clear
2,2023-01-05 06:51:51,13.089750279037107,80.27643219049176,Fog
3,2023-09-23 09:03:56,28.524701041484068,77.06105697508521,Fog
1,2025-10-12 14:05:07,13.125574349281957,80.23602502675142,Cloudy
1,2023-12-03 13:45:47,28.616697034230903,77.2202325521674,Clear
2,2023-11-14 22:13:40,22.641680670495756,88.358185256517,Cloudy
4,2025-02-14 03:25:59,28.636635346607616,77.19700487780926,Clear
4,2024-09-09 20:07:57,28.57340348901642,77.41879405771007,Cloudy
1,2024-06-10 00:04:08,26.82989095993665,80.90355667890408,Clear
3,2023-10-19 08:59:25,28.56674298732942,77.22197469484905,Clear
1,2023-09-02 11:23:31,28.443481305245403,77.06410165755891,Cloudy
3,2023-04-07 20:15:28,19.031026093879433,72.85717539525291,Windy
4,2025-01-31 13:29:31,28.59127889458059,77.17148141271039,Rain
4,2025-03-14 13:13:42,19.12600535634943,72.89411921242026,Clear
2,2025-12-18 09:36:41,28.480941923206796,77.02369895556438,Cloudy
2,2022-08-06 17:48:44,25.430776636570197,81.79676681241968,Cloudy
3,2025-10-12 23:27:31,28.646208055235757,77.22477696460152,Cloudy
1,2022-01-11 14:59:15,28.60790160640042,77.20056293731588,Rain
3,2025-09-15 01:28:06,26.77442971528107,80.98896316397419,Fog
4,2023-08-30 23:52:46,26.857446373303812,80.94440674575638,Heavy Rain
1,2022-12-07 21:29:34,19.047372194835074,72.88261781165001,Clear
2,2023-10-26 17:07:37,28.49114320619117,77.36757253663124,Windy
3,2025-03-26 17:58:57,28.59436194081608,77.23044888625843,Clear
3,2023-08-16 05:35:13,28.5517570661952,77.37840857441881,Clear
2,2025-09-11 16:31:03,28.60383025305577,77.19556864566805,Clear
2,2024-09-17 18:07:12,28.469005377005374,77.0619253234523,Rain
2,2022-09-24 09:09:46,13.001350149378936,77.61566776829861,Clear
1,2022-03-30 17:00:49,13.089468256296946,80.26690098339671,Clear
2,2024-01-16 22:58:40,25.44380972228336,81.89361850568895,Clear
1,2024-03-24 20:29:05,28.59994543761309,77.21170809989663,Heavy Rain
2,2023-03-01 20:39:26,12.99040778987272,77.61814521707511,Windy
1,2022-02-28 05:15:46,28.43898175489601,77.03076452474883,Rain
3,2024-11-16 14:16:15,19.038191160344766,72.92721608682889,Cloudy
2,2022-01-09 00:59:30,28.640440759919624,77.20165162512664,Fog
1,2024-12-10 01:53:35,28.45809869773676,77.08025543897872,Cloudy
1,2024-07-29 18:59:55,12.941857174894198,77.62263950043692,Cloudy
2,2024-12-10 10:10:54,12.953600585995028,77.62609403236465,Clear
2,2022-08-02 03:22:42,28.589025780263654,77.23292664091778,Fog
1,2022-02-05 07:22:19,28.448441261702655,76.94890038193553,Clear
3,2023-12-25 19:18:24,12.929307681767655,77.57135016589339,Fog
2,2022-06-01 00:43:28,28.565843335936723,77.23209211655247,Clear
3,2023-06-13 02:26:40,19.095128354561872,72.8810342422532,Snow
1,2025-12-23 12:26:10,28.58589839145,77.42864693779062,Heavy Rain
2,2025-06-23 03:27:34,17.370857569241164,78.51079214629632,Clear
1,2024-09-29 03:26:32,28.51044244022276,77.10233917166556,Clear
3,2022-02-12 17:09:17,19.092214434920162,72.88762874573946,Snow
2,2024-10-07 18:48:30,28.632060823649688,77.20998296159635,Clear
3,2023-05-18 09:12:24,17.417138498750226,78.4822302477498,Clear
2,2023-11-08 08:39:07,28.564343030319048,77.40161038399317,Clear
2,2025-08-15 04:24:04,26.867173372258023,80.94818473270938,Rain
1,2025-02-27 18:38:31,13.062618555735847,80.34026369563583,Cloudy
1,2024-09-08 18:17:57,19.101632182787768,72.90561479679401,Windy
1,2024-06-12 12:32:15,22.5662418675485,88.35524124710184,Clear
3,2022-11-06 01:59:09,28.57822503184234,77.37583273057204,Clear
1,2023-02-02 21:35:54,28.534976035368917,77.3500338401749,Cloudy
2,2023-08-21 18:05:04,12.965128268404406,77.57848055493959,Clear
4,2022-06-05 20:23:23,25.47965703735854,81.84314149914958,Fog
2,2022-08-13 06:27:00,19.042454271656084,72.85757296313345,Cloudy
3,2024-06-20 22:11:29,28.63539370318514,77.19640558387269,Fog
4,2025-12-15 03:20:35,28.504666770650086,77.46142105096501,Heavy Rain
3,2024-03-23 04:53:03,13.08168407578438,80.23558771930477,Cloudy
1,2024-09-04 08:29:07,26.842908314086436,80.92748009870247,Clear
1,2024-06-30 09:58:11,28.618030969988034,77.18769800993869,Cloudy
4,2022-03-24 18:32:22,22.639148463295523,88.3634856998816,Clear
2,2022-11-05 12:59:57,28.636608063565305,77.25113856377536,Clear
1,2024-12-07 13:48:51,28.418852859524893,76.99267520070914,Rain
2,2025-03-06 19:24:59,17.323864472171937,78.48873573646402,Rain
2,2022-09-21 00:43:46,28.50684879334572,77.35254465381266,Heavy Rain
1,2023-10-02 03:34:01,28.610688372068516,77.37046050621666,Clear
2,2024-01-29 19:14:10,25.410983806096496,81.8580643016031,Rain
2,2022-03-31 20:59:31,26.850755337279036,80.9190379914605,Windy
4,2023-04-06 14:37:12,12.948685742418899,77.61205719681135,Rain
2,2024-02-17 06:18:37,19.113924198316475,72.85244062410946,Windy
2,2024-10-10 16:06:53,28.44970118535177,77.03054621283269,Cloudy
3,2024-07-27 16:06:38,28.54313022670382,77.2280512946668,Clear
3,2024-08-20 09:22:24,26.84692878967073,80.93186071385166,Clear
2,2024-12-23 14:12:37,25.422140636417392,81.82599426972564,Cloudy
2,2023-01-29 19:25:28,28.465998434566554,77.02522237813164,Clear
2,2024-05-12 20:46:58,28.532658238555257,77.42023667023777,Rain
2,2023-11-29 22:53:56,22.588990821146744,88.37152853614731,Clear
1,2022-05-06 02:53:49,17.336387081832793,78.50108336657478,Rain
2,2025-11-15 13:08:53,19.062703807695936,72.88175512655947,Clear
1,2024-10-24 13:23:57,28.64820320670693,77.25041815320417,Clear
4,2022-10-26 15:14:50,19.062888201323588,72.86089406455275,Fog
3,2024-02-06 19:06:16,19.0114111986172,72.9064343732346,Fog
2,2023-04-08 02:16:41,28.501378437533898,77.01384506019362,Cloudy
2,2023-11-05 16:38:58,28.49592987390221,77.00078536590448,Fog
1,2025-08-18 22:23:22,28.624210188018914,77.18636072935413,Heavy Rain
4,2024-03-25 18:56:24,22.53736434281186,88.4352720715653,Rain
3,2025-11-01 11:20:05,19.144025443058215,72.87964086673053,Clear
1,2024-05-07 15:00:37,13.090089367189565,80.25606128796521,Rain
1,2022-12-21 22:58:31,22.619349548823415,88.35159792821787,Clear
2,2022-03-30 04:27:29,28.57937458253153,77.22708888430385,Clear
1,2024-04-10 10:47:08,28.407635407462152,77.03211311240665,Windy
2,2022-03-09 13:23:00,12.998346566564745,77.66363836705663,Clear
3,2022-07-03 15:08:00,26.85932899429406,80.9748771417234,Heavy Rain
1,2024-03-03 06:25:08,28.54708022358734,77.44975743325854,Clear
4,2022-10-21 06:30:54,19.09521074804321,72.86390683323569,Fog
2,2022-08-07 08:07:54,28.445327845825375,77.04476957264323,Rain
1,2022-10-01 12:05:32,13.04228835013618,80.23012511602693,Cloudy
1,2024-05-11 10:11:24,22.5651639446238,88.37266505990503,Clear
2,2023-09-20 01:43:22,12.9439251283179,77.5436584283534,Clear
3,2024-01-18 19:40:39,28.571957345855033,77.24460016860328,Clear
3,2025-10-15 10:56:09,28.507078482813075,76.97878259431842,Clear
3,2023-10-23 12:47:11,28.525548709403363,77.02944297734335,Clear
1,2025-10-19 12:47:23,13.127107320594485,80.22217039794268,Clear
1,2023-12-08 17:24:51,25.445145361670058,81.90894777702071,Clear
3,2022-11-27 17:35:44,13.03766868061101,80.25674957174948,Rain
1,2023-05-08 15:06:50,28.446519829026823,77.03252598033488,Windy
2,2022-01-12 04:40:08,28.56751949956808,77.28267803237671,Cloudy
1,2022-08-25 08:31:15,13.086309115385598,80.26120462028983,Rain
4,2023-08-31 00:21:19,17.360736833214908,78.46149436431499,Cloudy
2,2024-04-27 05:55:06,19.09053023714132,72.86125269501316,Rain
3,2024-01-30 04:00:58,28.62440612672496,77.13972346067513,Heavy Rain
1,2024-10-08 04:54:27,22.548658479423597,88.33145903086998,Clear
1,2022-12-14 19:27:18,12.985883362049949,77.56298474112273,Heavy Rain
2,2022-09-04 06:58:04,28.568506422454636,77.40083752787562,Clear
3,2022-11-05 04:41:46,13.14170104671909,80.3138454919724,Rain
1,2025-09-17 11:18:21,13.017202494768103,77.57132388383937,Clear
2,2023-06-30 04:31:48,25.433268484954418,81.82048308071552,Rain
2,2025-02-15 19:44:48,19.139513570669948,72.88075304623469,Cloudy
4,2025-05-28 04:58:52,19.102406304012728,72.82496194243078,Snow
2,2023-03-20 12:07:51,19.129064066312427,72.82493564693783,Clear
4,2022-04-05 04:02:44,28.666149116197783,77.23422545334037,Clear
3,2025-11-02 03:46:37,28.489604213719474,77.03716343701265,Cloudy
1,2025-12-08 11:03:17,26.817715095183548,80.92199535090572,Clear
2,2024-10-19 21:17:11,28.468655211942288,76.97446366356772,Fog
2,2024-01-14 05:04:20,19.120281961078355,72.83375861966077,Fog
1,2022-11-24 00:23:57,28.445469713274658,77.07208709498562,Clear
2,2022-10-08 08:46:11,25.412404843927295,82.0030679487859,Snow
2,2025-07-22 04:07:50,26.817901325706647,80.9577447146593,Cloudy
3,2022-05-23 08:26:36,19.119621543387623,72.837274702591,Fog
2,2024-04-23 06:21:33,26.854808543946824,80.94873208260617,Cloudy
1,2024-07-06 05:21:34,28.642525868834763,77.22909574729273,Clear
1,2023-01-03 13:04:16,26.911383818643692,80.96510062306031,Windy
1,2024-11-28 05:34:49,22.564161589285426,88.37933865695285,Windy
1,2023-03-31 22:08:57,19.05133019712466,72.85664216498888,Clear
2,2023-11-28 22:57:08,28.528137483867805,77.37976221996894,Clear
3,2023-08-15 06:07:21,17.37272643122195,78.46963263242755,Cloudy
2,2023-06-21 14:23:16,28.62011943160266,77.1811869285549,Clear
1,2023-05-11 08:44:27,28.444127378231236,77.11353180974056,Heavy Rain
2,2025-12-14 18:59:07,13.091853150885404,80.25912163181673,Heavy Rain
3,2024-08-08 12:29:13,28.50080289883076,77.39899917194552,Clear
1,2023-04-10 14:21:12,17.426768805273927,78.48369211846261,Clear
2,2025-07-05 01:48:16,28.540527079189587,77.35044224267514,Clear
3,2024-12-04 04:30:40,28.535202621292513,77.1696216285542,Clear
2,2025-02-03 08:15:00,22.539845906957332,88.32624371599465,Heavy Rain
4,2025-11-06 00:17:18,17.310338545033016,78.56019133917985,Fog
4,2024-06-24 10:28:46,19.059166654460906,72.96304397708097,Clear
1,2022-11-15 00:54:57,17.445691468404792,78.50014732275773,Clear
1,2023-03-18 10:31:32,28.549676238504947,77.36140567382759,Clear
3,2023-07-04 17:34:00,28.5605213025645,77.2136608271277,Rain
2,2023-05-24 20:00:08,28.638407344663158,77.17574466144819,Clear
1,2023-10-02 06:45:42,17.378245652128378,78.42432597213053,Clear
1,2024-03-31 19:29:28,19.154248963849895,72.84023309846944,Clear
1,2024-07-31 14:50:15,28.46437089616064,77.00174012869971,Clear
2,2025-12-30 13:30:45,28.618980204365965,77.17592918246066,Clear
4,2024-03-22 17:53:57,26.875504600720113,80.94765396441974,Fog
3,2023-10-24 04:56:54,28.529592160594348,77.38334617846729,Clear
3,2025-08-07 05:29:57,28.482147432543098,77.45034634510453,Heavy Rain
2,2023-01-09 13:36:44,19.096624920153516,72.85995679584092,Rain
1,2025-04-05 06:38:32,26.8112458891463,80.9425947243481,Clear
2,2022-12-30 16:56:01,17.38871254017354,78.51147270649543,Cloudy
1,2025-11-06 16:25:33,25.4479586444598,81.8605129788456,Clear
4,2023-08-19 20:20:04,28.465439260528992,77.04346887394685,Cloudy
1,2025-03-11 18:58:10,25.41244941574768,81.84746281334809,Heavy Rain
4,2023-09-15 20:24:09,13.104568623806886,80.29887299007731,Rain
3,2024-12-28 14:06:25,28.479458845324025,77.05302597277318,Snow
3,2024-07-17 02:42:30,13.0907350424376,80.24534727288689,Cloudy
4,2022-06-17 21:13:22,28.582618915125884,77.1684470715937,Clear
2,2022-06-22 01:22:48,26.81947329965389,80.94880869000778,Clear
2,2022-06-26 21:28:08,28.49999328781443,77.43232251310812,Clear
3,2023-09-22 23:45:57,25.45712335908114,81.83468472983623,Snow
2,2023-02-03 02:58:44,28.43957905778117,77.01090994575142,Cloudy
2,2023-02-24 12:32:26,25.45931957090478,81.80550647136482,Cloudy
3,2025-08-13 14:08:00,19.061459233093643,72.83092838387746,Clear
1,2022-12-15 21:05:36,26.84939775139835,80.98314929871091,Clear
2,2025-03-17 01:27:52,19.086077186743612,72.86834829520207,Clear
2,2022-06-08 06:52:58,28.448484170129753,77.4302019823265,Clear
2,2022-11-09 11:45:49,17.373490921069447,78.52291796956841,Windy
1,2024-07-30 22:36:33,26.805940862766143,80.92911523019502,Cloudy
2,2022-08-17 16:33:31,28.492287410388133,77.35998165483228,Cloudy
1,2025-04-14 03:50:14,22.56499627350537,88.39233522152884,Heavy Rain
3,2022-03-10 19:18:02,28.464847382848507,77.08266652746694,Clear
1,2024-06-29 19:48:46,26.87446290012335,80.92010328364898,Rain
1,2025-11-18 05:05:17,28.517245988765534,77.36297627899923,Cloudy
1,2022-08-21 19:08:38,26.850561740160575,80.9849738148846,Windy
3,2025-06-26 00:07:47,13.090922306767403,80.28165675170867,Clear
2,2024-07-14 02:59:40,28.536726414295963,77.0293877353915,Rain
4,2025-10-21 07:17:36,19.058227367821768,72.83966508365131,Clear
1,2025-05-23 02:43:47,26.853051065242987,80.88417902600516,Windy
1,2023-02-25 22:41:52,25.367942003171645,81.8065594531982,Cloudy
3,2023-05-12 16:36:45,26.81767997800948,80.94695828940964,Clear
3,2024-12-12 01:50:36,28.53031337483587,77.43971970516635,Rain
2,2024-08-02 23:14:11,13.00879196240858,77.62688497127164,Clear
1,2023-07-06 05:55:08,19.02235906178908,72.88712571663469,Heavy Rain
2,2024-08-05 01:33:04,26.807501915529794,80.95569144717653,Clear
2,2022-12-14 16:12:48,28.56420498628953,77.16732516988192,Clear
2,2023-02-03 06:56:27,12.99185073872204,77.60832645085146,Rain
1,2025-02-18 08:41:31,28.61862694966743,77.24187770724251,Cloudy
4,2025-02-18 00:15:51,26.85602033747542,80.92530545391341,Snow
1,2025-02-03 04:30:33,22.51965799290554,88.33620704881736,Windy
1,2024-01-17 01:01:24,13.017988029057657,77.59436323922202,Clear
3,2024-06-19 03:48:34,26.787629050715644,80.93776027694643,Rain
2,2022-12-24 01:57:57,25.402376258752497,81.78136623111565,Windy
1,2025-10-22 04:16:57,12.997968085934096,77.60724487371701,Cloudy
2,2023-01-18 22:01:03,22.587509409262477,88.33167931694356,Windy
2,2023-06-06 11:28:28,28.55869700701782,77.17924307889649,Clear
3,2023-11-27 10:24:32,28.610098417077158,77.20493752164579,Cloudy
1,2025-01-25 13:26:08,28.500652515746452,77.39781126594615,Rain
4,2024-01-15 08:14:52,28.399193388974805,77.03749415948836,Fog
1,2023-02-25 19:58:09,19.05482277082473,72.85804404632681,Clear
2,2025-03-24 11:37:43,28.503287448429255,77.42799706539749,Clear
2,2022-08-01 02:27:39,25.41163768468558,81.84329476347207,Rain
4,2024-06-03 19:53:53,25.462589075460468,81.88386944458436,Snow
2,2023-06-15 14:31:08,12.988359665062621,77.59364750536677,Clear
2,2024-07-16 18:45:56,19.071571588266497,72.90482200942199,Fog
1,2025-07-15 05:42:25,19.109997049958952,72.92652856672758,Rain
1,2024-12-24 11:16:36,28.67542394148257,77.18903611411412,Clear
2,2025-06-26 19:04:12,13.042440998773275,77.591108390364,Fog
1,2025-01-31 18:17:18,28.577593583059453,77.18154015525892,Cloudy
2,2023-04-18 14:14:56,25.429160727729165,81.87603545858663,Cloudy
1,2023-06-13 03:43:09,26.84601643636865,80.92122298873785,Cloudy
2,2025-11-07 04:35:03,19.076584530354364,72.86492034717715,Snow
3,2024-05-08 13:21:22,19.127843280706827,72.90425967180437,Clear
3,2024-07-26 21:41:12,25.4194820412899,81.80984914668788,Cloudy
1,2025-07-02 11:05:43,12.950815040345889,77.63333987685654,Rain
1,2025-03-08 16:53:37,19.052111098384625,72.85961313513589,Cloudy
3,2022-12-31 03:28:47,19.083585903075274,72.82975782287593,Clear
2,2024-06-05 03:25:33,28.594003567451896,77.19060949529981,Clear
1,2024-11-06 16:38:52,25.423084079706403,81.8566800436843,Clear
1,2025-10-19 23:00:14,28.552015413855266,77.31374836995212,Rain
4,2022-04-03 12:37:43,28.59355604175086,77.22382436886124,Clear
2,2022-09-14 12:13:01,13.081801365887594,80.22597304127054,Heavy Rain
1,2022-06-30 19:56:03,28.553788226825482,77.36814019135245,Rain
1,2022-11-03 17:53:24,26.86439923754541,81.02305905685137,Clear
2,2024-11-20 04:05:17,12.945833102046606,77.62928664664246,Windy
3,2022-03-18 23:22:23,12.955953094741188,77.59044127050448,Clear
3,2023-03-12 20:57:16,28.509907545366225,77.42041197630795,Fog
2,2022-03-07 15:20:39,28.598540250333265,77.16913284723343,Cloudy
4,2023-06-09 04:01:23,22.63295464262135,88.37089216776423,Windy
2,2024-08-22 10:31:30,19.04970169568147,72.94015787687036,Clear
2,2023-01-04 22:59:19,28.486209980524837,77.05888684095817,Clear
2,2022-03-10 01:41:40,26.839145923559734,80.98602502215893,Clear
2,2023-05-04 21:59:56,28.444616307899466,77.05592417871335,Snow
1,2022-05-28 07:29:31,28.65379498115266,77.20614393264786,Clear
1,2024-04-04 00:04:07,13.107161632702562,80.34927144449522,Cloudy
3,2024-07-17 11:31:26,28.453462959053912,77.01612355593464,Rain
2,2025-06-11 04:05:35,28.577022718508378,77.21129438038027,Snow
3,2024-05-19 17:25:57,13.006473594897505,77.65961568068273,Clear
1,2023-10-06 03:12:19,17.376506673850052,78.57701021645417,Clear
1,2023-11-22 17:23:01,19.1080819691053,72.88765791938826,Clear
1,2024-06-21 09:53:11,28.645892700747844,77.17445338373723,Clear
1,2022-10-13 12:39:12,28.473539839144248,77.09152455751183,Clear
2,2023-04-24 03:43:38,22.547913508417007,88.43281005979217,Clear
2,2025-01-17 13:40:51,17.341900434082685,78.54760200442189,Cloudy
2,2022-01-23 23:07:51,26.798503593369702,80.90426445556338,Clear
1,2024-11-15 02:51:27,26.85989831546048,80.96419929573453,Clear
2,2022-10-28 05:36:15,22.646309148595794,88.37730087429084,Rain
3,2023-02-23 04:01:34,25.431047152591006,81.84460264484579,Cloudy
2,2023-09-11 17:24:39,28.612081288769655,77.17587910639963,Rain
2,2024-07-11 15:43:46,25.412418463225304,81.87310348348721,Cloudy
1,2024-05-01 21:35:56,13.008096132149447,77.59615567715714,Clear
2,2025-11-09 11:37:48,28.447977840283485,76.98081232807363,Clear
1,2022-08-23 16:07:02,28.559113503746268,77.35564209248318,Clear
1,2025-11-19 08:20:54,17.40384642855391,78.43660846319536,Clear
2,2025-05-19 07:40:40,12.931938139546046,77.58065114364534,Cloudy
2,2023-06-30 12:46:47,25.36544241709019,81.79996171205231,Rain
2,2022-10-22 09:47:04,17.45847373317393,78.46198218260761,Cloudy
3,2023-08-25 07:30:03,26.803806284722477,80.95091804981516,Clear
4,2025-11-22 06:05:11,28.662601028843458,77.20157144915561,Cloudy
2,2022-10-09 03:09:50,22.591633232886085,88.3324133469859,Clear
1,2023-12-20 03:50:30,28.58402650921638,77.26233810332072,Clear
2,2022-02-01 14:00:59,22.520541894375864,88.3669521747213,Snow
2,2025-01-28 11:29:44,12.979335883090288,77.59459785640304,Cloudy
3,2022-01-10 18:42:05,12.972191716845654,77.60701705040198,Clear
2,2023-04-04 01:33:30,13.150605482114228,80.29668009776525,Clear
2,2023-11-24 14:57:12,25.43571817357649,81.78544508978143,Rain
2,2023-12-31 01:07:16,26.913363795872854,80.94597384420724,Clear
2,2025-11-03 08:17:10,25.41513164005562,81.83230214455135,Windy
3,2024-12-25 23:56:31,19.095246068866572,72.85474709409856,Rain
2,2025-09-18 23:08:26,28.595748124955747,77.22709501058799,Clear
2,2023-12-12 13:08:16,28.54820484962014,77.34992293626087,Cloudy
3,2024-05-17 05:12:57,22.650702371732088,88.35156323690447,Cloudy
1,2023-10-24 13:05:22,28.47524681110909,76.99756862928969,Cloudy
3,2025-10-21 06:39:40,17.36812565004875,78.49498264194355,Clear
2,2025-11-03 11:09:01,19.027903929166996,72.87496405223526,Windy
4,2024-02-06 13:58:45,28.597732725686306,77.3932206355033,Cloudy
3,2023-11-09 12:46:06,28.465078761922165,77.02979451643587,Rain
2,2023-01-29 15:38:11,28.699295606344492,77.2195434868032,Heavy Rain
1,2024-12-10 05:24:24,19.078442324577534,72.88847865432281,Clear
2,2023-01-11 01:42:50,28.598809572675393,77.20891156687033,Snow
2,2024-07-07 15:24:19,26.85345677810353,80.89307171038548,Clear
4,2022-12-04 23:13:33,28.585226337054497,77.25008748865743,Rain
4,2023-10-02 15:57:32,26.865392203471092,80.94330933861043,Clear
4,2023-01-12 23:18:38,28.56293906000474,77.38088495734897,Clear
2,2023-07-15 07:03:10,28.621495155513767,77.3804557360399,Clear
2,2022-02-23 09:07:59,25.373827169152722,81.82111681704899,Clear
2,2024-11-27 08:01:26,28.65786691037948,77.25056996844485,Snow
2,2023-04-12 01:09:12,22.604952507880913,88.38375262669018,Fog
1,2023-09-12 15:30:12,22.55359585026298,88.37420591090557,Rain
1,2022-01-21 08:25:36,13.11873615264969,80.34008646575592,Clear
2,2023-07-09 16:41:20,26.902618624884674,80.97620627671672,Heavy Rain
3,2024-04-13 23:44:11,17.36737617478395,78.50189564335726,Heavy Rain
2,2022-08-26 15:18:16,28.590514778296914,77.24290606174085,Clear
1,2024-09-18 21:34:22,25.433977776058025,81.7986427208137,Clear
1,2022-11-12 15:40:22,12.939334946202536,77.62744369669208,Cloudy
1,2023-11-05 01:50:02,19.042777528173517,72.88558638128393,Cloudy
2,2022-05-03 06:17:13,19.047521739870188,72.85076167568461,Cloudy
2,2023-10-15 14:58:00,28.614429314155462,77.22077130392624,Cloudy
1,2024-06-20 16:36:35,28.6409857010705,77.23843644469366,Clear
1,2023-02-08 17:08:18,28.581240831895986,77.23257154786555,Cloudy
1,2024-01-06 08:01:56,26.90653978100364,80.98854628860067,Rain
2,2025-01-21 16:21:27,28.494576742883112,77.00793243649728,Clear
1,2024-06-05 09:47:03,22.605359060574298,88.40222269194747,Clear
1,2024-11-17 09:10:23,28.580768653142595,77.19845338485088,Clear
2,2025-10-06 00:01:45,28.529202479647378,77.46414002370942,Clear
2,2023-11-09 21:36:05,26.80367386927156,80.93889839671768,Cloudy
2,2024-08-24 14:50:10,26.887360980517702,80.95501925838171,Clear
3,2024-06-10 08:55:59,26.83513063844216,80.96940829074691,Fog
3,2023-06-13 16:03:25,28.592863618465994,77.42278079318878,Clear
2,2024-01-08 00:52:27,22.55053395410351,88.42119788427975,Clear
1,2024-02-28 02:23:27,17.35511747669902,78.53934394931953,Cloudy
1,2023-05-14 21:01:26,26.906273777693556,80.9409080915006,Cloudy
1,2025-10-07 20:38:08,12.947475318189667,77.57062513474557,Cloudy
3,2025-08-28 22:36:04,12.982204015575556,77.57397938642039,Rain
4,2023-09-10 12:52:57,28.59576530801666,77.19016170044739,Fog
1,2022-11-18 21:27:56,22.571620560256523,88.36699762158362,Clear
3,2024-05-26 15:14:17,18.98406603354005,72.8719965291218,Clear
2,2022-05-15 00:41:39,28.429991419336798,76.9857476680035,Snow
4,2025-12-08 23:24:35,26.894263248294347,80.92770841888114,Windy
2,2025-04-23 07:09:57,25.497511122528042,81.8630134768889,Heavy Rain
1,2022-06-08 12:35:12,28.619616713823714,77.260160095569,Cloudy
1,2025-11-30 04:59:47,19.04785062274927,72.88347642227883,Rain
3,2025-06-05 12:39:57,17.353094231819487,78.52135214307508,Clear
2,2023-04-03 02:53:45,13.010832777934219,77.64953700054288,Rain
2,2024-07-12 07:29:27,25.381514083630584,81.89898185996077,Rain
3,2023-09-20 16:24:51,22.572850363963415,88.38635688313545,Heavy Rain
4,2024-12-17 07:37:19,17.372968521817146,78.49095113724698,Rain
2,2025-02-14 14:08:37,26.823617659710653,80.9521669638244,Clear
2,2023-05-21 14:45:32,28.50254337820457,77.40870770070373,Clear
2,2022-07-14 12:09:29,28.502570126464622,77.37324291814056,Cloudy
1,2025-02-26 05:59:57,28.567767773230266,77.4207993477867,Clear
3,2022-06-28 22:17:00,12.977373490639316,77.63422339082922,Clear
1,2024-04-15 04:57:42,28.41272591518246,76.99590031215435,Clear
2,2024-08-02 17:34:56,19.01722771684812,72.91182875001512,Snow
2,2022-06-20 16:22:24,28.666260110934445,77.1987207616003,Cloudy
2,2025-03-09 10:31:34,13.004981608953399,77.67061309335888,Heavy Rain
4,2022-06-21 20:44:58,19.092580608126905,72.85659079691209,Clear
4,2024-06-06 20:43:43,17.39303555889415,78.47836144943355,Rain
1,2022-09-02 01:45:53,19.098666209389847,72.89497380529714,Rain
1,2023-06-10 13:54:22,22.49942008209404,88.4016590483809,Clear
1,2025-11-03 02:37:02,22.54579405760878,88.37985659216086,Clear
1,2024-03-13 14:21:19,28.628554660240233,77.20851093700334,Fog
2,2022-04-27 10:10:34,13.062020764152665,80.31655505356719,Clear
1,2023-09-28 22:51:36,26.798377174046145,80.96062248979732,Windy
2,2023-05-12 12:35:37,19.105510263040877,72.885001954817,Clear
2,2024-07-04 21:38:18,13.004168666176362,77.57147055811366,Clear
2,2024-01-05 12:15:36,28.471122851149588,77.04921453866085,Heavy Rain
1,2023-06-11 06:39:42,17.374589433587452,78.55964249457783,Cloudy
2,2023-01-29 08:23:51,28.434209112650947,77.04202869296171,Rain
2,2025-12-12 14:03:23,22.603157312321624,88.38521445562723,Cloudy
1,2024-02-08 17:29:00,26.8446136554114,81.01433876868212,Cloudy
2,2025-06-15 04:51:50,13.03873369906474,80.20210144017871,Heavy Rain
3,2025-07-28 15:17:12,25.429150650177604,81.84751640674021,Clear
1,2022-01-14 08:07:09,22.599272235585193,88.43114330959814,Cloudy
2,2025-12-02 06:18:31,19.043259760808947,72.87113404125532,Heavy Rain
2,2023-02-01 15:44:04,28.605453751422175,77.19888579596069,Clear
1,2023-11-06 22:49:33,13.027822146383562,77.58670796652892,Rain
3,2025-02-04 18:54:47,28.523139754630996,77.03332672873105,Clear
3,2022-11-30 09:55:44,17.42690124860117,78.45971352450006,Clear
1,2023-04-10 11:10:13,25.480986828144587,81.91286179980456,Clear
2,2023-05-29 01:27:17,17.41542651864162,78.42178247419886,Clear
2,2022-11-24 14:51:38,28.629144121164735,77.21482698454021,Windy
2,2023-04-09 16:49:29,22.58656038434459,88.36173975762615,Clear
1,2024-01-22 00:22:13,19.072493953092465,72.88522240876719,Clear
3,2022-12-29 04:30:05,28.52196330239439,77.40269242767566,Clear
1,2023-07-11 20:44:54,28.655465713630633,77.20376116682297,Clear
2,2025-08-04 05:28:16,26.808507874755467,80.9965263947679,Cloudy
4,2025-03-05 18:38:30,17.367426226130963,78.4975561539514,Clear
2,2023-09-26 23:59:28,12.992019172052936,77.6182636273404,Cloudy
3,2025-11-26 03:01:05,25.47440791474027,81.84084856419959,Rain
2,2024-11-06 10:56:03,19.09325911345256,72.91115512122838,Clear
2,2022-09-12 15:31:18,25.431610299343575,81.8514798463339,Clear
1,2024-12-27 08:07:05,17.387164108520636,78.48372824367627,Clear
1,2024-11-30 15:03:51,25.482291613223452,81.85845936671933,Cloudy
1,2024-06-28 06:32:53,25.355604751759056,81.80750260182211,Heavy Rain
3,2022-12-13 08:02:33,13.07194638210184,80.3186183103967,Clear
1,2025-04-23 23:08:45,28.59878820788523,77.15078146510243,Rain
2,2024-02-07 06:43:37,28.629368053433293,77.19339596816586,Cloudy
3,2022-10-23 08:48:00,19.050558871587835,72.91428226537113,Heavy Rain
3,2022-06-14 09:00:30,28.600270875346613,77.25645318688011,Windy
1,2024-09-03 11:08:04,28.610099473311024,77.245110864318,Cloudy
1,2025-02-05 21:22:23,28.465343866816696,77.07772381162452,Rain
1,2025-01-07 03:28:08,17.422645821786944,78.49770012604175,Rain
1,2022-06-02 10:26:00,26.851554339919097,80.96906378308695,Cloudy
2,2022-04-01 20:11:13,28.47497985734156,76.99631452537028,Clear
1,2024-06-04 14:35:38,28.58506485412819,77.19669703181344,Clear
2,2024-02-29 15:44:35,17.353820891195426,78.41850675226438,Clear
3,2025-07-22 03:07:32,28.43244837176902,77.0139215405785,Heavy Rain
4,2023-10-14 02:58:17,26.805277784116846,80.95567257101911,Clear
2,2024-11-27 00:43:52,28.450147579170686,77.00210066849289,Fog
1,2025-12-19 08:57:20,17.370423804258873,78.48703342320269,Rain
2,2025-12-04 14:33:38,28.608078902902463,77.21746843908124,Heavy Rain
1,2024-07-19 17:25:48,28.462109742172117,77.01344987318312,Fog
1,2023-01-26 09:11:58,28.61817995618268,77.21090063661643,Clear
3,2023-05-23 06:18:59,26.885267124072445,80.96422891840511,Rain
1,2023-11-29 20:43:33,28.48516127610979,77.07483499381742,Heavy Rain
2,2024-04-24 22:09:22,28.544670699168385,77.38628420278656,Clear
1,2022-02-13 10:11:26,25.450542778380235,81.84730382434945,Cloudy
2,2022-03-30 06:14:15,26.898122470390444,80.97341280335431,Heavy Rain
2,2024-11-17 21:26:12,28.43796144415831,76.95974110365516,Clear
2,2022-09-20 11:08:50,28.640175962743236,77.12029823328676,Clear
4,2024-02-21 19:32:57,22.572758525186806,88.38830856175493,Snow
4,2023-08-31 16:42:28,17.350666864554533,78.4597215229285,Cloudy
3,2023-03-12 03:01:28,28.524042095816966,77.4369609425482,Fog
2,2024-02-28 10:41:52,26.8796566654743,80.94887813217854,Clear
1,2024-07-02 13:57:48,25.459191663036215,81.80676800478416,Rain
1,2024-07-02 12:56:13,28.458055172931264,77.08662913763627,Clear
3,2023-06-26 13:31:32,28.51734767008804,77.45114273985175,Fog
1,2025-06-04 10:34:28,28.682488939368458,77.21996345927928,Rain
3,2023-03-31 05:46:07,25.425280071329517,81.83065578565179,Cloudy
2,2025-03-07 05:54:02,22.59614648755198,88.32264995253304,Clear
3,2025-03-07 08:39:01,26.731355358701144,80.98668666938626,Clear
1,2024-08-04 06:40:21,25.417783311522864,81.78528256550271,Clear
3,2023-11-17 09:44:08,12.964842127409769,77.63136118432968,Cloudy
1,2024-09-16 10:10:01,28.551551015885718,77.42278778834321,Rain
2,2023-10-22 11:53:02,13.050739345528568,80.30785319251898,Clear
1,2024-12-13 16:46:15,28.472480372736484,76.9919032962718,Cloudy
1,2023-08-07 23:46:19,19.033957551338737,72.84837904139779,Clear
3,2024-12-21 03:37:48,19.02082918511301,72.89151650861878,Clear
3,2024-10-17 18:58:13,28.608000892943377,77.22271603201298,Cloudy
2,2024-04-21 14:32:48,28.631414951268113,77.26126345458152,Cloudy
2,2022-03-10 01:06:21,25.45965812279891,81.92961357111575,Clear
4,2022-12-07 14:55:45,17.397135340568468,78.47490407688615,Cloudy
2,2024-08-01 17:17:00,19.08173830183132,72.89206610776658,Clear
3,2022-12-29 08:01:54,28.475125509805405,77.3061507295256,Cloudy
1,2023-05-09 01:19:02,17.447437151231263,78.4865511766148,Cloudy
1,2023-04-05 20:35:03,28.605611375493712,77.23396543618172,Clear
1,2022-05-21 19:31:44,28.65659801197315,77.23421251244378,Windy
1,2025-07-07 01:56:53,28.66838297986791,77.21431285821055,Windy
1,2025-04-16 10:58:02,13.078090491114905,80.24999791100252,Clear
2,2022-09-10 09:27:22,13.004003162455863,77.5917330696496,Cloudy
2,2025-03-02 18:39:24,12.909199374430504,77.59713398597985,Rain
1,2022-03-02 10:50:54,26.834800569717697,81.01455305938998,Clear
2,2024-11-15 04:00:47,19.092748579081796,72.86480302802482,Cloudy
1,2025-08-29 22:20:26,28.63490407593356,77.20825035967667,Clear
3,2025-01-07 21:09:46,22.61747379369993,88.34474492408782,Clear
2,2025-08-27 06:51:55,28.536191028980614,77.20790089440764,Cloudy
2,2023-08-14 14:47:57,12.958717960124972,77.58033437293692,Clear
2,2023-11-30 22:18:05,17.411914703772073,78.41483959215533,Heavy Rain
2,2025-12-01 20:08:50,22.560353225933405,88.39276416225738,Cloudy
2,2022-10-27 05:24:24,22.532863930156644,88.35473743142316,Heavy Rain
1,2025-06-29 19:05:39,28.59790528581612,77.15971206310924,Clear
3,2022-07-22 22:03:30,12.991093175881918,77.5661442001741,Cloudy
2,2023-08-26 01:23:51,12.906008057404408,77.6714716282083,Heavy Rain
2,2022-07-20 19:01:36,12.998728129411099,77.64749629797211,Rain
4,2025-06-15 02:00:20,19.11235544708048,72.8847535362024,Clear
2,2024-09-19 13:15:15,12.962243904189128,77.61029446373176,Cloudy
4,2023-05-15 11:56:30,28.553770722228876,77.37198794748683,Fog
2,2024-04-03 15:13:22,17.39076234860074,78.50329146847966,Clear
1,2022-12-03 19:30:59,28.524144859638803,77.46105515107955,Fog
3,2025-06-26 06:12:23,22.621603493413975,88.34193180563906,Fog
3,2022-09-25 14:49:03,13.08761490536057,80.28593954784559,Fog
3,2022-12-06 05:25:42,28.601049975013346,77.2483039280055,Windy
2,2022-04-12 19:11:57,28.623892015694082,77.17157091644675,Heavy Rain
1,2025-05-01 10:19:20,19.11409739001352,72.81977498600956,Clear
2,2023-06-16 02:11:52,28.434652830346675,77.06482193940036,Rain
2,2025-09-26 08:02:13,28.578939701200518,77.31649934269106,Fog
2,2022-05-07 00:46:26,17.338383041136314,78.53247874673923,Clear
3,2023-11-17 15:04:32,17.438518535233566,78.52581321920711,Rain
4,2025-11-25 04:48:46,25.406131481777475,81.79740307418986,Fog
4,2024-08-02 06:37:29,28.513004744214104,77.40747000107902,Rain
4,2024-04-20 20:04:01,28.529168834077588,77.38252159443286,Heavy Rain
1,2023-02-16 22:45:16,19.137877503339386,72.91132590041384,Clear
3,2022-01-23 04:29:28,13.014733272000605,77.54341649938465,Clear
2,2025-06-28 15:52:38,26.886412389493735,80.92268289413373,Clear
1,2023-01-04 16:32:08,19.11832307265284,72.87684997265156,Rain
1,2025-12-14 15:52:37,28.429955179670703,77.04646676912905,Snow
4,2022-07-07 20:26:29,17.407291782765107,78.47007061525444,Clear
2,2024-05-28 02:25:36,28.651138454576607,77.19447654423035,Cloudy
3,2022-08-22 18:38:14,26.81534185487439,80.95568619885015,Rain
3,2025-09-22 12:26:40,25.374876219722942,81.8280254434821,Windy
1,2023-08-17 01:07:19,25.522745042826088,81.88803670908777,Clear
2,2024-03-16 12:55:05,19.13321119291164,72.87081161069159,Clear
1,2024-12-15 10:00:57,28.407332749699208,77.06714979224878,Clear
3,2024-02-24 06:36:42,28.64339809419412,77.2180501215258,Clear
2,2023-04-05 13:46:52,28.623740780001313,77.20582386349314,Rain
1,2024-07-01 07:49:22,28.50332964171357,77.03550892262399,Clear
3,2023-04-05 01:43:33,22.614310210584062,88.38860629686366,Heavy Rain
1,2025-01-11 07:04:30,26.77118806597844,80.95457515401732,Cloudy
2,2023-07-01 13:38:51,28.546254305010088,77.20025285303062,Clear
2,2024-12-09 23:57:45,28.526436440783137,77.33633424998965,Fog
3,2022-08-08 06:21:30,12.940703103258139,77.52887962976314,Clear
1,2024-06-24 12:55:40,26.818352910012376,80.97591058405997,Windy
1,2024-10-25 05:29:06,25.46100915332434,81.87361741322407,Cloudy
1,2025-05-02 22:37:23,17.372210379761494,78.43059361804475,Clear
2,2024-08-12 15:36:07,26.873190634291216,80.91377818864403,Rain
1,2023-04-29 06:35:45,13.117869093995383,80.27926132101337,Cloudy
1,2022-06-09 22:01:36,28.552018014828896,77.20968410456794,Clear
1,2024-02-07 15:17:19,26.807493041949556,80.920531302018,Fog
4,2023-12-05 00:25:45,28.55601141541343,77.20934348091387,Snow
2,2024-11-26 06:44:09,28.514261113037474,77.3818648778727,Clear
1,2023-08-28 21:41:02,26.73975018677995,80.9363178769668,Cloudy
2,2023-05-14 04:13:59,13.09476712404073,80.24899919678232,Clear
2,2025-08-24 09:18:37,13.054471805864022,80.32940201784882,Cloudy
2,2024-06-14 14:26:12,28.588625279538494,77.25834956290657,Clear
3,2024-08-16 21:29:36,28.61826725028871,77.21802515660532,Rain
1,2025-07-23 06:06:04,26.856220941382006,80.9563227679321,Clear
1,2022-12-13 17:32:14,12.932461882122539,77.62336725188456,Cloudy
2,2023-09-15 23:31:08,28.530929858994668,77.40714657495624,Cloudy
2,2022-09-05 07:19:05,28.463011303451463,76.97454877649075,Heavy Rain
1,2024-02-10 04:30:18,12.957117779519352,77.57270615739074,Heavy Rain
2,2022-01-03 20:08:07,19.04240096182996,72.89048886728827,Rain
2,2023-04-02 08:25:49,12.983344454912386,77.51788051455165,Clear
2,2025-05-08 14:04:00,28.5610059555263,77.36131765755901,Rain
1,2023-05-08 05:18:48,12.987778831525258,77.63124076613131,Fog
1,2024-04-14 08:25:55,28.6061292947367,77.19183602616032,Rain
2,2023-02-10 09:49:48,13.033888166048069,77.61405956017916,Heavy Rain
4,2025-10-24 16:25:57,28.60084645214254,77.16892821098264,Cloudy
2,2022-06-21 04:49:11,13.038724680056234,77.59008220041837,Clear
2,2022-11-12 22:14:36,13.092413055060867,80.28190657492227,Clear
2,2023-03-18 04:11:33,28.633883099311138,77.18049590126525,Cloudy
2,2025-08-01 01:29:10,25.483717145494488,81.81937340959773,Clear
3,2023-01-21 00:05:29,17.39114397853423,78.51734267674455,Clear
2,2024-12-27 02:24:33,26.87939495047818,80.96137083545949,Rain
1,2023-01-02 02:07:44,17.334843585838378,78.56340733892692,Snow
3,2025-11-23 11:56:57,13.030844970157844,77.5895310377079,Cloudy
1,2025-10-31 23:21:57,26.816984179877128,80.99748827996245,Clear
1,2023-09-22 18:31:06,26.89298415136841,80.88322251615743,Cloudy
3,2022-08-22 10:18:23,17.34134835027605,78.48081152287644,Heavy Rain
2,2025-10-24 23:31:05,28.57944554338387,77.09586020986207,Cloudy
3,2025-09-29 15:26:33,17.366367551540684,78.52060183249971,Cloudy
2,2024-03-16 05:26:08,28.667533313390567,77.22371878470665,Clear
1,2022-05-12 11:45:52,19.093035952575534,72.88460596943017,Heavy Rain
2,2024-08-20 18:12:13,28.681272917961547,77.19821101795864,Rain
3,2022-10-27 08:47:16,28.670166608538857,77.22357386905604,Cloudy
1,2025-02-09 00:20:11,28.69441574918514,77.15846257145438,Cloudy
1,2024-03-22 12:43:31,13.053391672361114,80.30205286763827,Clear
2,2023-12-10 00:11:26,26.853746408866755,80.9328071678091,Clear
1,2022-10-03 12:58:02,26.84065153268373,80.90668274523587,Cloudy
4,2022-10-03 02:28:41,17.374705688686834,78.44862568583002,Rain
1,2022-06-14 18:46:14,13.074436582350453,77.57126832528769,Cloudy
1,2023-03-27 15:38:36,19.06944704374726,72.91384301308177,Clear
3,2024-10-12 01:06:26,17.42202862498436,78.48956455170854,Windy
1,2025-12-03 06:23:20,28.48167504604286,77.04367251061288,Clear
2,2025-08-31 09:56:05,22.598707627858335,88.35911048887996,Clear
1,2022-12-15 14:10:42,26.85174887327987,80.95777743322884,Cloudy
2,2023-12-25 06:07:27,26.84878130745814,80.86863577735669,Cloudy
3,2025-04-16 03:05:52,22.54954190107699,88.3797752948251,Cloudy
3,2025-02-27 03:52:11,28.452221834039406,77.05341481545844,Fog
1,2025-05-13 17:46:43,28.597094320088246,77.21005492314603,Windy
1,2025-12-26 23:26:59,12.924082864426788,77.59016237619169,Clear
4,2024-11-20 08:59:34,28.604616993672135,77.25944896886126,Cloudy
2,2022-09-10 22:14:13,28.505213718588326,77.42362974241892,Heavy Rain
4,2024-08-17 21:39:11,28.611869471696213,77.19313223710053,Cloudy
1,2022-10-13 00:57:33,26.80487253027697,80.94807299960098,Clear
1,2022-06-18 15:13:43,28.487039118134543,77.4588892004955,Clear
3,2022-01-22 12:09:17,25.392854507294903,81.82250329361386,Cloudy
1,2022-09-03 06:50:48,28.578758012077984,77.3202980254917,Clear
2,2025-09-07 02:51:14,17.364321357816802,78.53027643528782,Cloudy
3,2023-02-17 02:54:28,13.020776945496102,77.64257435961167,Clear
1,2022-07-25 22:32:25,12.910627113980292,77.5786672796691,Windy
2,2022-03-26 19:18:33,22.52826788017127,88.32926221618425,Rain
2,2025-05-14 23:27:48,22.478800542991245,88.35362516071932,Rain
1,2023-06-04 02:08:54,28.592254909148192,77.18624548348005,Heavy Rain
1,2022-07-23 04:07:33,28.42688816519038,77.03647762142397,Windy
2,2022-04-05 00:03:55,28.552247490612856,77.40986370754295,Rain
1,2023-02-01 22:30:41,19.049638388052404,72.86735817151347,Cloudy
1,2025-03-24 08:21:35,25.430952464232103,81.88725673169247,Windy
2,2025-01-28 04:25:16,28.435362057328465,77.02473756473044,Clear
1,2022-04-24 20:20:37,17.415859374943523,78.50651947478205,Windy
2,2024-02-18 13:45:34,28.453141565063408,76.97805603432242,Cloudy
2,2024-11-07 11:03:03,22.580241856265477,88.39777761820677,Fog
3,2023-10-06 05:53:15,19.14990646264463,72.89599683598284,Windy
2,2022-02-09 05:10:00,28.57274661568813,77.20372957580688,Clear
2,2025-08-17 18:29:06,19.066941969773687,72.89034382991773,Rain
3,2024-05-13 00:42:16,28.608446682123635,77.19768262156965,Rain
2,2025-06-11 08:30:43,25.49034224860497,81.86948071498288,Clear
1,2022-12-16 01:52:01,26.863423495352222,80.99789227077751,Clear
1,2024-12-20 07:11:49,26.847364967879095,80.92795608176004,Clear
1,2025-10-21 17:40:41,26.889351286101707,80.93394331393762,Cloudy
2,2023-09-19 16:17:50,22.552849855154836,88.3431554011965,Rain
4,2022-05-12 06:48:07,13.020930204841783,77.5952726598276,Rain
2,2025-03-13 13:15:34,28.471155074530714,77.0380297055552,Snow
1,2023-10-28 03:11:50,28.45660065675514,77.01085467947514,Clear
2,2023-07-02 08:32:53,17.41222281631025,78.52498674330714,Cloudy
2,2025-12-16 04:12:28,22.569034327573704,88.33166409251207,Clear
3,2024-05-18 17:30:36,28.57775635648437,77.16511817838031,Clear
2,2024-03-06 19:04:57,28.58501478137092,77.19174786037678,Clear
3,2025-11-18 04:33:59,19.004654371629126,72.84072921543336,Clear
2,2022-12-17 16:55:13,28.54362045809428,77.43699986450603,Cloudy
1,2022-04-30 16:46:50,28.521428274490383,77.41708154086629,Snow
4,2025-09-09 12:30:08,13.003950392630784,77.54907508697929,Heavy Rain
2,2024-09-28 17:57:27,28.64892810651839,77.18417243816252,Fog
2,2025-10-02 04:48:25,12.973468449536766,77.61658360394418,Clear
1,2024-12-02 14:14:57,22.5812551499851,88.39055007184213,Clear
1,2022-02-15 20:53:14,19.07092966356989,72.89190384303359,Clear
1,2025-11-24 00:15:44,25.392099640881508,81.8535385726627,Clear
3,2023-07-27 16:50:55,19.06485587490811,72.9031547781578,Clear
2,2022-05-12 08:49:12,28.59797469389976,77.24703863105242,Rain
2,2022-02-08 01:53:24,19.0195041107423,72.8305941854834,Clear
3,2025-10-13 09:33:54,26.842017721961756,80.91608465361766,Heavy Rain
3,2024-03-30 01:11:36,28.53072050117789,77.39016687021666,Cloudy
4,2024-03-10 04:54:03,28.446283826642972,77.06374069563309,Fog
1,2024-04-06 21:43:27,28.4177044470368,77.01543471893345,Cloudy
1,2025-10-05 09:30:52,12.970551587385572,77.60620858865724,Clear
3,2025-08-04 01:47:57,28.469476215973476,77.01587616005197,Cloudy
1,2025-07-17 02:38:56,22.576852605343664,88.3304485974762,Clear
2,2024-03-14 03:09:43,17.410686775865262,78.44658678138414,Cloudy
3,2025-02-27 09:23:55,28.437759426479417,76.95954458407921,Cloudy
3,2023-11-17 11:45:19,25.437896842092783,81.85063141248835,Heavy Rain
1,2025-11-27 03:00:38,22.59913095825662,88.32020642657555,Heavy Rain
1,2022-08-19 04:51:05,28.619111031138385,77.15597097723128,Clear
2,2023-09-17 01:51:49,28.419121922700068,77.02332325383253,Clear
2,2023-10-31 22:47:12,22.575925975984525,88.42439152831982,Cloudy
3,2022-03-27 23:10:35,25.422353641700255,81.819625329302,Fog
1,2023-02-20 14:23:41,28.58234520766438,77.18211320177481,Cloudy
1,2024-06-28 09:12:33,26.845248971318455,80.90638399282625,Clear
3,2025-11-14 22:50:32,19.07625727362219,72.83980058148961,Fog
1,2025-05-28 23:21:27,28.466708625067316,77.08764588476515,Clear
3,2025-03-19 21:17:35,26.848227527290785,80.95109388449642,Clear
2,2023-10-15 22:24:49,28.54583286654208,77.36721942552788,Cloudy
3,2022-12-30 16:21:04,22.61708605348009,88.35245242991977,Clear
2,2023-08-01 15:03:34,26.835008142128007,80.90074404096863,Rain
2,2022-05-16 07:13:57,13.004008814544829,77.5491992496272,Cloudy
1,2025-06-20 19:30:18,26.86857221624358,80.90226806597795,Rain
2,2022-08-18 17:18:07,28.446312858559175,76.97497672621014,Clear
2,2022-04-17 07:44:12,28.518132794349047,77.39264277044454,Rain
3,2022-02-05 02:38:30,22.583952099891825,88.32762847811067,Clear
2,2024-02-02 08:38:21,19.11685185941757,72.86052914903338,Clear
2,2023-12-13 03:31:28,13.00139697427606,77.58349700641224,Clear
1,2023-05-15 05:52:18,28.508084193514623,77.41848393758501,Clear
2,2025-01-27 08:49:38,19.093870743478153,72.88630378143364,Cloudy
2,2023-03-30 01:17:22,28.64131044796046,77.1890893058681,Cloudy
1,2023-01-01 19:27:54,17.417142709022688,78.50622085901263,Clear
1,2025-06-09 23:37:14,26.816812789586773,81.01487239266645,Cloudy
2,2025-09-05 16:41:32,28.659968655400647,77.2683377222963,Rain
1,2022-09-15 23:20:54,22.519993359922488,88.39874928140297,Rain
2,2024-06-11 08:05:27,28.47190082835316,77.05822322393313,Fog
1,2025-11-12 04:06:44,26.888635833384306,80.98679201868322,Fog
1,2023-01-27 21:52:54,28.510956265945858,77.42516485415234,Cloudy
1,2022-06-24 22:39:04,26.866692847358266,80.99487252585826,Heavy Rain
3,2025-01-06 12:49:46,28.483791141383875,76.95288978295159,Snow
1,2022-02-14 01:48:35,26.814271668178066,80.95912369551729,Clear
2,2025-08-13 04:23:17,19.119095649224903,72.88134162683637,Clear
2,2022-06-13 13:49:46,28.66140695235007,77.20305373794164,Clear
3,2025-02-27 11:02:58,26.85646840680275,80.8706151662825,Rain
2,2024-11-18 17:33:34,19.092934439375927,72.8762183836519,Clear
2,2023-03-05 18:05:11,28.636057329162405,77.16773513394651,Windy
2,2022-09-13 14:26:38,19.093137668176126,72.88804841972483,Rain
1,2025-03-14 06:50:44,28.644717026107845,77.22065704522736,Clear
3,2022-10-16 17:23:27,25.447223335274597,81.89393630763264,Rain
1,2022-02-13 09:31:00,28.44253982097732,76.96148559742312,Windy
2,2025-07-21 12:12:02,25.49648590984325,81.89100809134796,Snow
4,2022-07-08 19:53:00,12.986605479765293,77.587449247699,Clear
1,2025-01-01 23:22:45,28.575852696194115,77.36680327985931,Clear
3,2022-12-09 04:33:27,26.915740296655642,80.91832984338528,Clear
1,2023-10-28 17:39:17,22.553945219820093,88.38629660350033,Rain
1,2024-04-18 12:44:33,28.597793453288574,77.22511477937945,Cloudy
2,2022-09-11 19:48:07,26.888612098901334,80.93022265366736,Windy
2,2024-05-27 19:39:30,25.41356585154045,81.82006165671689,Clear
2,2024-07-04 13:47:36,25.503783288700205,81.76283393839908,Cloudy
1,2024-02-16 06:24:50,28.58716806745842,77.22108583446577,Clear
3,2022-10-22 20:43:13,17.402490419554464,78.51602111789443,Clear
2,2025-11-04 05:59:21,28.683314542957227,77.18098631134961,Snow
2,2025-10-03 09:30:08,13.021374963404183,77.58109996208366,Clear
1,2023-04-01 03:31:48,19.1240919792906,72.84243712005284,Clear
1,2022-02-25 15:02:05,22.625412161299344,88.40304183478776,Clear
2,2023-12-18 13:38:47,22.63121805872775,88.40394718055303,Cloudy
2,2022-07-16 18:52:29,28.632127800699248,77.19174902806657,Rain
1,2023-02-01 08:06:53,26.88054210903764,80.92089244132808,Cloudy
3,2023-08-07 18:10:42,19.066669970027487,72.8604842190815,Fog
2,2023-03-13 07:56:18,26.829346221710896,80.98034248457418,Heavy Rain
2,2025-02-12 23:26:50,28.586311688719032,77.22762433969726,Clear
1,2024-11-25 23:55:31,28.5523080241667,77.416055262035,Fog
3,2023-09-06 08:52:50,22.554886874808286,88.3242435178418,Clear
1,2022-08-28 01:18:05,25.411121131794193,81.79906381605008,Clear
3,2022-09-14 03:55:49,19.088583310609813,72.79286884386028,Cloudy
3,2023-10-29 21:42:54,22.536036671427908,88.37982065302323,Rain
1,2022-08-04 16:11:09,13.01059288526474,77.57389239646301,Cloudy
1,2022-06-24 18:21:28,17.38785756481564,78.50050904120108,Heavy Rain
1,2022-07-20 16:14:13,28.67102858406146,77.19864099736398,Windy
3,2025-12-27 21:43:03,26.829336010707582,80.94914076163266,Fog
2,2025-08-01 12:16:58,28.526206699849833,77.35931323413699,Clear
1,2025-06-09 22:41:33,28.52868953679361,77.39218546923024,Cloudy
2,2023-06-02 20:55:01,22.610030658584346,88.36375500952695,Clear
2,2025-01-16 02:22:18,12.964957463893333,77.5602408249345,Heavy Rain
3,2023-06-20 21:02:33,28.64351157531113,77.14804779201852,Cloudy
1,2024-12-04 18:58:42,28.421531140016207,76.99449808940251,Clear
1,2023-01-14 01:30:02,12.989924168025496,77.62219648640045,Clear
2,2024-11-25 23:25:15,19.09895861932495,72.87764498674194,Heavy Rain
1,2024-03-03 19:08:52,26.833375590103415,80.94366581984387,Fog
1,2025-12-30 10:01:07,19.073774581177748,72.8420223479555,Clear
2,2024-05-14 14:38:28,26.922172237110523,80.93287568816717,Clear
2,2022-02-09 20:37:57,25.399721465289247,81.834443994588,Clear
3,2022-12-25 10:45:20,28.556074229265302,77.41147745708605,Fog
1,2024-10-31 03:18:18,28.633390391089016,77.15582058433883,Clear
2,2023-06-02 05:44:09,19.044423066955947,72.91103801655086,Cloudy
1,2022-03-18 01:58:26,12.97548809229567,77.55802762378822,Clear
2,2022-03-23 21:23:25,25.421277930265788,81.8988683537816,Windy
3,2022-08-04 20:11:35,13.12306093944592,80.25996591245679,Clear
1,2022-08-12 23:48:39,19.175386802018277,72.89016113634945,Cloudy
1,2023-04-05 10:58:21,26.84212327159889,80.90485973631145,Clear
2,2023-10-15 08:46:42,28.526086498752672,77.18209317564866,Cloudy
2,2022-02-13 05:30:08,13.024474252631837,77.59976591490916,Cloudy
1,2025-12-10 11:51:40,19.026405345111165,72.89804805707686,Cloudy
2,2022-10-20 05:16:18,25.42845706438759,81.87073432618922,Windy
3,2024-10-23 10:22:48,26.801544140494197,80.96940477957185,Clear
4,2022-08-08 07:21:22,17.425464011582587,78.46156315281743,Fog
1,2022-04-04 13:31:10,28.64327288006341,77.1317102693042,Windy
3,2024-07-20 07:56:42,17.427295399619766,78.45960910223731,Heavy Rain
2,2023-02-11 08:14:47,19.09670014097624,72.8597222844593,Cloudy
1,2022-07-05 14:27:32,28.57996986448491,77.19953976888314,Cloudy
2,2025-07-12 17:47:44,28.629132403490136,77.18304756125306,Rain
3,2023-01-28 22:31:19,19.124787358568938,72.84905337198545,Cloudy
1,2022-08-25 20:30:43,28.659561094617157,77.25368429697689,Cloudy
1,2025-01-07 16:56:13,25.45529603678707,81.90734035819266,Windy
3,2025-07-15 03:02:57,28.5819876199316,77.21807969969421,Cloudy
1,2025-12-18 23:24:46,12.96893163439378,77.64699080958478,Clear
1,2025-07-24 04:31:11,25.39265681097982,81.82030485032135,Clear
2,2025-08-17 22:31:48,28.42412899857721,77.06543523845254,Cloudy
1,2025-06-07 21:31:59,12.983599871302358,77.65824625324336,Clear
1,2023-12-23 07:09:06,28.547615143038332,77.36382098486645,Cloudy
4,2024-07-30 13:54:36,19.079603783486263,72.85577249243849,Clear
4,2024-01-20 23:37:56,28.521880271640818,77.46086533119143,Heavy Rain
3,2024-12-24 15:46:49,19.092579878171765,72.89543894189823,Rain
1,2025-06-26 21:21:54,25.42445747356694,81.79236384258148,Cloudy
1,2025-01-02 11:10:51,22.560727833217655,88.37411880518603,Clear
2,2022-03-30 05:48:51,22.59310944629127,88.3553945754281,Cloudy
2,2023-01-01 02:05:58,26.784683616121374,80.96849045554384,Clear
2,2023-05-13 19:33:27,12.961552122890975,77.5581339573633,Clear
2,2024-12-22 01:16:32,28.51336445327776,77.39753151891259,Snow
1,2022-09-26 03:59:36,28.50859675087032,77.05066097392573,Clear
3,2022-01-11 12:00:52,22.646916217964836,88.34624772011209,Clear
2,2024-08-29 19:12:03,13.01616239499137,80.27361531231415,Rain
1,2022-01-10 01:59:33,28.545647272571646,77.20888248329861,Clear
2,2023-11-19 14:06:50,26.840207376483733,80.98458078262138,Clear
3,2025-10-10 15:47:03,28.43231507681992,76.98915317998919,Cloudy
3,2024-03-07 04:07:39,26.9289618692054,80.990678428038,Clear
2,2025-12-29 12:36:18,12.949577276450343,77.56986526310695,Fog
3,2023-04-19 03:22:19,26.891092551402362,80.97898819869967,Rain
2,2024-12-29 20:00:38,26.88618009191705,80.98680868461405,Clear
1,2022-09-03 19:57:00,12.95155563471296,77.56163690436863,Cloudy
2,2024-04-11 07:34:57,12.980772919514505,77.62180595105501,Clear
1,2022-01-10 16:40:20,13.009108975782764,80.2471261123236,Clear
1,2022-06-25 00:02:37,19.072220026196604,72.80593140710518,Rain
3,2023-03-04 17:18:00,19.08009069394715,72.87050997346775,Snow
4,2022-07-25 02:25:29,28.569995962909537,77.1857063146547,Cloudy
2,2025-01-27 01:30:53,13.064695413342022,80.30256722461803,Heavy Rain
1,2023-11-03 16:33:07,17.353202412097076,78.50784376094036,Cloudy
3,2022-04-17 00:38:35,17.455622153461128,78.4882367905657,Clear
2,2022-01-29 10:59:14,19.07187264671579,72.90402465177938,Clear
1,2024-12-14 00:49:29,13.075691116061554,80.34031096235643,Cloudy
3,2023-06-01 22:04:58,22.586076930877827,88.26913520072148,Heavy Rain
3,2023-06-10 08:21:57,26.826156015489282,80.95781873749984,Clear
2,2023-01-20 05:02:23,25.47544178602201,81.84562587353743,Snow
1,2024-11-29 09:44:41,28.57551564960155,77.42727350680055,Clear
1,2024-02-28 07:46:51,28.441030450582776,76.98714500667026,Cloudy
1,2025-11-21 02:11:12,26.868376105835985,80.94774846213879,Clear
4,2022-02-10 16:20:14,28.43959181039921,77.03114467406634,Cloudy
1,2022-12-24 22:05:01,26.795137767954365,80.95851863759728,Clear
2,2024-09-03 10:21:03,17.44732235098172,78.55073469087124,Clear
1,2025-09-04 19:39:11,28.574154095706607,77.22318340089423,Clear
2,2024-10-26 12:28:58,28.4279715890646,77.01543163880122,Cloudy
3,2024-07-09 11:41:30,19.10434461213918,72.87250497096275,Fog
1,2025-03-25 05:38:57,25.483978293090853,81.8533373446511,Clear
3,2025-02-11 18:20:57,28.509370282670552,77.40563752773932,Clear
1,2024-12-11 07:34:00,28.638641579821943,77.23547892755157,Clear
1,2025-07-06 13:30:27,26.850722962011567,80.99615650280582,Heavy Rain
1,2023-08-01 17:13:53,22.60771780624552,88.38309621457392,Clear
1,2025-09-23 10:39:06,25.446154576932834,81.84110672595257,Heavy Rain
4,2025-07-29 08:00:13,28.621114738286792,77.20892609120054,Cloudy
2,2024-01-20 23:51:47,28.446800053041922,76.97313885253585,Windy
4,2023-04-02 16:22:43,28.611158420287445,77.19095857544207,Cloudy
2,2025-11-13 06:32:15,26.882651704601415,80.94561195394078,Clear
2,2024-11-25 20:17:26,28.567950590441754,77.13244166797584,Clear
2,2024-03-05 07:58:51,22.564219071718206,88.35434037496982,Clear
3,2022-04-22 06:17:59,22.50006756864064,88.36929111445893,Cloudy
1,2022-09-18 08:55:26,25.44164510225935,81.87196718025123,Clear
3,2025-04-11 04:15:15,28.61857195733951,77.19092608803687,Clear
2,2022-09-07 17:55:02,12.978767925704867,77.60891993229716,Snow
1,2022-07-24 23:01:47,28.60657299281629,77.18011436644623,Clear
2,2023-07-20 13:42:39,28.472769327157422,77.00795546193558,Cloudy
2,2023-08-11 12:52:24,28.615946115989193,77.24037085650225,Clear
3,2023-01-04 08:08:01,17.382663021380125,78.51187141833323,Fog
1,2025-11-10 22:17:19,26.852665504955247,80.97164046833107,Rain
1,2025-08-01 01:11:49,19.074194655997456,72.8506838368685,Fog
2,2024-12-14 19:32:17,19.06319767391443,72.87519450074872,Clear
1,2023-10-01 20:13:33,12.980494469047501,77.6189967842594,Rain
4,2023-05-13 18:25:24,13.00536017731345,77.55371269423281,Cloudy
2,2023-08-16 18:20:03,25.406877215015694,81.83257196360296,Clear
2,2025-11-07 04:32:48,26.871243947380517,80.97150746134474,Clear
2,2025-02-28 11:09:33,28.528905410358192,77.40554821803886,Clear
1,2025-08-10 13:03:40,19.00673709391711,72.85316851325773,Clear
1,2023-07-10 04:27:08,28.59528239720978,77.30113351716372,Clear
4,2023-01-11 21:24:23,12.878525158558341,77.6050050483166,Rain
2,2022-12-18 12:37:31,28.448075383084817,77.04162727497814,Clear
2,2024-08-12 00:26:05,19.067884270872856,72.84409963172342,Snow
1,2024-04-15 16:49:42,12.963294071803167,77.63057856507902,Fog
1,2023-10-05 14:55:32,13.130335234666942,80.27296769725433,Cloudy
2,2025-11-04 16:47:17,28.532865644661783,77.00984562666473,Clear
3,2025-07-06 07:01:01,22.538802262613746,88.35726751482628,Rain
2,2023-01-23 11:07:20,28.62776971389604,77.24331971406471,Clear
2,2023-06-22 10:35:00,28.56443921512555,77.40565893399966,Cloudy
2,2023-12-19 15:43:28,28.611012026838104,77.14931773372784,Clear
3,2022-04-27 18:59:47,26.786512350096835,80.92158775919552,Clear
2,2025-01-01 11:43:13,25.439400893664786,81.81239870265912,Cloudy
2,2025-04-05 08:53:48,25.4209280261487,81.91250531184377,Clear
3,2024-09-27 17:01:43,25.47826335928325,81.80492782741432,Cloudy
2,2024-06-29 12:32:40,19.131430114097384,72.88920683980044,Cloudy
3,2022-01-19 09:35:04,13.053444541053361,80.23234452162205,Clear
1,2024-06-10 07:59:21,22.620190873926298,88.37875920099019,Cloudy
2,2022-12-15 02:55:17,13.121359408374692,80.2880135031807,Cloudy
3,2022-04-17 09:26:35,13.020726688398492,77.58885399333663,Fog
2,2025-12-21 12:48:55,28.49499044734246,77.32167072351771,Cloudy
2,2022-11-07 02:54:36,28.609235244966982,77.2161920249646,Clear
1,2024-12-19 04:48:15,28.639311357758864,77.17130769084605,Heavy Rain
2,2024-07-29 23:02:03,28.633194916647145,77.1739951377566,Clear
2,2024-12-26 21:36:52,28.602933068172852,77.18573011045142,Heavy Rain
1,2022-06-07 21:31:39,19.13822534990976,72.91985427846458,Windy
1,2025-10-05 11:44:37,22.542810982460797,88.32112209981429,Clear
1,2022-05-20 05:21:47,26.89380562511122,80.9678461837336,Rain
3,2025-08-20 00:01:14,22.576843530613715,88.34448665938942,Clear
3,2023-10-19 09:00:13,12.93812248986141,77.57430840431466,Fog
3,2024-05-03 03:08:57,19.05763659268021,72.90434173304456,Windy
1,2022-11-30 10:22:24,28.476019966813737,77.3277458191652,Cloudy
3,2025-01-07 15:11:11,28.546837997325138,77.43083339829387,Rain
1,2022-05-07 22:50:38,19.080669792207825,72.83568725280251,Cloudy
2,2025-05-07 07:24:08,19.055205673651205,72.8160748240363,Rain
2,2025-07-11 04:04:17,28.48111672327796,77.06938208397638,Rain
2,2023-04-23 22:03:56,28.660202415611746,77.18969137016838,Heavy Rain
4,2024-04-14 00:37:35,17.402034868561394,78.44060156311357,Fog
4,2022-05-26 16:35:13,28.529038615194704,77.35048004766206,Clear
2,2022-05-04 05:50:52,12.956394243012305,77.5678263876412,Rain
2,2025-04-19 05:40:54,25.439529063675202,81.86852370057643,Clear
4,2024-02-10 12:58:28,25.410695763295447,81.84230404062838,Clear
1,2022-03-22 17:08:02,12.9726301445147,77.66066429725896,Clear
2,2024-02-22 05:43:25,28.49366601202157,77.3748979265223,Heavy Rain
1,2024-06-02 08:21:59,28.619036161527184,77.22054855757442,Clear
2,2024-01-18 10:51:30,28.57319713546015,77.19649047331403,Rain
2,2023-08-08 17:27:53,28.578351786919207,77.22783740619224,Clear
1,2025-05-09 00:03:57,22.60919110841688,88.35685030349731,Clear
1,2022-01-21 19:36:45,22.56318112191144,88.3287488565466,Clear
1,2023-03-22 18:06:12,13.06812896599296,80.26603394677187,Clear
1,2024-08-11 23:54:11,19.051756211225214,72.89431419285698,Clear
2,2022-09-26 05:30:09,19.064994467339584,72.92409250769025,Clear
1,2025-11-08 13:10:12,22.588521693509566,88.38077802760193,Cloudy
3,2025-04-21 16:01:19,26.804339881001937,80.96827328934607,Cloudy
1,2022-11-19 02:50:25,13.013952307661146,77.58387665225432,Clear
4,2025-06-25 04:49:16,28.529131909658016,77.41189696349086,Heavy Rain
1,2022-11-25 21:35:06,22.574018302981095,88.39054109136681,Clear
3,2022-03-23 22:39:21,28.623458110048546,77.16226986859188,Snow
1,2025-09-09 15:02:33,17.38230759854773,78.589376199716,Cloudy
3,2022-11-16 09:04:24,17.390451316774097,78.48319837911137,Fog
2,2024-10-27 17:13:46,28.484689766469526,77.35318537924601,Clear
1,2022-04-23 06:44:14,28.477936747595162,77.09387836413597,Clear
1,2022-07-12 16:59:59,13.092555419178005,80.26433489769735,Cloudy
4,2024-06-13 16:25:28,19.071831995515044,72.80032551654133,Rain
1,2022-03-08 07:56:12,17.40638871334061,78.4470491015326,Windy
1,2023-05-30 16:52:03,19.03056474385269,72.83848393561466,Clear
2,2022-11-23 10:46:08,26.884099234545936,80.9431000126456,Fog
1,2022-09-05 13:27:25,19.027686355364658,72.84944527804964,Clear
1,2023-02-23 11:29:34,28.529691105727178,77.3987050816623,Cloudy
1,2023-02-28 19:59:12,28.4340551810999,76.99969316100038,Clear
3,2023-07-03 17:18:36,28.493745932014328,77.37725458165511,Fog
3,2022-04-22 15:18:13,28.512659073173396,77.4721130680919,Windy
3,2025-04-27 04:04:19,28.61057352987075,77.17586255776888,Rain
3,2025-10-19 15:23:13,19.05576257656231,72.88802993427682,Fog
2,2022-01-05 03:06:08,25.4309042461788,81.86340315380411,Heavy Rain
1,2025-03-21 13:52:53,13.064254405441584,80.24365414189676,Rain
3,2024-12-08 04:11:10,28.47233142855029,77.05359880522116,Rain
1,2022-01-16 06:40:15,28.57293474848759,77.1821454599674,Cloudy
1,2025-11-01 05:56:13,26.90537481962454,80.97161125997303,Snow
1,2025-07-06 23:50:04,22.545352795220857,88.40167471924613,Clear
1,2025-01-12 16:21:08,12.997293721753254,77.54078022670144,Clear
2,2022-10-23 23:23:50,25.435535236911388,81.87932308863535,Rain
1,2022-08-20 07:54:51,22.54723839140076,88.3702309268598,Cloudy
1,2023-03-01 08:39:31,26.836922741353007,80.93321741137373,Clear
2,2023-11-11 02:20:45,28.651029004044506,77.21152937684191,Cloudy
1,2022-11-18 21:26:14,26.831661335552386,80.95723805136447,Windy
4,2025-04-02 18:43:51,22.635059561109877,88.35811015817363,Cloudy
2,2024-10-11 09:02:38,28.43331038708278,77.01189075890944,Clear
3,2023-12-25 14:29:46,28.6227268198982,77.1400391996527,Clear
2,2022-11-25 17:57:46,17.430746240118424,78.47910129885423,Rain
4,2025-10-27 04:55:29,28.531072857931086,77.03448098262794,Cloudy
2,2022-08-20 06:02:24,26.841975342020802,80.92108263018363,Clear
3,2023-04-24 02:25:11,28.563172455436067,77.42387619615815,Cloudy
3,2022-09-10 22:11:21,17.41070685795923,78.49120699614235,Fog
2,2024-01-24 05:19:08,25.47716637584702,81.85384361929279,Rain
3,2023-12-14 19:27:15,13.00963656419593,77.6180940883127,Heavy Rain
3,2025-01-28 16:17:30,28.585424026097442,77.24218720981882,Cloudy
1,2024-09-02 13:16:54,26.83157008348045,80.94813040950696,Clear
1,2022-12-28 23:01:53,28.609125224740286,77.18175920064478,Clear
1,2025-09-21 03:15:00,28.635058653043533,77.24723752814896,Clear
1,2025-06-19 20:41:10,28.583840450259537,77.17112446524602,Windy
1,2023-09-10 20:17:45,19.094481260159178,72.85080475690839,Snow
1,2025-03-08 20:42:14,12.989054146924744,77.52661258081633,Clear
3,2023-10-02 22:20:41,28.495450286256258,77.0548925842383,Clear
1,2024-01-02 05:08:11,28.55074687078275,77.38210619509407,Clear
1,2023-12-29 10:46:21,26.824093213935818,80.98211049439976,Snow
1,2022-07-09 22:00:39,28.549368646442257,77.18033315749085,Heavy Rain
1,2023-03-01 07:42:32,28.581547279597757,77.1645920730615,Cloudy
4,2025-03-22 17:34:55,22.581086204010298,88.3752314273531,Snow
2,2023-01-13 20:21:34,26.777982447485705,80.92606419870594,Rain
1,2022-02-11 05:38:07,26.888489379561257,80.99627185389495,Cloudy
2,2022-10-12 12:38:07,26.92363488318178,80.95027581921977,Fog
1,2023-01-15 16:05:34,28.51486139551521,76.98253953052705,Clear
3,2024-01-07 03:53:19,28.386649699338168,77.04594841927175,Rain
2,2023-02-17 11:04:54,19.068522939203014,72.84519258205059,Fog
1,2022-04-26 02:01:13,13.006962979756661,77.60653047769712,Clear
3,2024-11-16 13:54:51,28.61950814896447,77.20429741479647,Heavy Rain
1,2023-01-16 13:18:25,17.416561764077912,78.48422781071218,Clear
2,2025-03-14 09:08:26,28.474492351982,77.04031400477007,Snow
3,2022-01-18 21:34:56,28.63066509184322,77.17912518003541,Snow
2,2024-02-15 21:05:05,12.988972818527225,77.60728788539704,Cloudy
2,2023-12-25 16:37:34,28.617945885853796,77.20795817290823,Clear
3,2023-05-19 19:53:13,25.410166603904173,81.81453762667424,Heavy Rain
2,2022-03-28 12:17:53,28.620305452490904,77.17429655356135,Cloudy
3,2023-04-17 16:37:31,25.41885931318813,81.87446756052346,Clear
1,2023-10-21 05:37:24,12.98979590261188,77.61571186255705,Cloudy
2,2025-01-07 00:37:02,19.06270959737361,72.83693170047489,Rain
2,2025-06-08 16:43:10,26.80753765030584,80.94677842449471,Clear
1,2022-10-10 03:49:22,28.52464907979693,77.2225108616548,Clear
2,2022-05-24 18:50:25,25.467907832731726,81.7932024437083,Rain
3,2022-04-23 09:32:42,26.82196048287899,80.9175672354443,Rain
1,2023-01-24 13:05:56,28.656619960232078,77.21956260907791,Rain
1,2022-08-06 02:51:59,19.093973247923916,72.94497785960944,Cloudy
2,2024-05-29 16:05:12,28.508474235959735,77.37664523083802,Clear
1,2025-01-26 23:22:50,28.470324743479434,77.01915480290742,Cloudy
4,2025-03-23 01:37:00,17.31098572403242,78.47186346246836,Fog
2,2024-04-25 00:42:44,28.501124920870385,77.07327037081116,Fog
2,2024-09-17 10:12:12,28.637792837755242,77.18088174524918,Clear
2,2022-12-11 10:00:21,25.370888674118557,81.80060882922044,Cloudy
2,2023-02-23 11:54:35,19.05557772422856,72.83627338178813,Clear
1,2025-10-10 07:08:47,26.878185955829277,80.97823102527515,Fog
2,2025-11-11 15:29:43,26.82140078216876,80.87005579280545,Cloudy
1,2024-06-11 00:22:34,28.533620550105297,76.98374050709212,Cloudy
1,2023-01-31 10:44:11,28.559543765275606,77.15987544796528,Rain
1,2022-10-25 19:19:46,28.65455260669687,77.20252931353141,Clear
4,2025-10-12 10:34:42,25.447244807964452,81.81707064236097,Fog
2,2025-08-14 12:35:08,13.006628717421895,77.56724147746786,Clear
2,2023-01-12 13:22:07,28.567413475774977,77.36759276164267,Clear
3,2023-03-19 02:29:22,28.45768158301847,77.03644719216214,Clear
2,2025-05-24 03:07:41,28.51412330704939,77.39473343793786,Snow
1,2025-12-08 12:08:44,28.44712890803998,77.0078328501811,Snow
1,2025-03-02 20:13:00,28.516496384867988,77.20594980626826,Snow
1,2025-01-01 18:42:28,28.66369083192265,77.22604131839067,Clear
3,2022-05-28 21:15:55,26.904287423329475,80.93796922926121,Heavy Rain
4,2023-07-19 23:40:32,28.617802997848887,77.17368464191203,Fog
2,2022-04-28 20:38:54,28.53954672766475,77.35719449280107,Cloudy
1,2024-10-25 22:22:48,25.44979229711659,81.82247317436973,Rain
3,2025-03-11 22:13:05,19.065062679265058,72.94876910031284,Clear
1,2022-11-17 09:49:12,12.994533176997981,77.6035949105955,Clear
1,2022-01-01 17:29:49,28.410716382324402,77.0330441789415,Clear
2,2023-06-15 05:35:33,26.844149980890563,81.01232475784265,Rain
1,2025-11-23 04:22:19,19.10322291708072,72.85206951575921,Cloudy
3,2024-08-04 02:41:00,28.459752600113074,77.05320266393359,Cloudy
4,2025-11-19 14:13:21,26.885560751151182,80.95074866550492,Cloudy
2,2022-11-18 18:39:51,22.54877285517862,88.37412929096546,Clear
3,2023-01-31 23:34:37,28.644133957045455,77.22991155268639,Heavy Rain
2,2022-03-16 10:41:47,28.407621900171293,77.06690829540666,Cloudy
3,2022-07-24 20:39:16,28.639262969789264,77.22678518324156,Clear
1,2025-12-26 11:22:15,22.605233133457652,88.36991722971176,Clear
3,2022-02-17 17:02:26,28.602109957774868,77.19528182324821,Heavy Rain
1,2024-01-15 11:58:51,12.954685081199585,77.6447203384979,Cloudy
4,2024-12-30 19:11:17,28.518639903217256,77.39949109845693,Clear
1,2025-10-04 07:23:16,18.99323451394167,72.92325689733457,Clear
2,2023-02-01 09:46:42,28.668798687854828,77.19433031722438,Cloudy
3,2024-05-18 03:49:14,28.396080373185328,76.99332582573047,Rain
2,2022-11-04 00:07:34,28.586564293589113,77.40042982082193,Fog
3,2022-07-12 12:55:58,26.90239253518088,80.96519711358694,Clear
3,2024-10-09 01:52:59,17.37057805208338,78.51255128231327,Rain
3,2025-12-05 22:30:53,25.49685088901601,81.86952592539963,Snow
2,2024-10-19 14:38:03,28.53149309770562,77.20963883612997,Heavy Rain
2,2023-03-23 01:43:43,25.45316869981859,81.8981991503235,Cloudy
3,2025-07-16 06:34:10,25.411338741645956,81.8328400581559,Fog
4,2024-07-20 14:53:33,28.605270013100917,77.2347296239569,Clear
2,2025-02-26 08:38:27,25.382911725804163,81.88323735736148,Clear
2,2024-06-17 07:22:32,28.50650588723881,77.3645706460543,Clear
1,2024-07-31 21:54:51,12.981515681278317,77.58834416581085,Clear
1,2023-04-15 04:17:28,26.889589737151052,81.02298738031315,Windy
1,2025-12-05 00:27:11,26.90364913182559,80.98495590842693,Clear
4,2023-01-24 03:02:11,19.097918549312215,72.84288489540874,Snow
1,2024-05-29 22:48:24,13.065916625187889,80.32772614811046,Clear
2,2022-07-24 00:12:18,26.864677308615004,80.95544078571487,Rain
1,2023-01-13 04:11:16,26.86916576715172,80.93279167775941,Clear
4,2024-09-23 08:47:20,19.061304404320047,72.80507641116867,Heavy Rain
3,2023-03-30 03:20:52,28.493571471318077,77.37607000615094,Clear
3,2022-03-07 20:34:36,19.08923906438113,72.88056668944115,Fog
3,2024-05-31 05:22:36,28.573234388852818,77.38798240156974,Clear
3,2025-02-01 03:08:54,22.618865834725593,88.3622529510729,Fog
2,2024-05-03 09:18:05,19.052116539508496,72.82569911869972,Cloudy
3,2022-04-18 15:15:29,28.59078913580186,77.13159513480099,Clear
2,2024-06-04 08:49:50,28.556305594148736,77.16246676645886,Rain
1,2025-10-16 14:12:40,28.55086268633487,77.23661701138292,Rain
1,2023-09-12 09:01:18,28.64333958296184,77.20373297893475,Clear
2,2024-07-31 13:06:06,25.442719760424808,81.86990747194521,Heavy Rain
3,2023-12-01 21:52:02,12.991545673159283,77.5709380971708,Fog
1,2022-08-03 23:21:34,28.61046891250521,77.20616252406472,Clear
3,2022-12-29 23:17:27,28.483945147372204,76.96870875749087,Heavy Rain
1,2022-05-26 04:53:33,28.46126648687892,77.00084512484307,Clear
1,2023-07-19 16:49:52,25.42140776163002,81.80002587204947,Clear
2,2022-10-11 19:42:30,28.592310063341376,77.23863528185699,Rain
2,2023-03-01 18:09:17,28.452436959350226,77.37436010088066,Clear
3,2025-05-29 12:21:52,28.559571920732882,77.37029234105195,Cloudy
3,2022-07-24 09:06:10,28.40368109507847,77.07254534242455,Cloudy
1,2024-02-22 15:01:01,28.508077915507894,77.36010909498498,Windy
1,2022-06-26 07:49:36,13.03332317664862,77.53994987091231,Clear
2,2024-09-17 23:17:31,28.660641586424774,77.18186173396147,Cloudy
2,2023-08-30 03:53:03,26.833540574722683,80.92656188041568,Clear
3,2022-05-30 00:45:51,12.866928949312841,77.6094501896429,Fog
3,2023-08-04 21:34:07,13.118929275802007,80.31392695074277,Clear
2,2024-06-01 11:13:46,22.570348182341732,88.34796898756161,Cloudy
3,2022-06-16 10:21:39,28.621408652161026,77.17663745935432,Clear
2,2025-05-27 00:52:53,17.39677248581147,78.42504461504609,Clear
2,2024-01-30 10:16:21,22.589362906612642,88.39789264446173,Cloudy
1,2025-06-04 15:17:54,28.675505637630437,77.25957735651059,Snow
2,2024-01-07 23:24:00,26.800781345912185,80.96252643918278,Windy
1,2024-08-04 01:27:51,22.56932368418218,88.36422294475484,Clear
1,2022-04-21 01:46:52,17.36584888885497,78.48188200925345,Rain
3,2022-09-03 20:53:53,28.5347907414499,77.0898198803734,Rain
2,2025-07-31 17:46:36,22.617883619178517,88.33675810729605,Cloudy
1,2024-04-20 06:54:52,19.043204755656387,72.83117082138362,Cloudy
1,2023-12-14 21:03:12,28.598488601036333,77.18071076612266,Clear
2,2023-04-29 15:30:24,26.793937537918936,80.98091487951778,Fog
1,2024-07-05 09:15:41,26.852537778258583,81.0156829287485,Clear
3,2022-01-22 00:58:18,28.649446975939806,77.21556107837311,Windy
2,2023-09-06 16:33:15,19.061502622667536,72.84463365017969,Cloudy
2,2023-03-22 15:45:04,28.515065331949483,77.00645450911541,Clear
2,2022-03-16 23:45:08,12.99263095570945,77.60555353439027,Clear
1,2022-08-08 02:11:49,17.423737108151855,78.50121745617277,Cloudy
1,2025-10-14 08:39:18,19.06485541011986,72.87826128320548,Windy
2,2024-01-29 04:37:14,25.459442179654292,81.86651309341126,Cloudy
2,2023-04-05 10:27:23,28.481733593781136,76.9906815168644,Cloudy
3,2024-01-02 23:35:07,28.435873634600316,77.06851230807976,Snow
1,2023-02-19 02:05:36,28.58336340138704,77.33901466863763,Cloudy
1,2023-03-31 00:37:04,19.043642049418786,72.82703376577038,Cloudy
4,2022-03-06 02:59:22,26.87636732352743,80.91294164475993,Snow
2,2024-05-10 06:17:27,26.883709955048992,80.94337145493928,Clear
3,2023-03-28 09:27:07,19.077977872696295,72.87332774416367,Cloudy
2,2023-05-09 16:51:13,28.618788868784986,77.25986889870352,Rain
2,2023-11-26 16:39:07,13.027519476408633,77.53507350722128,Fog
1,2023-08-29 07:04:53,25.466647652031213,81.85562561264665,Cloudy
2,2025-02-10 08:15:32,19.01823759235459,72.843326765762,Clear
1,2024-07-31 17:22:55,17.370565297555256,78.43577877421487,Cloudy
2,2023-05-19 20:17:12,26.831402672965723,80.9890372070566,Rain
1,2023-07-18 11:11:07,19.10255498386912,72.8158702422368,Clear
2,2022-10-21 03:51:20,28.607278343655373,77.20597817496137,Clear
1,2022-09-10 07:55:19,26.917961499149403,80.93160851273582,Clear
1,2023-07-07 11:32:38,17.356121745933276,78.54712173586599,Clear
2,2024-05-03 13:40:13,28.518392665790465,77.01462142044487,Cloudy
2,2022-02-06 22:05:57,28.438848016426515,76.97480472830719,Clear
3,2022-03-19 00:50:25,28.67869039217067,77.22735180499517,Clear
2,2025-03-25 14:14:30,28.597725941267004,77.2109017480813,Fog
3,2025-05-18 11:52:00,28.538948410871686,77.3839844256063,Rain
3,2023-01-07 04:21:30,28.5651799136887,77.39716334208809,Windy
2,2023-02-23 08:45:32,17.401214811962664,78.51400748902701,Clear
4,2023-08-08 16:54:19,17.362954642780192,78.4900750632835,Heavy Rain
2,2023-05-25 11:57:04,19.068918138259548,72.87128641648768,Cloudy
4,2022-03-08 17:28:21,22.62595810133906,88.34832687631867,Fog
2,2025-09-15 04:43:44,26.84128583841029,80.97118571054315,Clear
3,2025-02-25 18:52:16,28.66662850227093,77.18359286699022,Cloudy
3,2023-11-28 18:18:31,28.6394555007411,77.23733410158253,Heavy Rain
4,2022-11-05 01:21:31,17.338331714138764,78.54607581929652,Cloudy
3,2025-11-14 13:42:04,25.407548284758743,81.857789346591,Clear
4,2025-12-03 07:00:05,22.577900181605628,88.41293742744695,Fog
3,2024-07-06 21:11:42,26.889175914680578,80.95446340529753,Cloudy
3,2024-02-25 14:25:22,25.42635907876859,81.85515068301305,Heavy Rain
2,2022-05-23 21:00:38,26.853732399729783,80.96410617816292,Clear
1,2023-01-31 00:36:03,26.8149959933014,80.99867507154666,Cloudy
2,2022-07-04 17:07:01,22.587309398516982,88.40957369410766,Fog
3,2022-04-29 11:34:00,22.596291543319303,88.34009770290608,Cloudy
3,2022-05-07 08:51:35,19.10417266867563,72.9543645950416,Cloudy
2,2024-02-16 04:56:48,12.972679818197866,77.64661572757377,Cloudy
3,2025-08-15 21:00:34,28.61854396166966,77.18973418445589,Clear
4,2023-06-19 06:50:19,26.82475707775571,80.92965139115562,Clear
3,2024-07-13 15:00:47,17.445826666664235,78.45257154004746,Clear
1,2025-08-12 18:22:26,19.07259836596618,72.8783740638573,Cloudy
2,2024-10-29 22:50:55,26.814545238334816,80.96585519093706,Clear
3,2025-10-10 02:26:46,28.467670933992906,77.37143168997633,Heavy Rain
1,2025-09-18 06:04:00,13.026776030075448,77.61190766204133,Clear
3,2022-09-13 11:50:18,12.96946711708749,77.63578231420159,Clear
2,2023-01-24 05:59:25,13.088084668107584,80.25242748334256,Clear
3,2024-02-06 01:58:01,25.46549110268966,81.84359486749477,Clear
3,2022-11-13 12:17:08,28.709658605578422,77.22890693933688,Cloudy
2,2024-11-01 19:57:49,12.964879955540852,77.5735928521395,Clear
3,2024-07-15 11:02:08,26.854915120649473,80.93160422360977,Heavy Rain
2,2022-05-04 07:59:27,28.532030781829516,77.40792231456875,Cloudy
1,2022-08-05 21:53:42,12.973805618061473,77.61292896594827,Rain
2,2023-10-17 22:26:00,12.984149169985773,77.595813150122,Clear
2,2025-07-18 10:04:17,22.582483221291984,88.33182974335485,Clear
2,2022-04-23 13:00:30,28.57567580315972,77.15743989431738,Clear
4,2025-03-24 04:46:11,28.654388138211974,77.24841833659528,Cloudy
2,2023-01-27 13:59:57,19.043360421404365,72.94275809224533,Heavy Rain
2,2023-02-26 11:48:59,13.023417225343419,77.61702612333495,Windy
2,2022-01-30 03:54:34,28.557673938463587,77.1919092274651,Clear
1,2025-01-20 04:09:57,19.050130220426926,72.87000104696645,Clear
1,2024-08-19 20:21:12,22.538640503593214,88.31654969388626,Rain
1,2022-12-06 16:37:09,25.43294572217186,81.80089759612918,Clear
2,2022-07-12 08:39:31,12.966272186086206,77.66638291329294,Clear
1,2023-03-09 22:16:18,12.97814855380278,77.57575776898712,Clear
1,2025-07-13 21:31:24,22.54360941111481,88.31280746648287,Cloudy
4,2023-11-09 16:17:33,17.374729900919036,78.47272013266549,Snow
1,2022-07-22 01:08:17,19.139404452061786,72.89796767053065,Cloudy
1,2024-06-24 13:01:28,12.945302908563882,77.64780321093468,Cloudy
2,2025-04-04 18:23:47,13.081241207765471,80.20928345536034,Clear
2,2024-06-11 06:31:03,22.594244252551047,88.33843911263469,Clear
1,2023-03-30 08:04:54,17.382005405801824,78.48913366654637,Clear
2,2022-01-18 16:32:28,19.049640766734857,72.85781784349707,Rain
4,2022-08-13 15:14:18,19.09255658454933,72.88124645119012,Cloudy
3,2022-05-24 04:52:52,28.652898202135994,77.23269606644303,Cloudy
2,2025-05-01 17:44:27,12.940316424929645,77.55595910282847,Cloudy
1,2022-01-13 14:02:11,28.59195175113297,77.20756788626818,Clear
1,2024-02-21 12:02:42,26.830907341056964,80.94162197921956,Clear
1,2024-08-31 16:51:38,28.428611202929847,77.01394409164132,Cloudy
4,2024-12-27 21:10:35,28.62491484798368,77.23720642219504,Cloudy
4,2024-07-12 12:40:45,28.45165156655581,77.01922078484709,Rain
1,2022-04-01 08:23:50,12.97537160194084,77.58585371924657,Rain
1,2023-12-31 19:01:58,28.562789366376283,77.38889459252083,Clear
3,2024-06-01 05:25:45,26.855354500823804,80.97723028224652,Clear
4,2023-05-12 10:33:33,28.67996687922191,77.17521750731373,Cloudy
2,2024-02-07 20:55:31,28.64241557525676,77.1983028780825,Cloudy
2,2023-02-28 07:09:33,26.929114898921043,80.92571775860839,Cloudy
2,2022-03-07 07:50:37,26.835544138514788,80.90484642363344,Rain
1,2023-10-28 06:31:16,19.07153722073818,72.86216257269479,Cloudy
1,2024-10-02 06:30:00,13.06442879985554,80.33787484550506,Rain
4,2024-09-05 16:23:58,26.84848197934374,80.95216403479218,Rain
3,2024-04-01 18:05:47,26.89992979312223,80.94975627015415,Clear
3,2025-02-23 19:55:06,26.834364119392678,81.02139039023255,Clear
1,2024-04-13 11:35:24,22.46991802734697,88.41064085715956,Cloudy
1,2023-03-16 06:06:45,28.606291483020424,77.19704171507331,Snow
2,2025-03-08 18:21:07,22.663510302258135,88.32435647394074,Cloudy
2,2025-05-14 06:34:51,26.807234316707692,81.0319005445861,Clear
1,2024-06-10 16:43:47,28.481396801337233,77.00013013871282,Clear
2,2024-06-17 01:14:57,28.584318066007008,77.2587349707476,Rain
2,2022-09-22 17:03:20,13.000818600553366,77.58635378148226,Rain
2,2024-11-02 03:40:09,19.063348748479278,72.86441822603959,Rain
3,2025-10-15 09:55:22,12.989720226740948,77.58561431687819,Clear
2,2025-09-21 11:41:15,19.051968841385314,72.84810087409937,Rain
2,2025-11-12 10:30:10,26.836552759644125,80.91540562428646,Heavy Rain
1,2024-10-26 03:49:57,13.062191723095017,80.2885165800679,Clear
4,2025-04-23 01:48:04,28.555027645070577,77.25506348081477,Cloudy
2,2022-10-02 23:47:09,25.491526926991337,81.7999859925131,Windy
3,2023-09-12 19:12:47,25.487869095624124,81.86595988597715,Fog
1,2023-05-25 13:43:00,28.582049074370964,77.22282399485917,Cloudy
4,2025-11-05 11:48:48,22.534172577292654,88.37302471566899,Clear
4,2022-10-24 18:55:59,19.080030331005418,72.83178921577142,Clear
1,2022-01-26 13:28:52,12.973515424878851,77.59784815911198,Clear
3,2023-10-01 22:50:47,25.426423544304452,81.82149276290475,Fog
4,2025-04-20 01:30:53,19.068712205163553,72.85892788905653,Clear
3,2025-05-18 09:20:01,22.614537888762047,88.35390604311425,Heavy Rain
2,2023-07-25 21:53:16,19.145794330925707,72.88527941584324,Heavy Rain
1,2024-10-25 14:01:44,28.58449283974064,77.18317970942852,Cloudy
3,2025-05-26 23:27:54,25.43431430148459,81.86403839891821,Clear
1,2024-07-08 18:49:00,28.609925310232335,77.20704517360716,Fog
2,2022-12-18 08:17:27,28.464673773160612,76.93799994839777,Rain
2,2024-04-24 19:55:01,13.116377619548983,80.30404403642179,Clear
3,2022-06-12 19:02:35,13.081452650367392,80.24815289505881,Heavy Rain
1,2025-03-31 08:56:46,17.37423479136527,78.45282866811586,Rain
2,2024-04-19 02:34:58,19.051369206514625,72.87818425031278,Rain
1,2024-05-21 17:58:01,28.52369001463981,77.08924595104428,Cloudy
2,2023-10-05 02:40:20,13.111919250815465,80.26500080861571,Clear
3,2022-03-14 14:43:44,28.58606976005409,77.41128522464899,Cloudy
1,2024-06-06 03:51:41,28.643684393747737,77.23550564783211,Rain
1,2022-01-20 01:05:57,13.003263011866846,77.57817351365388,Clear
1,2025-05-10 08:00:58,28.65339910221359,77.21288081760125,Clear
2,2023-06-02 01:56:45,28.61147732072205,77.16257478104423,Clear
2,2024-08-04 01:06:46,26.92201938984515,80.92708358227954,Clear
2,2022-08-16 19:38:38,26.8466216659234,80.90883981234639,Rain
2,2023-12-19 00:49:02,28.483849034887662,77.03101230012442,Clear
2,2024-05-30 20:54:35,28.56919201032573,77.24088174622618,Clear
1,2022-11-12 23:10:58,12.983246616752297,77.61419399570899,Rain
1,2025-07-05 11:23:02,28.594487456218392,77.14423678102914,Cloudy
2,2025-11-04 16:16:25,28.669089743895622,77.17967072748623,Rain
1,2025-08-10 05:22:33,13.061344758904696,80.26885858443254,Clear
3,2022-04-30 07:51:01,28.6082359757945,77.2109438559312,Clear
2,2023-02-01 04:41:49,13.035616864176507,80.32727489451216,Clear
1,2022-05-09 19:19:12,19.062871185176977,72.93259816449154,Clear
2,2023-09-19 15:00:02,28.469568871528647,77.08522954788916,Clear
3,2025-07-22 20:59:52,12.939141944800642,77.63969517678761,Rain
2,2025-08-22 07:38:05,26.82558461029276,80.96627455929071,Cloudy
3,2025-11-30 01:27:48,19.08248888297637,72.89981651187053,Clear
1,2022-09-20 02:55:59,19.13174982225302,72.88366981093696,Clear
3,2023-12-14 09:41:25,17.409146981829423,78.50648190220431,Rain
3,2022-10-10 14:37:02,17.3344879722175,78.5090365449597,Clear
2,2022-05-28 19:56:39,26.746730360533057,80.93606784718483,Clear
2,2025-07-19 13:35:55,19.063925589331504,72.88564601011362,Cloudy
3,2025-06-23 21:25:56,26.81939848946475,80.92503636864289,Heavy Rain
1,2024-06-27 15:52:41,19.09268044514442,72.90945700311214,Rain
3,2024-04-03 09:45:33,28.55607641839075,77.18230819792475,Cloudy
1,2022-12-15 16:32:53,28.65776029902983,77.22607694632448,Windy
2,2024-06-10 13:24:27,26.849651936126936,80.97593096892865,Rain
3,2022-04-03 14:34:50,22.59430326191554,88.33543240222428,Clear
1,2025-02-20 00:22:21,12.999546146864226,77.60094449058299,Clear
3,2022-11-13 02:02:16,28.540838405901415,77.33669619026612,Clear
3,2022-12-17 01:04:13,17.387767585028694,78.49876132622079,Clear
1,2023-10-15 06:04:09,28.58933495634152,77.21577581881483,Clear
3,2023-09-22 02:17:02,17.397243976943805,78.51822712961267,Clear
2,2023-01-21 00:02:02,22.542435990199724,88.33859255542444,Cloudy
1,2022-09-10 17:44:29,28.55562061462936,77.13893909413834,Cloudy
1,2025-06-28 16:19:31,28.574425031384898,77.22476449564606,Rain
2,2024-11-02 19:41:37,28.498984786149265,77.06320312079788,Fog
1,2025-11-28 21:21:22,13.004167876793764,77.60549929229163,Clear
2,2022-01-13 13:18:35,28.491038912337174,77.00518812482326,Clear
2,2025-05-08 07:13:28,26.848322204452327,80.94402638100668,Clear
1,2025-06-06 12:28:59,12.94327286603218,77.5586996811759,Fog
1,2023-02-10 15:32:59,25.451130184048157,81.86450015332802,Clear
1,2025-06-20 21:38:48,28.624798772537734,77.24976565647397,Clear
2,2025-05-10 01:49:20,25.424860152969256,81.82801740259511,Cloudy
1,2023-07-19 03:49:34,26.85083173133414,80.90360630981048,Clear
1,2025-03-10 01:52:46,28.465405290207105,77.03465632821802,Clear
1,2024-04-01 23:39:49,26.828637893821437,80.93955869549592,Clear
4,2025-05-06 19:16:51,28.45241949964695,77.11136844181874,Clear
2,2025-12-03 18:48:20,19.05124839622473,72.8803138573809,Cloudy
3,2022-12-03 07:07:39,12.986472186083779,77.65328277809665,Clear
1,2024-07-11 02:00:34,28.620037783422937,77.21741706773138,Clear
1,2024-10-10 03:20:43,28.46308500324273,77.04505741613633,Cloudy
1,2023-09-06 07:25:29,28.5020602288619,77.00142374096171,Rain
1,2024-06-07 15:08:36,22.56000311172517,88.43499055495757,Clear
1,2023-10-09 18:38:44,22.52407287027581,88.34556548903903,Clear
1,2022-06-18 10:15:25,28.640877410179346,77.23254544422149,Cloudy
3,2022-05-19 01:57:17,12.973801497109234,77.63380663111424,Fog
1,2025-03-27 09:22:38,19.09324503968115,72.8670577159677,Clear
1,2022-12-19 08:13:47,26.859072989455694,80.9528345951178,Heavy Rain
2,2025-03-18 00:18:45,19.06662820684463,72.92399461269962,Cloudy
1,2022-07-03 20:16:28,28.59341543135451,77.17443734606243,Clear
1,2023-11-18 04:37:34,17.45250218303129,78.50448675287102,Clear
4,2022-08-15 02:44:38,26.887816663008156,81.0202604219891,Clear
1,2024-12-02 11:29:42,28.572578088414673,77.17245699224617,Clear
2,2025-04-15 14:47:10,13.079767591503884,80.34959133381224,Cloudy
4,2023-11-18 00:53:08,26.836510594245734,81.00622296606423,Windy
3,2024-04-28 08:54:34,28.619635499060777,77.22053717364828,Rain
2,2025-03-28 12:41:12,19.096037180815824,72.86853098508003,Heavy Rain
2,2022-12-07 04:06:23,19.036970580806777,72.88026268076094,Snow
2,2023-06-03 01:38:06,28.517849078827346,77.39350709468717,Clear
2,2025-12-08 20:49:38,19.10344334587304,72.87558578537244,Clear
3,2022-04-06 13:04:28,13.098713967690168,80.2858811663272,Snow
2,2025-06-05 13:02:45,22.560595202103922,88.33686219877627,Clear
3,2024-02-15 15:53:14,26.907750893834812,80.94527510675216,Clear
4,2022-02-24 00:18:43,26.830926613785117,81.02528607097099,Cloudy
1,2023-07-11 20:53:00,28.707885685809256,77.22393431948066,Clear
2,2022-05-12 22:44:12,28.470694460799827,77.4196492050754,Cloudy
1,2024-12-02 22:43:55,19.095427972360085,72.92463393646933,Clear
2,2025-11-23 05:00:53,25.415782500883054,81.87483634583832,Clear
2,2025-06-18 23:39:11,25.412297128814462,81.78184768517322,Fog
2,2022-03-02 09:49:39,12.966602876639026,77.54754808347492,Fog
2,2025-09-25 10:05:31,28.578800284141753,77.43692727977606,Cloudy
3,2023-12-09 19:57:11,28.6322163323955,77.18097933801782,Clear
1,2024-07-01 09:56:14,28.639622759098902,77.17720805619022,Clear
2,2022-10-13 19:40:09,19.045596307958167,72.86962703408962,Clear
3,2025-09-20 09:14:14,28.552062532315265,77.429576836157,Cloudy
1,2023-06-07 18:02:35,26.875201893509875,81.05110194021017,Rain
3,2023-10-27 16:26:37,25.46554371278616,81.90363984140977,Clear
2,2022-09-03 18:18:45,28.64572505888428,77.2418499873471,Clear
1,2025-10-13 02:08:01,25.430533615047676,81.82308923934558,Clear
1,2025-05-27 12:22:30,26.843107299929226,80.993926255332,Clear
2,2022-10-16 21:19:47,13.15481195403429,80.23331835015719,Rain
3,2025-06-27 11:07:38,28.58463316564941,77.373789678751,Cloudy
1,2024-11-19 02:05:34,26.932143954584287,80.96753284636743,Cloudy
1,2022-10-29 17:06:43,28.56775566923047,77.2392971964687,Rain
1,2025-12-09 02:53:27,17.329448417561256,78.47944393663971,Clear
2,2023-06-06 11:35:31,13.11263161686875,80.2863543295388,Clear
2,2023-01-29 04:34:02,28.536124935551875,77.47763598303277,Clear
2,2022-10-05 14:34:31,28.494262487760547,77.44549595032737,Clear
2,2022-12-06 17:35:21,22.56851325575428,88.34054718670897,Fog
2,2022-03-30 23:55:19,13.05769647041036,80.24338681883442,Cloudy
1,2025-04-15 08:12:30,28.495452476570225,77.38282809840989,Cloudy
1,2023-07-29 14:04:16,17.426113839638482,78.45914986915645,Cloudy
2,2025-12-20 20:42:53,17.369737573868377,78.4944138497494,Clear
1,2025-11-09 11:51:21,28.466880532547865,77.06320310204948,Clear
2,2022-11-19 09:31:06,28.440391332550977,76.97936226154229,Clear
2,2023-12-10 21:08:38,26.84329289108875,80.97345710077923,Clear
3,2025-05-08 20:16:06,25.464499969757103,81.80707027562659,Snow
4,2025-02-08 07:46:38,28.527086053350903,77.4178745293134,Clear
3,2022-06-14 18:32:50,22.57998559605778,88.33988025580337,Clear
2,2024-06-01 18:55:30,28.48731374130658,76.94632182921703,Clear
1,2025-11-25 10:00:36,26.877073191083984,80.95415917776471,Clear
2,2022-02-22 08:29:48,22.632439706521257,88.39103307550933,Clear
4,2024-01-13 17:29:25,22.56789380705679,88.36037430079745,Fog
2,2024-12-03 21:23:35,19.09149636624582,72.87916713140835,Clear
3,2022-04-09 03:06:52,19.004213165725115,72.88855240883564,Heavy Rain
1,2023-01-23 17:47:57,19.068183297069808,72.89291024753379,Rain
3,2025-06-30 10:22:57,28.480543287585306,77.09176702073526,Rain
2,2022-08-12 15:42:05,26.818692204261,80.92685574661758,Clear
3,2023-12-25 19:06:18,28.66462948191489,77.20276233456013,Clear
2,2025-11-01 16:11:21,28.609087193944923,77.1707103777917,Fog
3,2022-07-21 11:44:46,28.64287213250302,77.23708164722596,Clear
4,2022-01-13 16:40:44,28.52793995024494,77.40268878023868,Clear
4,2025-02-07 17:34:12,17.420582512256058,78.45622317682458,Fog
1,2022-07-15 18:08:11,25.48334250082507,81.88352025026536,Cloudy
4,2022-02-14 14:40:20,28.514834573042883,77.3916740758161,Rain
2,2023-05-07 11:11:10,28.676238219835017,77.19861121637913,Heavy Rain
2,2022-08-08 07:34:39,19.09156071982756,72.89288423340311,Clear
2,2024-09-11 23:31:55,19.093608123866783,72.88732827169304,Clear
2,2025-02-13 06:51:27,28.43533816568296,76.9637330785633,Cloudy
3,2022-12-15 12:48:06,28.569517562020422,77.39602001279631,Snow
2,2023-09-22 13:46:47,25.418125761774746,81.8071403718654,Cloudy
4,2024-08-23 19:07:23,19.083570689393692,72.88177979798854,Clear
1,2025-10-08 11:59:19,25.49713484013706,81.84835347111793,Rain
4,2024-06-30 18:10:32,22.56965546458978,88.3088537358008,Snow
3,2023-08-25 10:24:02,19.09437027471038,72.8717181481284,Clear
1,2024-02-22 06:45:20,28.65861666546311,77.21643141492338,Clear
2,2025-10-01 04:26:55,28.62836720724926,77.2299020129721,Snow
1,2022-01-19 14:19:27,28.516136564935607,77.37092038994976,Fog
2,2025-12-06 05:55:09,26.90984366326052,80.93536113762872,Snow
1,2025-06-23 12:34:44,25.391909207165003,81.8113372268314,Clear
3,2023-05-25 21:59:11,17.409565878822075,78.53354818280035,Cloudy
2,2023-08-20 00:21:53,12.938688373437165,77.61003079643831,Fog
3,2024-04-07 22:36:39,22.54248166462066,88.36136327981421,Clear
1,2022-06-15 01:22:45,28.391326169341465,77.09246306414241,Clear
3,2025-10-19 15:05:07,19.077376177487224,72.89253804136747,Clear
1,2025-03-27 22:12:12,12.999262215304231,77.60053591867383,Cloudy
3,2024-06-30 17:12:49,22.57748083631102,88.39128631076561,Clear
2,2022-01-26 08:51:45,19.09308539925886,72.85963831453644,Cloudy
4,2024-06-26 05:31:44,25.457270514332755,81.83280613159057,Heavy Rain
2,2023-09-01 20:09:32,17.370850261452578,78.45811417238473,Clear
1,2023-02-15 05:26:47,28.59269786047855,77.14864797118612,Clear
2,2025-11-18 03:27:45,28.5105254698783,77.0219107534097,Clear
2,2025-05-08 23:46:08,28.58307497391126,77.2275106034933,Clear
3,2024-08-31 02:24:37,28.511838211909897,77.41594317112445,Clear
2,2022-02-16 09:05:16,22.62936558117248,88.34570580489962,Cloudy
1,2025-09-28 04:39:43,28.451901567818563,77.08338253555672,Rain
3,2025-03-22 07:09:36,17.356778407339217,78.51325646674296,Clear
2,2022-04-21 09:53:06,25.38744578293922,81.78988990270334,Clear
2,2022-10-06 06:08:30,13.091049814414973,80.34654357435365,Rain
2,2024-12-04 05:31:37,19.086471991813113,72.85587410918836,Rain
2,2023-12-06 05:19:21,26.848211446167586,80.94797475388523,Windy
2,2024-12-31 04:02:20,17.397006698574295,78.50301514956732,Windy
2,2022-08-30 18:26:31,28.446767541463654,76.9996458312469,Clear
3,2024-01-19 01:57:32,22.59260357439153,88.41247460896211,Clear
1,2024-06-03 04:50:57,28.588785447628,77.20884313712682,Clear
3,2024-04-01 06:00:33,26.802417578740062,81.012202598077,Clear
2,2025-07-09 15:39:54,28.525770100738917,77.4513359706748,Clear
3,2025-04-01 15:11:46,28.452739567130262,76.95735652791994,Clear
3,2023-04-28 16:23:32,13.076556517809104,80.19730800372713,Snow
3,2025-08-22 05:36:53,28.514276898928564,77.17162433205739,Clear
3,2024-02-17 08:58:27,22.58968047202316,88.36462814083204,Cloudy
1,2023-03-26 17:04:50,28.53973532351196,77.40372854267437,Clear
3,2024-04-17 04:00:39,19.083860672163752,72.87166164693357,Cloudy
4,2022-07-18 07:56:48,25.464124051984317,81.88943150118251,Heavy Rain
1,2023-03-06 23:48:49,19.190944137045076,72.9051156482981,Clear
3,2025-02-17 11:33:16,26.835530866860573,80.98173699751949,Clear
1,2025-04-22 14:49:46,19.11801830821837,72.857654332584,Rain
1,2023-01-24 03:06:09,28.622136100896963,77.21097776860503,Cloudy
1,2025-02-21 10:45:34,28.658090209243746,77.20698739609219,Clear
1,2024-06-08 16:23:26,26.821551005262734,81.01032418626521,Clear
1,2024-03-27 06:08:24,28.603516594216394,77.1740999758625,Clear
2,2024-07-05 14:32:05,28.448227851123256,77.04308781414339,Clear
1,2022-12-22 19:25:25,28.578491469869054,77.36870410365445,Clear
3,2023-11-30 06:50:59,12.995007911305285,77.6019522264535,Rain
4,2024-02-07 05:24:33,28.573457518560183,77.39011839607647,Snow
2,2024-03-12 07:45:45,28.602589131700412,77.21840843247443,Clear
2,2022-05-10 10:19:24,28.603319904491727,77.29037692555565,Rain
3,2023-04-28 02:58:42,17.307409281293257,78.48398745839243,Cloudy
1,2025-09-21 18:30:40,22.61970548704315,88.36699081546496,Snow
2,2024-12-20 00:46:06,28.60170286040308,77.19739937391371,Cloudy
2,2024-04-05 20:33:55,28.547350805159056,77.39777793608211,Clear
1,2024-03-03 14:03:23,17.318033088284704,78.45292340467984,Heavy Rain
2,2025-10-10 05:15:37,26.884904863872855,80.92495961943845,Windy
2,2022-02-06 06:52:27,19.086126861697505,72.87174216728101,Windy
1,2022-10-05 05:38:38,28.552544584859294,77.38909291671499,Cloudy
3,2023-09-01 13:38:50,28.412943366955627,77.07082295649916,Clear
3,2024-07-16 00:53:56,17.35615763164063,78.55163424383517,Heavy Rain
2,2023-04-02 00:16:26,28.627114415649327,77.202628584912,Clear
1,2024-03-23 19:13:38,28.637007623179755,77.19173413659655,Rain
3,2023-02-03 06:03:03,19.062683601235893,72.88356775543853,Windy
3,2024-03-26 05:13:27,25.480279596737645,81.8577669176065,Fog
1,2025-04-25 00:35:24,28.593349196521864,77.42997324737105,Rain
1,2022-07-28 06:07:01,28.476923446824465,77.09274925255409,Cloudy
3,2023-10-14 05:31:05,28.4650498343414,77.00523396069953,Clear
2,2022-12-13 20:27:13,22.513659859377135,88.33908398841898,Rain
4,2023-02-25 06:50:28,22.543854962149794,88.43076524712467,Snow
4,2023-09-26 23:46:36,17.37216488159984,78.47455976042264,Clear
2,2022-11-12 04:58:51,12.951457729771752,77.61482253207211,Rain
3,2023-11-20 22:40:43,13.031435266143387,80.31035346576822,Clear
2,2022-12-17 19:50:57,19.073343542522213,72.88051118504188,Cloudy
2,2025-03-08 00:53:16,12.966362741951187,77.54780577146508,Cloudy
2,2023-09-01 07:11:27,28.479300847655885,77.02785451532003,Clear
2,2025-02-01 08:48:03,28.58547450043131,77.21638241566875,Clear
1,2025-06-23 04:03:27,28.610462713847543,77.39696513669097,Clear
2,2023-08-31 13:45:03,28.549668047737892,77.40969625992338,Rain
3,2024-10-16 10:26:59,19.102760985917246,72.82257920043881,Heavy Rain
3,2022-02-16 05:08:16,26.812580754821496,80.91791140774542,Heavy Rain
2,2023-12-21 23:35:15,28.587541094693094,77.2116635845764,Clear
2,2025-12-11 10:14:30,17.411135978498383,78.49982304029959,Cloudy
2,2022-07-02 16:20:04,22.581335736662606,88.3587489923253,Cloudy
3,2023-12-04 11:56:54,28.40427863702699,76.99923908347215,Clear
1,2023-09-07 16:36:55,22.61424719006167,88.39669147180065,Heavy Rain
3,2025-04-10 13:40:57,19.09616800518585,72.84240315004499,Clear
1,2025-02-20 02:27:46,22.57512871969827,88.34422431803229,Clear
1,2025-08-20 20:14:45,26.858661387224974,80.90075859211159,Cloudy
2,2025-10-30 01:18:15,22.529987523582445,88.31868673912165,Clear
2,2025-11-17 00:52:49,19.05280579807792,72.88073663764119,Cloudy
3,2024-06-08 18:34:53,13.13430687025824,80.28500137616474,Heavy Rain
1,2025-08-07 18:14:33,25.42972796932501,81.89694971794557,Cloudy
3,2024-05-21 22:24:46,19.08152199589388,72.90294266667517,Clear
3,2025-04-22 06:25:08,26.81992028665116,80.96112287366408,Windy
1,2025-11-22 01:31:11,13.019842502749789,77.58178581087186,Clear
1,2023-02-14 23:48:49,28.545540234498677,77.43738422610946,Cloudy
1,2025-12-24 08:26:48,28.589210170009917,77.21245502683124,Clear
2,2025-09-21 14:07:27,19.05233084712853,72.88610174399722,Snow
4,2024-04-21 19:54:27,28.56815155794603,77.21551239513647,Rain
3,2024-05-06 04:12:13,12.93472670828894,77.58994204502278,Clear
1,2025-01-04 21:49:09,28.70159071168749,77.19319256187882,Cloudy
1,2024-08-31 13:26:35,25.42808567158744,81.87883139964549,Clear
4,2022-10-08 11:47:56,28.418166273375352,76.96226623522294,Fog
3,2022-01-27 04:59:48,28.623216225282146,77.21290929455374,Clear
2,2024-06-23 04:54:08,28.443775012822247,76.99271707437961,Cloudy
2,2023-10-07 19:13:41,28.62672146192394,77.2272237218478,Clear
2,2022-05-20 03:04:51,28.626566774272636,77.16621730175486,Rain
2,2022-06-11 07:38:51,19.105054118257332,72.89839694624105,Rain
1,2022-03-16 22:27:43,22.583498647819376,88.38033587691531,Clear
3,2022-02-27 09:49:53,22.61744841893433,88.29776037807325,Clear
1,2023-09-11 19:35:19,28.523290180098307,77.42713966021263,Clear
1,2022-08-31 15:31:49,17.343184389318484,78.4873033137251,Clear
3,2024-07-21 21:46:03,17.39872448439207,78.41342058924545,Clear
1,2022-11-26 23:11:18,28.55201450808864,77.19847639738447,Cloudy
3,2025-09-16 23:07:54,22.547267392381016,88.33797964609283,Clear
1,2025-09-18 00:12:41,22.602787665667904,88.37627480432619,Cloudy
3,2024-12-05 12:04:26,22.573832885722176,88.39597325895772,Windy
3,2024-01-08 02:58:12,19.07023444199344,72.88066067218116,Cloudy
1,2024-07-13 21:06:04,25.39975237718909,81.8228903797496,Clear
1,2023-02-18 13:42:40,19.07597870311872,72.91958194922896,Clear
1,2023-08-02 15:54:35,28.418470112608397,76.96539504369035,Rain
2,2022-02-09 03:54:40,28.60126231321623,77.21303041813432,Clear
1,2024-04-07 18:17:33,26.871034362508826,80.98565483932013,Rain
3,2024-01-21 01:10:16,19.12852577339303,72.84931733713765,Clear
3,2022-02-28 23:11:41,19.011892206995025,72.84616138495555,Clear
1,2024-10-26 09:00:23,28.530045792849755,77.47680688801428,Clear
2,2023-04-15 07:38:12,28.575853938519955,77.21645817012042,Clear
3,2024-03-04 15:36:54,19.003271355963975,72.86695551653263,Clear
2,2025-10-10 08:29:32,19.076351805028196,72.87726078693844,Fog
3,2023-03-06 05:03:03,25.376423964594373,81.80084187560819,Cloudy
1,2022-01-21 11:19:49,25.46486998546975,81.90832324627888,Rain
1,2023-06-26 09:22:06,28.612053571219974,77.23187176436831,Clear
2,2023-05-06 15:23:30,25.415657842541638,81.81362850945513,Clear
1,2025-04-01 04:46:50,26.865728831460682,80.98466047757455,Cloudy
2,2022-04-14 22:09:10,28.506142593154355,77.04851719465714,Snow
2,2023-01-02 04:41:13,28.453508722057123,77.02428606621169,Clear
3,2022-10-15 10:17:24,19.113972892096562,72.8081153865033,Windy
2,2022-01-04 12:05:20,19.010189905630092,72.8418173319992,Rain
1,2023-11-09 13:13:47,17.422060514630147,78.49707636481172,Clear
1,2025-12-20 21:53:30,28.510320811941135,77.39781714151619,Clear
3,2024-12-30 07:09:37,17.427407386897723,78.45055750556573,Cloudy
1,2024-01-21 05:02:27,22.507559797912123,88.34613070550635,Clear
2,2023-09-04 07:36:06,26.856058695527906,80.99123694147313,Clear
2,2022-06-12 06:48:53,26.833070351335113,80.99864090403125,Clear
2,2024-11-11 20:24:46,13.035607319875844,80.29071293431953,Clear
1,2022-10-13 12:11:28,28.44778293363533,77.00223590320289,Clear
1,2023-01-23 05:28:54,28.468735310731603,77.01278621019688,Clear
1,2023-03-22 08:05:35,26.81870909481475,80.93321567516871,Clear
1,2025-08-24 16:13:30,28.527998517684928,77.40477722068012,Cloudy
3,2024-09-03 11:22:53,19.057487926731337,72.90491586216274,Windy
2,2022-03-28 08:20:39,17.39646737328525,78.48870814438324,Windy
1,2022-02-03 01:00:17,28.642168131068733,77.19817504973405,Clear
2,2024-12-18 18:44:39,28.535475197465843,77.41446959969174,Cloudy
1,2025-02-19 13:17:45,12.902914967054501,77.61332923530799,Clear
4,2022-04-27 01:59:53,12.99847781822308,77.57617631972113,Clear
2,2025-03-31 21:42:06,28.592104429664868,77.17220348436919,Cloudy
2,2024-04-19 20:21:04,12.987714547744499,77.58971602849752,Clear
1,2023-09-17 10:54:05,26.841744545324698,81.0081724655362,Clear
1,2024-07-03 16:40:43,17.372288855444353,78.47912534509265,Rain
1,2022-04-21 07:11:38,12.967043156351833,77.59517543250168,Cloudy
3,2024-07-08 07:26:40,28.550097817430302,77.31947615761364,Windy
1,2024-09-12 04:29:16,12.995080526807568,77.52702082397465,Clear
2,2024-06-27 07:11:27,26.81967478627008,80.96906789343286,Cloudy
3,2023-05-22 18:30:25,28.65934170714214,77.17093826411607,Snow
2,2022-04-14 09:58:44,13.079411667202871,80.28468545936228,Clear
2,2023-10-27 12:38:58,13.062374061830525,80.27057817029994,Rain
1,2024-08-02 12:28:57,18.986010210141313,72.79582214380655,Fog
1,2024-09-07 09:54:50,12.996655321800743,77.62757610062579,Clear
1,2022-10-06 09:14:01,26.834516242917953,80.93865506885241,Clear
3,2025-05-29 12:24:21,25.38436006723642,81.84082685829257,Cloudy
1,2024-09-13 03:19:39,19.07210259591651,72.87034455385333,Rain
2,2023-02-25 01:15:48,28.406800161816722,77.03250383007936,Clear
1,2025-09-05 22:09:19,26.835860893074816,80.94661986241286,Cloudy
3,2023-04-03 02:03:14,28.647858698013387,77.24228746231087,Rain
2,2023-05-30 18:04:06,28.55915358091814,77.21942865446576,Cloudy
3,2022-10-23 17:59:25,26.843123427709898,80.95805104362123,Fog
2,2024-02-12 04:07:50,28.52492057127711,77.40958035067236,Clear
2,2025-02-03 03:32:38,17.3527291486188,78.46164609301438,Windy
3,2022-02-22 14:54:33,19.06467110360856,72.86837084435018,Cloudy
2,2023-05-24 14:55:40,28.560579527965253,77.2153112437212,Fog
3,2024-05-15 09:55:00,12.92665306261811,77.5748756386563,Cloudy
2,2023-01-09 19:56:52,28.44058682813545,76.99854806273592,Rain
4,2022-07-09 13:41:20,17.355706538610544,78.53303167219923,Fog
3,2025-09-06 04:50:54,28.614604239535332,77.24020952033744,Fog
1,2023-04-19 23:59:58,28.628267737702025,77.20933291439793,Clear
3,2025-04-30 06:00:16,26.820298637650875,80.89983249313603,Snow
3,2023-04-20 21:26:26,28.535207372445498,77.42515429120684,Rain
3,2023-02-20 11:03:27,12.969963769113406,77.56660899891614,Heavy Rain
2,2023-03-20 21:35:24,28.49646354380845,77.05419020798226,Clear
2,2025-11-05 08:24:13,28.59646364452359,77.41846888789921,Rain
3,2023-11-03 07:23:12,28.58622642260271,77.22137481513592,Cloudy
3,2023-04-15 19:25:36,22.546419667968983,88.30142715134947,Snow
3,2022-12-09 07:44:45,26.81909950008252,81.01888788048655,Cloudy
2,2023-01-04 14:44:44,19.11492521719823,72.90769168446768,Clear
3,2023-07-14 12:36:10,28.67537322956698,77.26312395405165,Clear
1,2022-10-07 18:57:15,26.86131106609771,80.94904003411474,Clear
3,2023-03-22 10:53:32,13.028596871328604,80.27524215063147,Clear
1,2022-04-05 07:42:35,19.126634015932055,72.83698660599374,Clear
2,2024-06-24 17:21:58,19.015485853992832,72.83224147996074,Clear
1,2022-03-10 08:21:38,26.83622121548337,80.92547144678316,Rain
4,2025-01-06 11:09:26,12.97339871891412,77.58547729025368,Fog
2,2022-06-10 01:22:18,25.483179844399178,81.8979142894871,Cloudy
1,2024-05-13 09:34:39,19.095219433644544,72.85915024739039,Rain
3,2022-09-30 18:58:10,19.040878320372553,72.91231230209998,Fog
1,2025-12-11 06:46:40,28.422736556242754,76.99929087460825,Clear
2,2022-07-10 11:53:05,17.388115143869374,78.47296034129248,Heavy Rain
2,2023-06-22 17:25:55,28.644493992863627,77.23474051501715,Clear
2,2025-02-18 07:02:37,12.982455383913553,77.59937494213236,Heavy Rain
2,2025-09-19 01:56:28,19.131569253887914,72.8642522984129,Cloudy
2,2025-04-25 01:09:06,28.51809389987748,77.40129287135777,Windy
3,2025-09-23 02:46:27,28.62158499746494,77.21361038508229,Fog
4,2022-04-14 08:08:49,26.867396205620082,80.91301566187487,Heavy Rain
3,2025-07-19 15:09:52,13.004249361232679,77.59713261364679,Clear
1,2023-06-10 13:23:15,26.86836791092858,80.93305718567763,Windy
1,2025-01-22 23:05:42,28.466774863334816,77.02502344325407,Clear
3,2023-09-20 10:00:02,28.530037119908435,77.1852356878738,Snow
2,2024-12-26 17:52:19,26.836424141595533,80.92280713313441,Clear
4,2025-10-21 08:00:31,28.608162590813556,77.22307918206326,Fog
2,2025-03-03 12:25:08,22.608467083023278,88.3957128123911,Windy
2,2022-11-11 10:07:43,28.645342114377645,77.25467290714029,Clear
1,2023-11-27 10:13:13,28.558385257662483,77.34372209020863,Clear
1,2023-01-11 12:02:19,19.065311919236724,72.8000823717748,Fog
1,2022-07-29 19:58:05,28.602076855836323,77.23066566430516,Rain
4,2023-07-11 05:29:15,26.795082751056654,80.94044199138713,Clear
2,2023-05-30 02:07:29,28.41898942666719,77.05747901283628,Clear
3,2024-08-23 06:31:29,28.543084569688833,77.41111530293765,Clear
3,2022-08-27 04:14:46,28.560988333755706,77.38602470892394,Clear
1,2025-08-25 23:47:45,28.545136569639613,77.36432124883369,Clear
1,2025-03-23 09:48:14,26.839661922253985,80.90290663595451,Cloudy
3,2022-01-10 14:37:35,28.664154976243008,77.21895983766662,Cloudy
2,2024-03-23 02:20:56,25.40486968456346,81.86162552507322,Windy
2,2023-07-29 12:17:00,19.101914742491672,72.90114595715755,Clear
3,2025-03-17 10:59:35,26.86787965555156,80.9363901050423,Cloudy
1,2025-05-18 22:12:45,28.49412147093916,77.00475667323639,Clear
2,2025-09-07 06:23:52,28.45293736406949,77.0614431502007,Fog
3,2022-10-05 22:22:06,12.960239814107538,77.66799541689248,Heavy Rain
2,2022-11-06 12:16:12,28.53984193962435,77.43584690084681,Clear
2,2022-04-24 13:27:20,26.841124653910335,80.92496779018221,Cloudy
4,2025-01-22 16:39:46,28.601300833924668,77.22342400052557,Fog
1,2022-12-12 18:11:30,19.088955937218714,72.89262549506914,Cloudy
1,2022-11-22 21:05:35,28.57170461771417,77.16863589395636,Clear
4,2024-02-29 07:54:41,13.060819197409884,80.2609056323455,Clear
4,2023-05-29 04:13:07,19.074435975949594,72.86409391472151,Clear
3,2023-12-12 02:23:39,22.58519651951874,88.29636716086604,Clear
3,2022-11-16 20:36:47,25.448657612220163,81.90239954865123,Clear
3,2025-03-09 20:40:13,25.364268095446572,81.8769865996204,Clear
1,2024-05-22 23:55:43,19.07460396366715,72.8931330406973,Snow
1,2022-09-03 12:06:27,12.950978733260582,77.56381141653048,Clear
1,2023-09-04 04:24:35,22.619248060566665,88.37646184934944,Fog
1,2025-01-08 22:15:13,28.579936464190993,77.3474197298414,Rain
3,2022-02-09 02:16:38,28.55563362862399,77.3637893284935,Clear
2,2024-04-24 03:09:16,28.51243595040465,76.99953533702111,Clear
2,2025-05-21 17:26:20,22.573667668507515,88.34507598260413,Heavy Rain
2,2023-05-25 11:22:03,26.876409287859282,80.96006950472552,Windy
1,2023-09-27 10:38:53,28.57228926117153,77.36197943771302,Clear
2,2023-02-11 01:01:39,28.587458226804703,77.49217250466397,Cloudy
2,2023-10-25 13:19:46,28.457543358839704,77.04805346294582,Clear
3,2025-12-02 11:46:05,13.131237323004983,80.24680400043185,Fog
2,2022-11-15 03:36:23,12.976030893091457,77.56840696962529,Clear
3,2024-03-17 14:42:37,28.536014293344053,77.40451582742995,Clear
1,2022-08-16 04:52:24,28.61102499340495,77.27251272085631,Clear
2,2023-04-02 12:21:57,13.069077609918114,80.26786635013421,Rain
3,2024-07-10 00:16:03,22.54663627754044,88.35944248161576,Fog
2,2025-05-26 15:24:28,22.5401816310594,88.35473767471801,Rain
1,2023-04-07 12:25:09,28.469552712081132,76.95732380718016,Clear
2,2025-03-24 00:46:00,28.603894471075733,77.21465297247335,Clear
2,2022-12-21 10:27:46,28.604241897836737,77.22506618667174,Cloudy
1,2025-12-02 00:10:01,19.127585775167738,72.8776265938916,Clear
2,2025-07-08 04:02:13,28.63279267566799,77.19103540521219,Cloudy
4,2022-10-02 08:21:44,28.486196785628447,77.36591106872322,Cloudy
4,2023-07-25 23:03:49,28.441231555208343,77.00045140362165,Clear
2,2025-04-05 04:52:39,28.56519538762589,77.37906137652293,Cloudy
2,2025-10-30 04:06:50,28.590120315367,77.2191703121756,Clear
1,2025-02-12 15:19:08,26.8165066774739,80.9500445082597,Clear
2,2024-11-29 11:19:13,28.5369523630178,77.40378516146107,Clear
2,2023-05-18 21:37:31,19.117363990287974,72.86037814315785,Heavy Rain
2,2024-08-01 09:55:53,28.582182365583257,77.2547293923707,Cloudy
2,2023-12-05 22:02:00,19.035192799896507,72.85363831807588,Cloudy
2,2023-08-08 15:35:57,13.004277981050011,77.61722742879586,Clear
3,2025-05-03 20:51:03,28.544868929308684,77.4388415241506,Cloudy
1,2023-05-28 15:46:19,18.99231225021506,72.84200695332069,Rain
1,2024-01-20 23:22:31,28.687299452433056,77.21959147340812,Clear
2,2025-08-21 09:25:36,12.944990816010378,77.62504167203618,Cloudy
4,2023-03-21 03:55:31,19.053627435072464,72.79656149568767,Rain
3,2023-12-20 00:01:22,26.835739346699196,81.04361322997866,Cloudy
2,2025-01-09 18:59:56,19.104775475143,72.88705237293009,Clear
2,2025-11-01 14:23:40,28.633071942160687,77.16987847180893,Heavy Rain
1,2023-05-30 22:02:01,25.368564540141186,81.86925716988806,Rain
2,2023-02-24 12:37:49,19.064269990142765,72.87296330181269,Clear
1,2022-06-01 10:10:09,19.107630142636747,72.92455372909816,Clear
1,2022-01-26 12:18:04,17.421748025983376,78.48843814744978,Clear
2,2022-07-01 14:49:06,25.462803288580666,81.846005521691,Windy
3,2024-03-15 09:23:06,19.075323859350487,72.88125705187367,Fog
2,2025-08-10 08:32:47,19.045670030595108,72.88991542940198,Clear
3,2023-01-06 08:15:04,17.384058505162873,78.49260424606832,Windy
1,2023-04-22 17:48:56,28.404432856763798,77.03192055222432,Clear
2,2023-12-09 04:38:27,28.450037001030246,76.97795769498826,Fog
1,2025-07-28 11:46:48,26.823666191671602,80.91058781279892,Clear
1,2024-05-01 01:21:57,17.36829078189408,78.4385960263034,Heavy Rain
2,2022-08-08 16:51:53,12.975009607007252,77.58551095977957,Clear
2,2024-10-14 14:51:23,18.970350513030127,72.93296307824514,Clear
2,2024-06-24 07:28:46,25.438113298620465,81.90503194601584,Clear
2,2024-07-04 15:51:04,28.614687513588592,77.23573299203272,Cloudy
2,2022-01-31 10:15:34,12.986510875412755,77.66357374370132,Heavy Rain
4,2025-04-17 16:03:11,17.39533304093869,78.45474327856012,Cloudy
3,2022-11-12 02:16:03,26.828614434686735,80.93804024236093,Clear
3,2024-11-30 04:58:20,28.509214032309544,77.06204223390407,Fog
1,2022-11-21 00:00:40,28.59110493872559,77.17511549907518,Clear
1,2022-03-06 10:20:18,17.43784980135512,78.49590451434366,Cloudy
2,2025-07-08 11:58:07,26.84396618464605,80.9277422831798,Clear
3,2023-02-03 17:12:28,28.638933280436195,77.1952327106312,Clear
3,2022-12-04 21:37:38,13.021784149353095,77.54639465787548,Windy
2,2025-09-23 02:54:51,26.854655982842228,80.90803627304174,Rain
3,2022-10-07 19:07:24,28.486205181552787,77.3735013125977,Fog
3,2025-06-20 02:42:22,28.460862053980605,77.00946865516303,Cloudy
1,2022-11-21 18:05:31,28.41286425766506,77.04869965121954,Rain
2,2022-07-16 10:11:27,28.65082152511591,77.29457434552333,Cloudy
1,2023-12-09 22:20:49,19.03814221163076,72.8251207161681,Rain
2,2022-07-13 06:34:42,28.52545211292238,77.05077878101406,Clear
2,2022-05-09 18:36:21,28.574769590218754,77.19803584967896,Snow
3,2024-11-25 07:23:31,28.463054459496355,77.01721555392803,Rain
3,2022-06-29 11:09:41,12.990276924868578,77.54369035081643,Clear
1,2024-03-19 09:01:52,28.507770341603997,77.37657817055754,Clear
2,2023-10-22 12:55:36,28.62317320104189,77.21240510549887,Cloudy
1,2022-03-17 15:59:03,28.636511587020006,77.17021388562304,Cloudy
2,2023-09-03 11:28:49,22.564163102489214,88.37348775079259,Clear
1,2023-12-15 21:55:34,25.45424434869773,81.84656460631379,Snow
3,2025-07-06 02:03:00,28.5000560052821,77.32940143912478,Cloudy
2,2025-09-05 01:39:52,19.09890244917087,72.91721348573141,Rain
2,2025-03-18 13:28:53,13.13729096815494,80.23055270400984,Clear
4,2024-01-28 12:39:11,26.802996780133306,80.97369189064403,Rain
1,2024-04-18 22:26:04,13.00876358260964,77.64409101974466,Rain
1,2025-04-24 11:47:31,28.556450828200553,77.41684981137207,Clear
1,2025-01-01 18:37:02,28.59243611648725,77.19713820090135,Cloudy
3,2025-07-25 21:07:36,12.984451992957139,77.59349850204288,Clear
1,2023-11-22 18:14:36,17.35771594336242,78.50075134004685,Cloudy
1,2023-06-10 04:02:14,22.630470403808907,88.34159818489591,Cloudy
3,2023-12-14 11:28:03,26.817984303662975,80.96506892228382,Clear
2,2025-09-07 00:02:33,19.09467933368022,72.92995334179639,Rain
2,2023-06-10 10:44:00,25.404277608820767,81.82109020055577,Windy
3,2024-03-20 01:36:05,26.896278912284757,80.94610626693547,Cloudy
2,2023-05-29 08:07:15,28.543026253424802,77.34116068831626,Cloudy
1,2024-10-14 05:15:00,28.491804214779915,77.00837792877032,Clear
1,2024-12-15 00:54:13,26.881387496080908,80.97212394013734,Fog
2,2024-08-16 05:32:23,28.450596895404068,77.05238929934369,Clear
2,2024-12-03 14:13:06,28.65197043629686,77.22070049873129,Cloudy
4,2022-06-15 15:31:56,28.61143342491429,77.19109968649262,Clear
2,2022-03-24 23:23:13,25.42715221971173,81.80676163892413,Clear
1,2024-07-13 19:06:35,28.58438092461781,77.42110648237737,Windy
2,2022-03-23 04:06:54,28.59319247259078,77.20874669402927,Windy
2,2023-12-01 12:53:42,22.606940240044963,88.350357469369,Clear
1,2022-07-19 13:12:40,26.81338249033133,80.97350778661105,Cloudy
2,2025-10-14 17:40:42,13.046264817360068,80.29112017492047,Clear
2,2025-01-23 00:11:02,13.085472102504138,80.23741121836402,Rain
4,2025-02-20 09:00:30,22.516249241448186,88.37536574559,Cloudy
2,2024-03-15 18:38:47,26.815337035574196,80.95368517814902,Clear
2,2023-06-20 17:20:07,19.071932531799554,72.88662303444984,Cloudy
1,2024-09-14 12:51:03,13.05110510606166,77.53691125984504,Clear
1,2022-04-27 05:41:09,28.507224108132384,77.0371675722251,Windy
1,2025-08-17 18:43:37,19.087283828329443,72.87746488168867,Clear
3,2022-10-14 05:56:20,28.58990558999808,77.15688772103753,Cloudy
2,2024-11-17 08:55:18,19.098913387877516,72.84439215117341,Cloudy
4,2022-01-13 09:08:42,19.104640980771197,72.8674066992064,Heavy Rain
3,2023-10-19 20:04:20,17.417773304711584,78.47995877464336,Snow
2,2024-08-06 14:11:50,25.429450788784898,81.87947372717444,Rain
2,2023-09-28 01:10:08,28.486513105009596,77.02106248162139,Clear
1,2025-09-21 07:36:35,28.492043297841963,77.42710680895051,Cloudy
2,2022-11-29 06:53:23,25.452660936140568,81.84895653580095,Windy
1,2022-08-23 18:27:43,28.512665685038584,77.02699088033272,Clear
2,2022-04-18 10:24:10,13.151812832677765,80.27668654241235,Cloudy
1,2022-09-21 15:50:04,22.574303935971557,88.38012111244832,Windy
2,2023-02-24 15:23:37,25.380684471933026,81.80715071641603,Clear
2,2022-03-29 13:29:21,19.109784253453316,72.90293462037009,Cloudy
3,2025-07-07 13:52:49,26.845490251605465,80.97790011601741,Clear
2,2023-04-22 16:52:12,19.019195876329874,72.83522878239465,Cloudy
4,2024-02-13 11:20:02,19.106514559945595,72.8794254098826,Windy
2,2025-02-10 07:44:37,17.334372562876077,78.47042234188297,Heavy Rain
3,2022-06-01 18:41:53,28.45651462131487,77.44724566528873,Clear
1,2023-12-02 23:03:57,28.58024787803285,77.17386272938045,Heavy Rain
2,2025-06-11 08:37:25,19.075943556466193,72.86935282000323,Rain
1,2025-12-28 08:20:49,19.017631715683322,72.9123698389605,Clear
2,2025-09-14 22:51:11,28.625691614239184,77.2248296032177,Clear
1,2022-06-26 16:51:16,22.545556431326887,88.39142043808151,Clear
1,2024-03-21 19:55:07,17.41308754037927,78.49225266079243,Clear
1,2024-10-08 13:45:30,22.54985698861574,88.37496273672538,Clear
1,2023-02-28 17:42:28,19.091156623251138,72.88866333871503,Rain
1,2023-01-30 19:46:58,12.980367997131447,77.5713917739161,Clear
3,2023-07-09 22:48:17,17.447126295739462,78.48781243667047,Fog
2,2025-05-12 04:31:23,13.057726410232501,80.32823390755313,Cloudy
2,2022-12-09 06:40:06,26.820748034608897,81.00282858895334,Clear
1,2023-04-10 05:10:50,19.0946663760715,72.8654510471877,Cloudy
2,2022-04-05 07:57:45,22.617339833161083,88.3617702667999,Clear
4,2024-01-02 20:18:06,25.442080033245322,81.89130156627787,Clear
3,2023-04-10 09:26:54,19.10283513989171,72.96587664769353,Clear
3,2023-08-05 14:15:12,19.094578055428546,72.84013834040766,Snow
1,2022-10-10 18:49:57,13.003215084238438,77.60110864387462,Clear
1,2024-10-07 11:29:12,12.963018965235202,77.541455450541,Clear
2,2024-12-27 01:31:01,17.371314136659706,78.53848186166513,Heavy Rain
1,2024-04-15 08:41:58,28.62044244683941,77.25386924268318,Clear
2,2022-08-29 20:20:45,26.871444141256468,80.95494039204688,Cloudy
2,2022-09-07 01:09:19,25.399419916298477,81.84769936769806,Heavy Rain
2,2022-11-19 08:08:36,28.487982536072273,77.02410980032332,Heavy Rain
3,2023-11-12 18:00:46,28.641716548286517,77.27922430231996,Clear
4,2025-02-15 06:54:12,17.403095967568866,78.51674930145361,Fog
1,2022-12-20 22:06:48,22.567242069344662,88.37850652555812,Clear
2,2024-12-01 03:33:42,28.55600154960568,77.31702248049653,Cloudy
3,2024-04-06 05:37:12,19.066127303009328,72.83795986918393,Clear
3,2024-03-28 04:02:29,22.589645324071075,88.33591744195405,Clear
2,2022-12-05 21:31:51,17.38773271998636,78.49618224699476,Cloudy
2,2024-04-27 14:03:19,28.64810421796061,77.21528933833872,Heavy Rain
1,2022-10-09 00:01:34,28.59149487232172,77.22678043018692,Cloudy
2,2024-04-07 22:08:19,22.53190513462353,88.35824246719325,Rain
2,2025-05-06 17:41:08,28.55586603608976,77.1909906245721,Rain
2,2025-08-14 11:17:07,22.56269424380614,88.3635830307732,Rain
1,2024-11-12 20:55:26,28.583628636065008,77.25363364545227,Clear
1,2023-08-23 23:50:17,28.46146643714373,77.0239826546172,Clear
3,2023-07-13 17:21:28,28.43705044734918,77.06547371894189,Heavy Rain
3,2024-03-09 10:01:25,12.917938889162318,77.5336450622412,Cloudy
3,2025-02-05 06:44:23,26.8718416040118,80.9426580830439,Clear
2,2023-03-22 09:53:54,19.069966876489122,72.90271561046312,Clear
2,2022-03-07 18:45:28,17.399770502579376,78.47911497460147,Cloudy
3,2022-05-21 05:19:36,28.49230288107833,77.00364870587764,Clear
1,2023-08-21 13:34:13,25.406333043570807,81.81801812998185,Clear
3,2024-11-24 09:51:37,13.132406472857369,80.29142398650998,Clear
2,2023-03-01 23:27:49,26.7926390095583,80.98652877281555,Cloudy
1,2024-11-10 13:02:51,12.946112386631807,77.55636587651843,Clear
2,2024-07-19 07:40:46,22.56120325508975,88.3427012975535,Cloudy
1,2023-09-14 02:58:57,28.655641217174207,77.16712810352765,Cloudy
2,2024-09-28 22:52:26,28.59646074507456,77.24435457500219,Clear
1,2023-05-12 15:31:49,26.850132815759792,80.98220972037635,Cloudy
2,2024-05-28 23:38:30,12.95937012672775,77.62620703583579,Clear
2,2024-11-13 01:18:46,28.520239268563675,77.37417352226456,Clear
2,2025-12-12 18:03:12,25.50595481562863,81.84289410972545,Clear
2,2024-11-01 23:53:20,28.59610307490935,77.21497579887173,Fog
3,2025-12-14 02:29:57,28.46636382522461,77.09748494730175,Rain
1,2025-01-13 08:39:13,19.042973939942822,72.83670913162696,Clear
2,2022-04-29 02:40:15,13.040462143975232,80.29101956704423,Clear
1,2023-04-13 22:34:07,28.656580087903418,77.18532724239375,Clear
1,2024-08-31 06:58:37,26.807997689987907,80.96049806227458,Clear
1,2023-05-19 02:44:39,26.828000829206474,80.95320530826827,Clear
3,2025-11-11 13:39:01,19.02574157576902,72.87017282873788,Clear
1,2025-12-12 19:36:32,25.466637176558322,81.86522063396343,Clear
1,2023-10-25 18:44:20,25.52189551947603,81.87365240338112,Fog
1,2024-07-20 07:28:14,28.55974525070636,77.1666702141138,Clear
1,2025-07-14 02:14:07,28.464005503825888,76.98336331072439,Cloudy
2,2022-06-17 03:25:44,17.383012399143983,78.45553474864701,Clear
1,2023-06-30 19:52:05,17.386170894207055,78.4368893902998,Clear
2,2024-11-04 01:18:34,13.100328477071177,80.29723280036042,Rain
3,2024-03-29 21:22:35,28.477908046321865,77.05909360376977,Clear
2,2024-02-07 19:54:35,12.990007804808913,77.60313618295672,Clear
3,2023-12-23 03:07:40,25.480774290016676,81.8408425865881,Rain
2,2024-07-01 20:03:27,26.815124177347332,80.98151101478685,Clear
1,2022-09-07 09:09:32,28.470647529854933,77.08129620747685,Cloudy
2,2022-09-19 21:42:41,28.67742240685303,77.18809571193543,Clear
2,2024-01-08 22:20:08,13.080242173279888,80.26065116732983,Clear
1,2022-07-02 20:18:03,19.050384927654967,72.83421531141587,Clear
1,2022-02-11 18:33:41,28.529567286073693,77.02814226222195,Clear
2,2023-04-22 05:19:36,28.619803371600675,77.19474025806285,Fog
1,2023-12-04 10:04:46,28.620045092972404,77.17313372374733,Rain
2,2024-06-22 07:26:36,19.125667254467515,72.80946434395459,Rain
2,2025-05-19 04:01:55,28.45995303930508,77.02876236381178,Rain
2,2022-03-20 22:24:16,26.923470734260093,80.97964963898899,Cloudy
2,2022-03-23 16:56:39,28.666991687366757,77.20270155577869,Clear
2,2022-01-05 00:57:02,28.497099964558032,77.36920648817068,Clear
2,2023-02-06 17:18:18,25.461021369203763,81.76632204268657,Rain
2,2025-02-26 10:43:53,12.957230428395974,77.59024990391809,Cloudy
2,2024-11-27 15:22:50,28.599432647775917,77.40561064620438,Cloudy
2,2022-04-11 07:49:28,28.536035730119593,77.42911186794329,Clear
3,2022-08-01 05:57:24,28.542068333629967,77.43382110488307,Fog
2,2022-09-05 18:30:30,13.141208080282702,80.308180880226,Clear
2,2025-04-21 02:42:38,12.96617452998764,77.58887200113006,Clear
1,2024-01-11 07:58:01,26.805698090451013,80.94175542653782,Clear
1,2024-12-05 20:36:55,13.020568411774219,77.61632904808515,Clear
1,2025-09-24 20:49:15,17.336243869440192,78.49419118432338,Cloudy
1,2023-06-04 04:59:30,12.934936352663705,77.65103092490082,Clear
2,2025-11-01 13:49:18,12.927630579928138,77.54893221792327,Clear
3,2023-04-26 09:17:58,28.53647165519381,77.03139184967637,Clear
4,2022-05-15 19:33:15,26.796717648836307,80.9144176560234,Clear
1,2025-10-26 20:54:17,26.876989114450076,80.89852423998276,Clear
3,2024-06-13 00:16:06,13.039978996247061,80.28047845726903,Cloudy
1,2022-07-04 06:31:04,19.013170478118305,72.92619513318796,Cloudy
3,2022-01-12 13:34:32,22.541172030502594,88.36321117359851,Clear
2,2025-04-20 12:09:55,19.15541470640808,72.88429587587503,Clear
1,2023-03-29 16:33:51,22.558634022395754,88.37791511978497,Cloudy
1,2023-08-18 03:11:20,28.646074138208846,77.23510497813345,Clear
2,2022-01-06 09:48:35,22.528745008499108,88.35733814793781,Clear
2,2024-09-03 23:11:26,19.048453730237334,72.84346070227569,Clear
1,2024-04-24 15:48:07,19.114997632459776,72.89176596320947,Rain
3,2022-03-01 07:32:49,17.35217746667806,78.46249300511019,Fog
1,2025-03-10 22:14:23,28.402883248948083,77.04233994126238,Cloudy
4,2024-05-24 10:50:07,28.46543897818002,77.03361381747068,Rain
2,2023-09-12 01:03:04,28.548597585718085,77.40387368489554,Clear
2,2024-01-29 16:59:01,28.622663954404775,77.23791450218381,Clear
2,2022-08-19 08:34:26,19.129221031561713,72.92186164061383,Clear
3,2025-07-09 03:52:08,19.09125336948963,72.8960471141426,Clear
1,2025-05-14 00:52:00,19.12717251585841,72.88380384730823,Clear
1,2022-10-10 12:58:07,17.415428901127758,78.4256675723639,Clear
2,2023-12-06 12:05:12,26.870135569181436,80.90095167485252,Snow
2,2025-12-11 10:13:37,26.86488259849677,80.88802904176964,Cloudy
4,2022-12-15 06:16:49,28.57741914185595,77.16919644148916,Clear
4,2025-09-08 17:10:12,19.063797421817902,72.88182850561212,Clear
3,2023-09-08 07:22:38,28.499518646931747,77.39340625198673,Windy
3,2024-06-13 11:43:28,28.600609410623818,77.24668326280258,Clear
3,2024-10-01 06:19:06,26.881070384514253,80.93112299369619,Clear
2,2024-07-26 21:12:33,28.54720493264596,77.24596574153335,Clear
1,2024-10-23 19:56:10,19.086828665486095,72.93413090347663,Clear
1,2024-07-28 21:04:31,28.5491669502856,77.42862922621437,Cloudy
1,2024-03-25 22:14:24,19.036784394932397,72.82469286896881,Clear
3,2022-09-04 19:53:02,28.642782854671356,77.22586655712142,Clear
3,2022-09-29 22:43:05,25.477055343030496,81.86336661863318,Rain
2,2025-01-23 15:33:04,25.42292925458534,81.86014941273127,Heavy Rain
4,2023-02-23 02:25:24,28.55541375346927,77.3415387755347,Windy
3,2025-11-25 20:22:14,26.842890114174352,80.95208089606159,Heavy Rain
2,2024-04-02 19:24:33,22.597700949111466,88.34414738513605,Cloudy
2,2025-07-14 03:09:51,28.62427033779263,77.21231584665415,Cloudy
2,2022-09-03 18:19:59,28.535910772940266,77.4094603528151,Clear
4,2022-11-29 21:02:22,28.539888684013235,77.36971462569329,Clear
2,2025-06-02 13:28:53,13.086309127400103,80.25489941133863,Clear
2,2025-08-01 15:30:09,26.813631492841537,80.95197588418536,Clear
3,2022-08-25 10:28:07,28.627899879353027,77.21480506593795,Clear
4,2024-02-05 15:11:38,28.61528117697564,77.17192025075214,Cloudy
1,2025-07-15 20:56:15,13.009494842074002,77.57464606543236,Cloudy
2,2023-09-16 00:40:39,22.590886793808295,88.3787025012979,Cloudy
2,2023-05-22 21:41:17,26.798991634624688,80.94969347840876,Clear
3,2024-07-25 23:32:02,25.480792517376955,81.84821296423195,Clear
2,2024-03-22 02:15:35,19.056013369774398,72.9493678166364,Clear
2,2022-07-12 13:28:10,19.06505694444949,72.91401740051671,Clear
1,2025-09-19 03:16:00,22.592154334902265,88.34973765179856,Clear
3,2022-02-14 06:33:07,28.557505569189086,77.3844341049968,Rain
2,2025-02-25 02:03:30,28.643876093460207,77.20851482529235,Snow
4,2025-04-30 14:45:50,25.45918868433795,81.88459583924653,Cloudy
1,2024-02-22 21:42:16,19.061906460402025,72.87478724472089,Clear
4,2025-06-18 09:09:05,26.86597844923142,80.93913188759365,Snow
1,2022-04-13 08:20:39,28.616233441439483,77.11714560918847,Fog
3,2024-10-09 14:49:24,17.384471024346993,78.54195153866675,Windy
2,2022-06-22 23:56:43,12.940015484773957,77.57773474895804,Clear
1,2025-08-07 23:14:02,19.091050468300825,72.89279662652235,Clear
2,2024-03-18 15:34:50,28.50715682104081,77.01981782879245,Rain
2,2023-02-03 11:52:32,28.47455312046601,76.99846613731151,Cloudy
3,2023-05-22 07:19:39,17.41869058748945,78.46149341959133,Rain
1,2023-06-18 03:52:02,25.454930640399102,81.88681318620334,Clear
1,2022-06-15 19:07:17,19.05202544872997,72.90574136173959,Clear
1,2023-06-19 07:18:11,13.047371240618551,77.64070729566282,Windy
2,2022-06-06 22:56:02,19.050628004618208,72.90244342534723,Rain
1,2024-09-21 00:06:09,28.437338457080777,77.03590412594494,Clear
3,2025-07-21 03:56:48,25.464276578775802,81.89657989231044,Clear
4,2023-12-11 18:13:45,28.66790108369387,77.16591575261182,Heavy Rain
2,2023-03-01 19:25:10,28.502099547240462,76.9733228143276,Fog
2,2023-03-27 11:41:19,26.881490071382718,80.9485046974148,Clear
4,2023-12-03 11:54:57,26.859624293712965,80.9047041397279,Windy
1,2024-03-31 18:12:03,28.549251757565504,77.39015400007747,Cloudy
1,2024-10-17 06:52:42,26.82672554653141,80.92901906148188,Clear
1,2023-03-26 10:52:43,22.602521637292277,88.36422883741015,Rain
2,2024-04-21 23:21:29,19.080048135616366,72.85150028729672,Cloudy
1,2022-04-02 14:26:06,25.41264085451618,81.8063797528679,Cloudy
2,2022-10-26 09:20:00,28.57634884594998,77.20943417441013,Clear
3,2023-07-18 08:40:50,17.378067422944774,78.53222188903696,Windy
1,2022-03-18 21:51:19,28.41104676495252,77.01932306914769,Windy
1,2024-05-02 08:40:26,22.594423402958906,88.4270895896247,Clear
2,2022-10-16 01:31:22,28.639239896134068,77.1989794508987,Cloudy
3,2024-12-20 02:13:06,28.636168253995063,77.22115771912307,Cloudy
1,2023-11-14 07:40:47,22.527163279473147,88.39233124169012,Cloudy
3,2022-06-18 08:59:45,28.441545901461126,77.0110767440057,Cloudy
2,2022-09-15 00:51:16,28.46444081872858,76.96893072628306,Clear
2,2022-12-15 17:16:25,13.062109131148937,77.60926677571636,Cloudy
2,2023-06-29 16:03:46,19.13523095566867,72.86860975901233,Heavy Rain
4,2025-10-20 19:52:57,25.45398028181171,81.80569928663198,Clear
3,2024-10-06 05:49:42,19.08137043335822,72.7854988613197,Clear
4,2025-03-01 16:27:05,19.105534007106996,72.86540327725905,Clear
2,2025-08-20 21:35:00,28.645545235819807,77.26393899883422,Clear
1,2025-03-24 21:04:34,28.632602152470884,77.14710546010267,Cloudy
1,2025-01-19 11:12:31,28.459495390982056,77.08931237957647,Snow
1,2022-10-31 22:07:27,28.45427403023449,76.93678582149236,Clear
1,2022-03-14 02:36:18,25.457021253667822,81.79617931290727,Clear
3,2023-08-04 03:57:33,28.42325385803841,77.05743706122202,Heavy Rain
1,2022-11-03 07:50:22,26.871312638919985,80.95755280909854,Clear
3,2025-07-06 09:42:58,28.63793714211667,77.24117929500638,Clear
2,2022-02-13 13:04:32,28.596705794031855,77.21948321467957,Clear
1,2023-04-02 17:03:45,22.523622993327496,88.37025172586577,Cloudy
2,2023-01-27 04:01:43,26.84366570462451,80.94765849977489,Clear
3,2022-06-15 19:26:21,22.591370152189793,88.39977971115951,Clear
1,2024-01-18 19:46:10,28.55855870856413,77.38298919428948,Clear
1,2024-05-04 07:34:25,19.09958878030985,72.82457178097687,Clear
1,2025-06-18 10:23:06,26.88562212380116,81.00469739294327,Rain
1,2022-10-01 08:13:15,17.3954449764819,78.50449290368526,Cloudy
2,2022-12-31 01:24:27,13.065392758934125,80.2720175772784,Clear
2,2022-03-03 05:42:46,28.65569750690549,77.25453857220585,Clear
1,2023-01-23 06:33:33,28.591614430431218,77.21508382338358,Fog
2,2023-12-04 02:28:45,28.603055428452258,77.2364794304911,Rain
2,2024-05-25 15:48:49,17.341249102054434,78.49739954167624,Heavy Rain
3,2025-12-11 21:48:15,22.587060161658343,88.35573770256278,Clear
1,2025-03-23 06:24:17,28.42139778049293,77.12464805463722,Fog
1,2024-07-01 05:47:21,28.533773831003174,77.06635536307384,Rain
2,2023-05-16 07:04:10,22.545950336124292,88.34715231168866,Fog
2,2023-01-31 02:25:43,17.3838039841463,78.56075197833471,Rain
2,2023-02-02 08:10:27,12.935545726314613,77.55333705092625,Rain
1,2025-12-22 17:09:11,28.551413545932988,77.41029894199724,Fog
2,2025-12-21 02:36:49,26.860573360287827,80.9328323147904,Clear
1,2025-04-01 10:23:05,12.952380573165366,77.57379257971506,Clear
2,2023-10-30 15:53:12,28.62721821068607,77.2331745311272,Clear
1,2024-03-07 04:38:09,28.530636947719714,77.45277401489443,Clear
2,2025-01-04 08:14:21,28.419675874722245,77.0409841657755,Clear
2,2022-06-09 11:49:42,26.82467801375604,80.89581031461837,Clear
3,2022-07-12 11:40:32,26.836271772231537,80.9620627665799,Cloudy
2,2023-03-20 03:47:13,28.481863488497446,77.00180291644648,Rain
4,2024-11-04 02:01:27,25.459489317893887,81.80846117282616,Snow
1,2023-12-03 19:22:01,28.614492192970836,77.18288576455953,Clear
2,2022-09-26 14:05:57,12.956757319232157,77.58537751844759,Clear
2,2022-04-17 17:31:35,28.53941936764174,77.37501552993574,Cloudy
1,2024-05-11 03:21:15,26.817826375969304,80.90417133500578,Rain
3,2025-10-07 05:03:38,28.647139513449726,77.21860639174729,Clear
1,2022-05-06 22:20:44,25.40778973514374,81.84567252111125,Clear
2,2024-06-13 15:14:05,26.825712267099217,80.96127589768938,Clear
2,2025-03-01 02:26:27,28.545519737807865,77.45415571401955,Clear
2,2025-02-02 22:36:53,19.031800241594805,72.8828556824889,Cloudy
1,2024-01-29 00:27:24,28.61631798174535,77.11062800891837,Rain
1,2025-11-09 08:44:29,28.654132057740362,77.15389803987938,Clear
2,2025-11-02 17:12:02,13.00930527855555,77.59397482457894,Cloudy
1,2025-03-02 17:34:39,28.512269769475967,77.01229646790028,Rain
1,2025-08-18 16:23:45,28.605492689514914,77.24158541492042,Cloudy
2,2023-05-02 06:39:14,28.546754062376127,77.43767483877694,Clear
3,2022-02-19 18:26:31,28.54494296760953,77.37126455341232,Cloudy
2,2022-04-01 06:23:21,28.462534310001992,77.05260483938287,Cloudy
2,2024-12-01 04:12:21,22.534750531674128,88.3756546542652,Clear
1,2023-01-25 22:50:53,13.07168894933953,80.32425649683289,Rain
3,2024-04-24 01:32:26,26.8185668886966,80.96670971191426,Rain
1,2022-04-28 14:57:51,28.52013672303254,77.34727460759927,Windy
2,2022-12-23 01:20:00,19.063367856944677,72.83833441296903,Windy
2,2024-03-28 15:54:15,25.46747917141093,81.86735530158907,Clear
2,2022-06-25 12:18:05,28.39695014943454,76.99130142171116,Clear
2,2023-11-01 11:11:31,28.462835816161146,77.05345289122774,Clear
3,2022-04-12 11:26:07,12.959142277901956,77.65227571620242,Clear
4,2024-04-11 01:44:17,19.06774069653966,72.86055195926592,Cloudy
4,2023-12-21 09:34:49,25.53614873860158,81.85955979302322,Cloudy
4,2025-09-29 01:16:18,22.507916146066403,88.34563816699453,Fog
3,2024-11-20 06:40:41,17.41607313774526,78.53564693975743,Heavy Rain
2,2025-02-26 23:41:55,19.0901542853925,72.79326072137282,Fog
2,2023-07-19 15:46:48,22.589709606143455,88.4473609230116,Heavy Rain
1,2022-01-01 21:52:32,22.602184486030605,88.36380520856031,Clear
1,2024-02-16 05:47:17,19.10212306346389,72.87646390991418,Clear
1,2022-03-10 08:35:51,13.013208218441761,77.57132339286989,Cloudy
1,2022-09-08 12:29:45,26.79893632859348,80.9443634150378,Clear
1,2022-06-05 17:24:44,28.541548429791995,77.31682445213092,Windy
1,2023-09-14 15:32:56,19.033203740244165,72.84565286962746,Clear
2,2024-03-04 13:26:35,25.40435283296295,81.83682247260573,Clear
2,2025-05-01 11:02:53,25.405849009701697,81.80479274402846,Windy
1,2022-11-23 02:15:37,17.351807606268242,78.45837534282144,Clear
3,2022-01-23 05:23:06,28.603745962225023,77.17985884558034,Clear
4,2023-05-16 01:42:59,25.425143969259814,81.89204973981028,Snow
1,2024-09-12 19:52:43,26.803010383538957,80.9302385414,Clear
3,2025-08-08 23:38:04,22.57217915898804,88.3555155449372,Clear
2,2022-01-29 20:08:53,28.41964259720583,77.00371360170189,Clear
3,2024-05-11 22:50:20,28.583407685733846,77.18794709698305,Cloudy
1,2024-03-19 02:22:57,28.62676351666465,77.16262985436525,Clear
3,2025-01-18 11:12:47,28.652722279390538,77.18764227576118,Rain
2,2023-08-07 17:40:29,28.629161787617157,77.24186534574827,Rain
2,2023-05-18 10:05:27,28.620279807823827,77.1630030164632,Clear
2,2022-06-17 23:57:34,19.08080694635978,72.91933749259199,Clear
2,2023-05-24 21:54:49,12.908699971632982,77.65574707005938,Clear
4,2023-06-22 14:18:27,28.61823673857824,77.23052364312164,Clear
4,2022-03-30 18:38:21,12.918817344206966,77.56863211911852,Clear
2,2023-07-02 06:54:07,22.59555844677766,88.36610492249525,Clear
2,2022-07-17 20:40:23,17.42702802868,78.44172693683159,Fog
4,2022-06-23 06:59:15,28.514673155279816,77.39250793097708,Snow
2,2025-04-18 15:17:00,17.359464947337287,78.4724053052454,Clear
3,2025-09-30 06:56:15,13.059663865405202,80.34415944306234,Windy
2,2024-05-17 20:08:13,26.843874627159046,80.93487648284537,Cloudy
1,2022-12-30 22:19:24,12.966067038021473,77.60174513115778,Clear
1,2022-08-28 09:35:37,28.611646264549616,77.16644754457259,Cloudy
2,2023-05-23 06:31:34,28.649281834786997,77.2306189964484,Clear
1,2024-12-27 05:53:09,28.51294223043435,77.41753988351414,Cloudy
4,2022-03-22 07:15:11,19.058236402976597,72.90689352001685,Clear
3,2022-11-17 11:16:57,28.508108003626685,77.01415586650833,Clear
3,2022-06-09 18:49:27,22.53400282691629,88.34868127854969,Snow
1,2022-12-14 18:00:56,28.466552231309663,77.0716379598454,Cloudy
2,2025-11-01 18:57:55,17.373778143329265,78.46543676815277,Clear
2,2023-06-05 23:37:56,26.831027307682408,80.92903079041082,Rain
1,2023-06-14 12:17:38,26.86229752265715,80.96794396329713,Clear
1,2024-03-27 19:42:48,19.060201866912152,72.88307349600376,Cloudy
1,2024-11-21 18:00:50,28.480957524434782,77.41469089870537,Clear
2,2022-11-08 20:17:14,25.357764854906083,81.87192763255818,Clear
2,2023-03-20 16:28:18,26.816736471039697,80.91278515582076,Cloudy
2,2022-10-05 11:26:58,28.576426675783345,77.1815487660395,Heavy Rain
4,2022-02-28 10:05:30,28.443410565013412,77.0181910106058,Rain
3,2023-04-30 23:05:36,26.847650421822784,80.93913000010295,Rain
2,2025-10-07 05:55:58,28.66936588750658,77.21059132841816,Snow
2,2025-05-20 00:44:48,19.094712278642312,72.87741882387543,Clear
3,2023-07-09 16:57:01,25.478723648037267,81.85356695893056,Rain
2,2022-11-20 23:09:26,12.933575616632554,77.61180452717909,Rain
1,2022-08-05 14:14:14,26.85820373848218,80.95332811479543,Cloudy
3,2024-03-27 16:48:38,12.949125548915895,77.52366977781902,Heavy Rain
1,2022-07-24 17:20:24,19.076020008297604,72.88959576434603,Rain
2,2022-10-30 13:22:30,28.619018234765782,77.22969513562528,Clear
3,2023-03-15 09:14:25,25.389472265020522,81.83104344858184,Rain
2,2025-01-06 11:20:44,12.957130898559846,77.63368389914598,Clear
2,2024-06-29 15:47:29,28.57540876934349,77.34969188930299,Cloudy
2,2023-11-02 15:55:19,26.915325124121352,81.03972548599198,Cloudy
2,2023-12-03 01:43:09,19.10860143318439,72.90656308469973,Clear
3,2024-04-03 13:51:47,22.52084642412914,88.28586131757446,Fog
1,2024-06-07 16:19:02,17.413742040241317,78.50612035340751,Clear
1,2024-12-06 07:18:59,26.84699881653127,81.00253395799635,Clear
1,2022-11-15 13:53:37,28.515880492921696,77.45029615153669,Cloudy
1,2024-01-26 06:12:33,13.00735103364054,77.62338198045407,Fog
2,2023-02-09 01:39:18,17.38421967075612,78.44590154700289,Cloudy
1,2023-05-10 03:51:37,25.48418516693169,81.79924788983092,Rain
1,2025-04-10 03:27:31,26.822089523821045,80.89253127688785,Cloudy
1,2025-11-26 01:39:54,28.53437504205503,77.15338536391329,Rain
1,2024-06-08 20:45:07,25.409406063207314,81.80720781708307,Clear
4,2024-08-14 06:14:49,28.48990289204528,77.03372922974668,Heavy Rain
3,2025-10-07 01:29:47,28.599654443786765,77.27377733998526,Clear
3,2024-07-18 02:41:01,28.540754747888467,77.41593686175518,Clear
4,2024-12-02 19:11:39,26.82092081221107,80.94547150687353,Cloudy
1,2022-08-13 13:14:36,13.017055617879464,77.58631955705987,Windy
4,2023-04-09 04:35:41,25.463232280760813,81.86833768047005,Fog
3,2025-09-06 07:32:03,26.82164114718856,80.94917660510701,Heavy Rain
2,2024-04-01 03:38:33,28.60347925228916,77.23441446324726,Fog
1,2023-07-29 19:57:32,17.365860696398386,78.48973755991959,Clear
2,2024-09-29 01:39:40,28.62061179715859,77.2418513769393,Clear
2,2025-01-02 12:43:37,12.903751560707109,77.61547167543529,Cloudy
1,2025-05-02 05:16:28,26.780795579366487,80.89287407662661,Heavy Rain
1,2024-03-08 23:40:41,28.429722603798012,77.0010923431268,Clear
1,2022-07-09 16:54:47,22.56800869460073,88.34881496129584,Clear
3,2024-04-04 14:12:41,28.470542334948405,77.40802005566594,Fog
2,2023-10-13 08:18:03,28.53120300010096,77.42258140163958,Cloudy
1,2025-07-21 16:23:58,22.61362442083563,88.37795243526912,Heavy Rain
3,2023-03-05 18:34:15,13.06747229654483,80.25979134399822,Clear
1,2022-01-30 19:28:08,28.432381923765256,77.00795876351643,Clear
3,2024-06-16 16:00:27,28.58023831527294,77.2242089034039,Rain
1,2025-08-23 18:18:46,25.408959566620872,81.78382696107829,Cloudy
1,2022-01-19 19:21:03,22.541650338727386,88.34684726704161,Clear
2,2022-08-11 12:02:02,25.356435457987676,81.8578798507392,Clear
2,2022-01-18 11:52:49,28.58997083302065,77.2159657389467,Heavy Rain
2,2024-06-16 12:39:24,28.594024789846202,77.20982672108451,Rain
1,2025-04-26 10:29:17,12.986567271394334,77.58634740886087,Cloudy
2,2024-04-25 08:20:38,28.634021711432027,77.22756581485812,Cloudy
4,2024-12-15 16:32:41,28.52651206590083,77.167870342337,Clear
3,2024-06-01 15:22:27,28.477089118625894,77.0690231751763,Snow
3,2025-10-27 15:39:56,28.47206597203421,77.02931095351786,Clear
3,2023-03-19 22:44:09,26.87114396924653,80.9852942799674,Heavy Rain
3,2023-08-21 15:28:56,17.353162873953938,78.53538648662696,Heavy Rain
3,2022-04-23 14:54:53,19.061913071101166,72.89327840402449,Clear
3,2024-04-30 12:51:08,28.652879348743475,77.24796410226108,Heavy Rain
2,2025-04-01 16:12:16,26.87887151537869,80.90912307594539,Cloudy
2,2024-01-07 10:41:14,17.449884195512578,78.39022380210183,Clear
2,2025-05-06 21:21:52,28.607329554174704,77.23842123494742,Windy
2,2023-08-27 19:26:15,28.50561248799,77.43083985057115,Clear
3,2024-11-03 23:03:30,22.543697450616094,88.3904804760838,Clear
2,2024-07-31 16:06:31,28.54812030055602,77.43989302096816,Clear
2,2023-03-07 01:34:46,28.509183722953384,77.4707338018185,Rain
2,2022-12-05 04:21:34,19.11949894126644,72.90315087961123,Rain
3,2022-06-28 01:45:28,28.535032873733048,77.32105996632119,Clear
3,2024-02-28 12:41:54,28.569632018958966,77.40392423221775,Cloudy
3,2025-12-21 11:38:05,12.952470809631723,77.59118327564791,Clear
2,2024-08-06 11:31:18,17.424259119983578,78.49471831910762,Windy
1,2023-04-22 10:53:06,13.055902135016412,80.26082441624044,Clear
2,2022-10-28 10:08:24,28.45220275791429,77.01502117670465,Windy
2,2024-11-15 03:32:49,22.600567382559984,88.36411460076523,Fog
2,2025-05-22 10:39:16,26.888300971318703,81.00438444092379,Snow
2,2023-05-08 02:27:02,28.546252138106425,77.39254721612082,Clear
2,2024-01-13 06:18:23,22.53112668205709,88.42007270756139,Windy
4,2025-07-30 12:35:39,28.46971514595551,77.02464789818121,Heavy Rain
1,2024-03-25 00:11:11,28.68150277071544,77.21387579432326,Clear
1,2024-05-27 09:06:27,26.886571520967276,80.93054726046877,Clear
2,2023-05-22 05:58:08,28.51816364563097,77.39593972117609,Clear
3,2023-03-01 15:32:26,28.622833328461365,77.21930165657979,Fog
2,2022-02-27 09:19:10,17.454092754071077,78.49990421407698,Rain
2,2022-10-06 09:34:09,19.047888269670555,72.90474180450889,Heavy Rain
1,2023-04-28 06:51:04,25.482537087485795,81.83991569547425,Clear
1,2025-03-18 08:00:40,12.960831972057969,77.62066948173215,Windy
1,2023-05-14 09:12:25,28.45552201051253,77.08256931342929,Cloudy
1,2022-09-27 12:02:25,25.476652620665654,81.9018956511684,Clear
1,2025-01-18 00:13:30,12.962286358066383,77.54233614741389,Clear
3,2023-06-17 22:25:57,25.394965773142125,81.88621807171961,Clear
3,2025-06-28 05:46:24,12.996840663772947,77.60357136285391,Cloudy
2,2022-12-27 14:40:59,28.499630267146035,76.9881456464726,Heavy Rain
3,2023-12-15 12:47:30,19.052721242014343,72.85727538082364,Cloudy
3,2022-10-12 10:13:05,28.621332671883284,77.19910856634971,Heavy Rain
1,2022-03-23 00:12:10,28.484509983011318,77.3691329596028,Cloudy
3,2023-02-04 20:03:51,28.666938886224226,77.23575024034972,Clear
3,2024-10-14 02:59:13,13.10902162342666,80.27141756052788,Clear
1,2024-10-22 06:30:49,28.59914008518548,77.15482558385526,Rain
2,2025-04-18 01:08:27,17.402619427427,78.47616788003641,Clear
2,2022-10-16 04:55:29,28.49191236576315,77.02647151190318,Cloudy
2,2024-05-17 09:47:46,19.098326441069098,72.90815210759176,Snow
2,2022-06-07 13:19:32,22.60752840127499,88.34978398314374,Cloudy
3,2023-12-22 10:12:18,25.46590527785554,81.82324787716658,Clear
2,2023-04-08 02:12:49,12.931958744831757,77.63925201372655,Cloudy
4,2023-10-17 02:14:50,28.6632974901611,77.23648709610536,Cloudy
2,2024-08-06 01:03:24,28.48301476075113,77.0232538548702,Windy
2,2022-10-24 02:45:57,28.622443445522585,77.21858688803965,Heavy Rain
2,2023-07-03 15:00:17,28.41773184810098,76.96243903419055,Rain
2,2023-11-11 17:19:57,28.464270895344725,76.99502166290499,Clear
1,2023-02-19 09:40:50,28.615801910294966,77.23570353898499,Clear
3,2023-03-16 21:42:36,19.03206978264782,72.8263886629493,Clear
4,2025-06-19 13:05:34,17.37442660356414,78.54225902108455,Clear
2,2023-01-26 22:10:08,25.44213282394514,81.86453600412659,Rain
3,2025-05-17 16:12:23,28.48856044885705,77.44447935507739,Clear
2,2025-05-28 14:11:48,12.972663253674455,77.63349816311462,Rain
3,2022-09-06 18:04:29,28.6090553751681,77.17708707414188,Rain
2,2022-03-16 05:35:37,28.520483696316756,77.33133249329735,Clear
1,2025-09-07 21:20:30,13.08102049718023,80.22284357385503,Windy
2,2023-02-24 06:41:28,22.613833057899676,88.32455419053333,Cloudy
2,2024-01-20 06:31:03,26.772260827927024,80.94730676908686,Heavy Rain
1,2024-10-30 19:25:26,28.573699583966643,77.20034271754979,Clear
4,2024-04-09 19:24:21,22.526866223427433,88.38120543232228,Rain
2,2022-12-30 18:26:24,22.593568141574234,88.37004857993722,Clear
1,2022-04-14 01:29:17,19.042977983741498,72.91540679105475,Clear
1,2025-01-12 21:39:32,19.10487094132051,72.8471431604113,Clear
3,2022-04-16 09:06:36,28.48233306832659,77.04329931097203,Clear
3,2023-05-05 19:55:53,12.999856086487279,80.27336673475071,Snow
2,2022-05-17 05:06:36,26.806974576563487,80.96350741361232,Cloudy
2,2022-01-01 19:43:46,28.545830580326953,76.9852100714015,Cloudy
3,2025-04-02 01:38:49,28.65923019904684,77.22317294738355,Clear
1,2022-03-11 23:15:19,13.017666162853551,77.58765007845916,Clear
3,2023-10-31 17:16:42,28.53837304148696,77.36369239981519,Clear
3,2024-08-04 01:08:33,25.351262285827254,81.84681295684545,Clear
2,2025-09-06 12:29:42,13.046869294415277,80.30630109749596,Cloudy
2,2022-03-22 11:20:11,26.84385757965871,80.90068321326382,Cloudy
1,2024-06-30 01:13:27,12.94772923647976,77.63678793445246,Clear
1,2025-08-21 00:49:49,28.584923373113714,77.37458252837197,Clear
1,2022-12-18 00:46:13,13.08997511753735,80.27534091852093,Clear
2,2023-09-07 18:43:19,26.853102009726708,80.88131937155734,Rain
2,2025-10-11 10:17:50,12.966539463143574,77.65841756367128,Clear
1,2022-06-18 05:52:36,13.098909846799128,80.25822945387938,Clear
1,2025-06-08 19:32:09,25.400678710097026,81.79441332196227,Clear
4,2025-03-29 22:33:56,12.997992388498911,80.25256421485602,Fog
2,2022-01-30 09:50:47,25.455133201755327,81.83632606719242,Clear
2,2022-08-17 07:39:18,13.03025915548738,77.59006737002305,Clear
1,2025-11-16 12:28:43,28.662344904341627,77.21954154353273,Clear
3,2024-06-08 02:33:40,19.111697501189973,72.89641463823727,Rain
4,2024-05-08 11:53:43,28.596867908413376,77.20864280398632,Clear
2,2022-09-27 15:55:10,28.62287263443085,77.22943052765326,Clear
1,2022-05-30 21:12:34,19.110266253891364,72.85518961009797,Clear
2,2022-08-24 01:06:42,28.590043440415826,77.36722723219737,Fog
1,2025-08-20 08:57:17,26.838943881343607,81.00677853175657,Clear
2,2024-05-27 17:40:21,13.056414181301333,80.29238798421171,Cloudy
1,2025-10-24 06:33:56,28.461373012840287,77.0591530031677,Clear
3,2025-11-11 04:45:03,28.56965181063545,77.25179188466966,Rain
2,2025-03-03 01:40:30,25.43606011308539,81.84364999587373,Heavy Rain
3,2023-07-09 08:03:34,12.958676463793449,77.65027923668744,Rain
2,2025-04-10 09:10:07,19.043261095900622,72.90711986942271,Clear
2,2024-09-01 18:48:53,28.541526356823294,77.16864843197234,Rain
1,2023-09-14 15:47:49,28.40048630881349,77.03001000786685,Clear
4,2023-09-08 06:41:35,19.07312521677561,72.91223665661191,Fog
3,2022-09-03 08:48:04,12.984155765039882,77.65691584629523,Rain
4,2024-06-10 00:38:21,13.094091978931363,80.30918545625147,Windy
4,2022-02-26 07:31:22,13.00968135925166,77.5790464800213,Heavy Rain
1,2023-09-06 13:20:04,28.532259021165604,77.32558590734607,Clear
1,2025-03-18 07:31:50,26.844754331688023,80.95890844514314,Clear
1,2024-06-02 04:30:04,28.51233333974446,76.92276364259408,Clear
2,2022-10-22 00:20:49,19.104815324802438,72.92183330899184,Clear
4,2025-12-05 12:50:54,22.582957663412113,88.3686400092152,Heavy Rain
2,2025-12-08 16:35:54,12.948395351355513,77.57399533082551,Cloudy
2,2024-03-30 07:07:09,28.597479006005024,77.23683372085786,Cloudy
2,2022-04-06 15:43:14,12.95921732441002,77.59758689215282,Rain
3,2022-01-09 06:33:53,28.540431880743544,77.37627832301405,Heavy Rain
1,2025-01-09 12:55:11,17.383060157830617,78.47316056647047,Cloudy
4,2022-04-23 10:46:38,28.449621579282685,77.06337710016652,Snow
3,2025-06-06 10:00:49,28.619214664237457,77.18498784657098,Rain
3,2022-06-16 08:24:08,28.614987219923965,77.20333814515921,Clear
1,2023-09-02 00:24:19,28.58486093073067,77.37232591319156,Fog
1,2022-02-03 08:26:07,28.44876295603677,77.01585512749931,Clear
1,2023-11-04 03:53:58,22.575658700012205,88.3633381086263,Clear
2,2022-01-15 10:45:40,13.121301874559547,80.265981996073,Rain
1,2023-06-12 16:49:57,12.904215822559438,77.620049286852,Clear
1,2025-08-30 01:54:24,26.822213971695415,80.93887185353408,Rain
3,2025-06-24 19:19:20,12.974319796100875,77.59030712147108,Clear
2,2023-09-19 00:58:53,26.859139088778473,80.97325108623953,Fog
1,2022-11-23 03:12:42,25.52150843070091,81.83437477299637,Fog
4,2024-03-01 06:12:55,28.634861945166595,77.2153260363225,Cloudy
1,2024-04-12 08:42:47,28.556071475157065,77.20085754971613,Cloudy
3,2024-02-08 19:59:33,25.471284440637387,81.82706020592451,Snow
3,2022-08-09 22:46:58,22.609633696629864,88.37631940544496,Snow
1,2023-06-06 07:52:27,28.591401726991673,77.22992820148976,Clear
1,2023-01-04 11:41:30,26.81434935410315,80.93792509215703,Cloudy
1,2022-08-29 04:08:44,26.826422487732916,80.93534492517463,Cloudy
3,2025-08-31 09:11:15,13.049921805396808,80.29098544776174,Cloudy
2,2025-06-24 21:47:03,28.637964275185738,77.15379696273538,Rain
2,2022-04-09 00:01:28,26.80468878417309,80.95051741772726,Heavy Rain
3,2023-05-05 22:10:39,28.665636437747366,77.14831815184971,Clear
2,2023-07-01 14:32:02,26.808556893454156,80.96901766903605,Cloudy
2,2023-06-29 23:14:15,26.84436896405423,80.86834655619869,Windy
1,2024-01-15 22:11:22,28.483297895549214,76.996588327871,Fog
2,2023-06-26 14:28:39,28.457543623668524,77.02384932214109,Fog
1,2023-11-07 13:39:47,13.082774144735613,80.26318569084147,Clear
3,2025-10-31 06:53:44,12.99437074169873,77.58544776373984,Cloudy
3,2025-04-15 16:48:40,22.517880528454043,88.32582809821959,Clear
1,2023-02-24 20:58:42,28.45999279294626,77.04947030797352,Windy
1,2023-05-16 07:34:03,13.00278775370891,77.60678695899625,Cloudy
2,2023-04-26 19:08:31,28.55373513638117,77.40514172082865,Clear
1,2025-07-02 12:23:54,13.026151980597453,77.51782232258094,Clear
3,2025-05-22 17:26:04,26.83603662581855,80.96791753146847,Cloudy
2,2023-07-30 18:52:57,17.343220085101454,78.5215524228555,Cloudy
2,2024-01-13 16:29:06,25.40716992353404,81.85060565357344,Rain
4,2025-02-10 07:54:50,28.63444701371081,77.20922920302316,Clear
3,2025-12-21 01:10:56,28.57513480884961,77.4346623853249,Clear
2,2024-09-20 17:51:16,28.50236235559253,77.01317826933767,Clear
3,2025-08-30 06:48:42,28.421367030710428,76.97638966986835,Rain
2,2023-01-08 21:40:20,22.56157277366403,88.36621625911528,Windy
4,2023-02-06 19:18:32,28.622683011763286,77.22181195704113,Rain
2,2022-11-13 07:49:48,19.07203945269404,72.85826544191954,Clear
1,2022-07-29 12:07:33,19.055158501396843,72.85720955580904,Rain
1,2024-03-07 02:31:23,28.44629147188882,77.07366989109133,Cloudy
2,2022-01-11 09:54:45,28.577556782505482,77.17115840326863,Clear
1,2025-05-05 11:33:25,25.37677004149215,81.81940867772062,Fog
2,2022-01-01 15:34:21,25.459128988619394,81.86988190920177,Clear
1,2022-04-20 23:29:33,25.483121377809102,81.91977926321759,Clear
4,2023-11-04 03:06:50,28.58312963803173,77.2042734389348,Heavy Rain
2,2022-12-20 11:03:18,28.49702515624506,77.34567420459146,Rain
4,2025-04-29 21:59:56,28.50371461179873,77.37622297603184,Clear
1,2022-09-10 01:13:42,25.42408544862083,81.81782600995531,Clear
2,2023-01-14 00:14:06,25.440155315926745,81.84968417460104,Rain
1,2025-10-09 01:22:16,28.625096078874904,77.24199673038034,Windy
1,2023-06-12 17:48:08,12.956838081928193,77.592695149487,Clear
3,2023-09-07 23:51:09,13.022377981320806,77.55550003835783,Clear
3,2022-10-24 22:19:56,12.976961759919533,77.64298339609915,Clear
1,2024-05-04 13:07:42,17.42679518518046,78.54015578784681,Clear
3,2022-08-07 17:59:14,25.37457930193497,81.87393245658775,Snow
2,2023-12-30 10:47:32,25.480133143861945,81.81231282898123,Clear
2,2022-09-24 23:08:07,28.646206170303252,77.22829395728172,Rain
4,2022-10-31 21:41:11,28.632248056298323,77.28496582626306,Cloudy
3,2024-01-29 00:07:17,26.853632751596106,80.96297739905866,Clear
1,2025-08-02 00:19:52,17.461600348719706,78.54920478119159,Cloudy
1,2024-08-06 16:47:24,13.098189685015798,80.30119737865058,Clear
2,2022-11-11 18:32:14,26.819192955301666,80.90630240548225,Cloudy
2,2023-12-02 06:56:39,13.02540888557395,77.64409386367123,Heavy Rain
3,2024-03-13 22:17:41,13.0922765103408,80.24968226776052,Clear
1,2023-10-14 09:30:10,26.80613337101147,80.96918255835881,Rain
2,2024-10-18 02:25:08,28.491839101695863,77.04569637321833,Rain
3,2022-10-05 02:40:40,19.10212107828957,72.9045276318452,Rain
4,2025-04-07 08:01:20,26.744962908292145,80.90599640116818,Snow
2,2025-02-24 12:42:28,22.55390574254355,88.40332602149952,Clear
3,2023-04-08 07:04:39,28.580663991457726,77.26146542238818,Clear
3,2023-07-21 03:35:40,28.48088748167887,76.99977367491431,Clear
1,2022-01-21 17:01:38,28.61573600854113,77.23629400242643,Clear
3,2024-12-11 12:24:19,28.551613910386887,77.33160430653368,Clear
3,2025-01-28 08:19:00,25.50473798397329,81.8099525231835,Clear
2,2025-09-05 22:06:44,28.645123571415645,77.2396729916442,Clear
1,2024-02-08 20:17:20,28.562325958594737,77.44115458968484,Windy
3,2024-08-01 00:03:52,26.799844670285253,80.91520161355977,Clear
3,2022-12-28 16:04:59,25.44033063248916,81.83781192426659,Cloudy
1,2022-07-21 10:13:02,28.581617703482834,77.18032146093255,Clear
2,2023-09-14 19:50:28,22.57614980374839,88.33752023242984,Fog
1,2024-07-20 00:50:57,28.5170317605199,77.35209531801291,Fog
3,2024-09-27 22:31:58,17.329203606209614,78.4877594034888,Clear
3,2025-03-03 06:30:00,28.64082521162506,77.21482066898884,Cloudy
2,2025-03-27 13:03:24,28.611105279627928,77.18759381988285,Cloudy
1,2025-05-19 14:47:50,22.547749121961473,88.38672280830743,Clear
2,2023-07-01 08:06:24,28.470407200458258,77.04918539354509,Clear
2,2024-03-06 02:55:21,26.89326580850468,80.94098910213927,Clear
3,2025-01-19 00:51:25,22.54567991520677,88.33120980742781,Rain
1,2023-04-16 15:36:08,12.959198718091281,77.67193700282668,Cloudy
1,2022-10-31 09:29:32,25.472928002513207,81.87778464818584,Cloudy
3,2023-06-09 21:21:30,28.556188168596382,77.38552567524226,Fog
3,2023-07-02 11:40:57,12.963920568765978,77.60282248437808,Clear
2,2023-05-15 22:30:50,17.391837613886562,78.48440118345175,Clear
1,2025-07-31 23:48:24,18.99492443000754,72.89950015197365,Rain
3,2022-10-03 00:58:07,26.784632608788737,80.99141991691441,Snow
2,2023-03-05 10:22:05,28.45630136147824,76.98973777613851,Windy
2,2025-04-13 20:56:48,28.495532036329354,77.39309668398788,Clear
1,2022-09-10 08:08:08,26.88153953166573,80.96634466740407,Clear
1,2024-12-27 00:51:31,13.083969775242343,80.28671634096791,Clear
1,2024-04-25 01:34:21,12.977320671131611,77.59910973674745,Rain
2,2025-03-25 13:08:32,28.490955437090477,77.00532665069896,Cloudy
2,2023-06-02 16:01:29,28.519172236542744,77.3766879562778,Windy
2,2023-03-02 09:49:15,17.451706659408533,78.4756327362658,Clear
1,2022-09-13 19:45:48,28.598246421332444,77.25165328237762,Rain
2,2023-10-13 17:08:14,28.568664979309,77.19452397499862,Cloudy
3,2024-05-17 09:03:39,17.404314665322488,78.50696657142782,Cloudy
2,2022-12-24 09:49:45,28.536701668599907,77.37831253489914,Cloudy
1,2024-02-15 16:33:44,26.85002693283068,80.95628578854313,Rain
1,2022-01-21 15:17:38,28.57486637122681,77.19925914104432,Rain
2,2025-08-19 17:21:56,28.603748935948683,77.22376395501563,Cloudy
2,2022-05-27 18:00:21,26.839191766738242,80.97650554060046,Rain
4,2025-06-27 20:17:45,12.971732084979433,77.60314843685012,Rain
3,2023-05-18 20:00:06,17.447553398761166,78.47151033382244,Rain
4,2025-01-27 19:51:57,12.976083460952564,77.56600984749248,Rain
4,2023-11-24 05:50:42,19.08324988028725,72.86932543984969,Snow
1,2023-04-25 17:42:42,28.67009915377373,77.17836367513432,Cloudy
2,2025-01-11 02:43:22,25.390011136060146,81.85174804041851,Clear
1,2023-02-05 22:54:11,28.5305565362626,77.36102243150083,Cloudy
4,2022-02-12 11:09:33,28.616539319512363,77.2261146335731,Snow
2,2024-06-03 22:56:15,25.44303481206038,81.83633674073477,Cloudy
2,2022-04-04 12:35:59,19.064387742987975,72.82419930463092,Rain
4,2024-06-18 09:22:26,28.55356472381308,77.44454592209418,Windy
1,2022-01-27 07:08:12,19.097885132938973,72.87875992727936,Clear
1,2025-06-22 06:03:23,28.55009833635481,77.35653782095437,Cloudy
1,2024-11-29 18:54:44,19.05537322023952,72.88589771447599,Clear
2,2023-12-19 18:08:24,19.026791656774503,72.93166425106944,Clear
1,2024-03-20 22:04:42,22.52232766400363,88.38315449684262,Cloudy
2,2023-04-30 00:08:58,12.969053799054189,77.55574552206562,Clear
1,2024-09-22 02:21:05,25.4601220183819,81.82877359534582,Snow
2,2024-05-20 00:28:14,17.38122057098956,78.48274566069126,Fog
1,2024-09-28 05:21:58,22.591995002427947,88.34239517664433,Snow
4,2023-10-31 18:36:05,28.62095318849021,77.20686957897243,Heavy Rain
3,2022-02-27 02:35:41,28.470857651282977,76.98574110569764,Rain
2,2025-12-08 20:34:11,28.606415395322056,77.19763415758477,Clear
4,2025-11-24 06:36:07,12.989475744236255,77.55897176938527,Rain
3,2022-04-07 22:54:37,22.526689784848127,88.38111573527026,Clear
2,2025-05-27 13:02:35,13.068274359923313,80.2517732825758,Cloudy
2,2022-06-02 11:34:51,28.4670851874743,76.97701117652178,Clear
3,2025-03-22 05:41:44,22.54522346395993,88.36937138003844,Clear
2,2022-01-14 11:34:48,28.63670068178049,77.15317387240654,Heavy Rain
2,2023-08-29 10:59:01,28.418465593725816,77.02152028959425,Heavy Rain
3,2023-12-15 22:48:19,12.957878327606652,77.59559120922872,Clear
1,2025-07-05 02:33:41,19.105497091053465,72.85884458018788,Rain
2,2024-12-25 01:30:26,13.092413363956672,80.26161127127725,Clear
1,2022-04-02 19:58:37,19.063983268845163,72.917677258751,Clear
1,2024-10-17 06:11:23,13.053540340321188,80.29928112496252,Clear
2,2025-03-14 06:26:01,25.50433460653556,81.86344339391779,Rain
1,2023-06-04 22:30:31,26.79610364297282,80.94761501289418,Clear
2,2024-04-13 01:19:02,13.065156671487498,80.27776605180021,Snow
3,2025-07-16 21:41:04,26.870201718500123,80.92244827838621,Fog
2,2022-09-27 20:38:10,19.032902157586715,72.84386584618763,Rain
1,2024-02-20 23:47:31,12.933643528174743,77.59441342993358,Clear
3,2024-10-10 09:51:38,25.484025787463647,81.91657846335518,Clear
2,2022-05-19 22:48:57,28.664970634796607,77.20174251309571,Heavy Rain
1,2023-11-28 15:46:20,26.830618886336865,80.9362783402956,Rain
2,2023-08-29 12:38:42,28.62160662599718,77.24513362893443,Clear
3,2025-04-29 15:01:00,28.405704089960523,77.10304807106142,Rain
1,2024-01-10 02:31:26,26.825432996041624,80.90323894503757,Cloudy
2,2023-03-05 22:47:09,26.910701884185464,80.91639428586245,Clear
1,2023-07-17 16:58:57,19.09693611110467,72.92317134384203,Clear
2,2025-03-10 00:43:32,18.9988980326378,72.86998019209065,Clear
2,2023-09-30 04:48:54,17.299546500017854,78.46600190218128,Rain
1,2022-02-12 13:54:49,28.45375813369189,77.02770719056626,Windy
1,2023-04-22 13:10:41,22.58246770061218,88.37987743123378,Rain
1,2024-12-19 01:50:27,28.539998919353526,76.97615303889997,Cloudy
1,2024-08-06 10:53:39,28.606487800475627,77.11930312483486,Clear
1,2025-07-10 17:37:18,28.6645750218153,77.1992312950274,Rain
4,2022-04-08 10:25:52,19.084414196417065,72.84461274743425,Cloudy
4,2022-08-02 08:39:43,28.540604269318468,77.41919920158729,Fog
2,2023-04-15 02:18:35,25.460919330956532,81.84317982042629,Rain
2,2025-02-23 07:42:13,22.564104499374114,88.3681955117697,Cloudy
4,2024-09-26 22:56:15,28.547188076679966,77.37770322117109,Clear
4,2025-11-12 15:48:07,26.844309982728248,80.93698017277082,Snow
2,2022-06-13 18:56:39,12.960958561529635,77.56207363941154,Clear
3,2024-02-24 01:54:14,13.021936845482307,77.60629964131267,Clear
2,2024-05-16 12:33:27,28.61147516078848,77.19777039369828,Heavy Rain
2,2025-06-25 18:24:40,28.57775990122048,77.3785210149975,Rain
1,2025-03-09 04:54:58,28.43798407843587,77.07118813553163,Rain
2,2025-06-23 04:11:39,28.50568100642325,77.40136701551742,Clear
4,2023-12-20 02:22:53,13.135739483537188,80.31082705055566,Clear
1,2024-05-13 18:04:19,22.59254156218965,88.35255380986358,Clear
1,2023-08-24 11:40:30,22.640776184293063,88.36634509289436,Rain
1,2023-08-11 15:26:49,12.90317785286529,77.60248874037039,Clear
2,2024-06-10 12:01:27,17.360652409245795,78.4537672416575,Rain
3,2023-02-15 15:49:01,28.72228061136499,77.20999980169722,Fog
1,2024-10-28 18:00:31,28.63175233076099,77.23675168801431,Cloudy
4,2025-09-29 15:53:28,28.599688979595555,77.22780129350896,Fog
1,2025-08-01 22:43:44,26.806651081430736,80.9224453553761,Rain
2,2025-04-29 04:44:22,26.81578078438826,80.96221140401309,Clear
1,2024-02-05 16:30:38,19.078127488037545,72.94512000491994,Clear
1,2022-07-31 02:16:30,25.39370649722798,81.81164952001339,Clear
1,2025-11-04 21:01:35,17.343387060868135,78.50216162273773,Rain
3,2023-01-24 04:46:55,28.621732149441545,77.37102896015291,Clear
1,2023-01-18 11:50:32,28.425404493037767,77.0042971005684,Clear
1,2022-04-19 15:20:59,17.40173132353173,78.43631371542205,Rain
1,2025-06-23 10:59:49,28.452584149094655,77.3840925695633,Clear
1,2022-09-23 09:37:10,19.085134434750564,72.88896546338341,Cloudy
3,2022-07-09 01:36:39,17.333963263048908,78.47710547810185,Clear
2,2022-01-17 11:01:43,12.951008097994231,77.62637929152318,Rain
2,2024-07-21 17:04:23,28.482554178486694,76.9702875707694,Clear
1,2023-12-27 05:17:18,28.485208522644857,77.08452647775141,Rain
1,2025-01-20 11:56:26,28.595250730592703,77.18032567375337,Clear
1,2024-04-04 16:30:34,25.42664514718707,81.83423316970442,Clear
1,2023-10-20 04:18:36,28.60942010586753,77.18234905551327,Clear
1,2025-08-21 08:29:51,26.826826725523556,80.96413902699399,Clear
1,2022-10-05 05:41:25,28.528721071898445,77.47720547910713,Cloudy
4,2025-05-28 08:50:47,17.38852177387924,78.50469493467662,Rain
3,2023-07-14 09:31:51,28.530146724472182,77.36209236758931,Clear
4,2024-06-15 19:48:19,17.35361286644225,78.46119693006382,Rain
1,2023-02-16 00:23:31,26.77494513351056,80.99055137461086,Clear
4,2024-09-29 10:09:49,28.4845436357461,77.38838710748101,Heavy Rain
1,2025-05-27 01:28:26,19.12625090213272,72.83629392671388,Clear
1,2023-10-28 07:24:39,19.081594659685603,72.87220490660401,Clear
1,2023-02-07 04:52:42,28.506201278563857,77.40092168114067,Fog
3,2024-01-13 05:00:32,12.928154525454067,77.5745633741666,Heavy Rain
2,2023-01-06 05:35:59,25.408986905134004,81.88698704327028,Fog
1,2024-08-29 16:54:20,12.972300956893141,77.5572191468438,Heavy Rain
2,2023-12-10 13:14:08,25.43255834111845,81.88235412475316,Clear
1,2025-07-27 03:14:21,28.468085210992292,76.98311247070782,Rain
4,2022-07-24 09:21:43,28.42290067601927,77.01928787149203,Cloudy
1,2024-01-18 01:37:31,19.038508179974585,72.9243623696483,Cloudy
3,2023-02-13 06:27:52,22.58275307648724,88.36543651865932,Heavy Rain
2,2023-12-22 22:53:25,26.832980223132427,80.91732458355578,Cloudy
1,2023-08-06 13:50:34,19.10212382057328,72.886986481925,Rain
2,2022-09-15 20:46:10,28.563380542794352,77.2039905760885,Clear
3,2024-09-26 05:26:09,12.938976975525494,77.56416361377839,Cloudy
2,2025-03-06 03:53:53,22.51624079084229,88.39026164824064,Cloudy
3,2024-07-21 10:52:14,17.396983128136963,78.45684825265006,Cloudy
3,2024-10-22 23:23:23,28.48163774416216,77.04956421597291,Fog
1,2022-08-19 17:34:22,28.530852467376686,77.07093812629552,Clear
3,2025-08-01 18:02:40,28.642160044760345,77.13631843957305,Clear
2,2022-06-20 00:52:41,19.041138427094054,72.92047679630375,Clear
1,2025-12-12 20:27:24,12.949501020290521,77.5804707408187,Clear
1,2025-01-09 15:11:43,28.693089908291736,77.19133495883577,Clear
2,2025-01-14 03:24:48,28.427013482973276,77.04743334274194,Cloudy
3,2025-04-23 20:54:05,28.586012656856578,77.19295605728756,Clear
2,2022-10-08 06:36:07,28.534947303411684,77.22408533922456,Cloudy
2,2022-06-07 10:50:11,25.467466736560517,81.87918143205493,Clear
1,2023-11-13 12:39:11,28.598745830716524,77.28804612786541,Clear
1,2024-02-07 05:58:21,28.65456711849245,77.23259561617868,Cloudy
1,2025-02-25 15:47:16,26.853496331695805,80.96676479584023,Clear
4,2023-07-02 14:03:15,28.43992373078835,76.97383117066454,Windy
1,2024-09-14 14:10:18,28.60214749213571,77.1685877981445,Cloudy
2,2022-12-04 11:31:35,22.54809588428646,88.3221898303234,Cloudy
1,2024-04-25 11:04:21,22.51204222558491,88.33671291317846,Clear
1,2022-05-14 21:42:46,28.396630320162785,77.01467885727897,Cloudy
3,2022-02-01 00:00:57,13.06853216172029,80.31034816440112,Clear
1,2024-03-19 05:34:15,22.57115631548573,88.43946924041111,Clear
3,2025-05-07 13:09:51,26.861391867058057,80.9169165927552,Clear
1,2025-03-08 04:56:37,28.511601067968318,77.03288533112617,Clear
1,2023-06-21 21:35:22,19.037967733389017,72.88129849851043,Rain
3,2023-05-18 20:50:56,28.41185247450633,76.98767379105614,Clear
2,2022-08-02 19:29:38,28.651942046622615,77.17640947524453,Clear
2,2022-04-12 09:28:25,28.46943688705577,77.02635279834072,Cloudy
4,2022-12-22 09:23:45,19.021369280273174,72.90084689874499,Cloudy
2,2023-10-25 01:37:31,19.11740132286073,72.82364407818208,Clear
3,2023-02-10 00:46:21,28.64572266223789,77.16432311156667,Heavy Rain
2,2022-09-20 06:58:42,12.91350330531232,77.59770880367975,Clear
2,2023-08-05 07:56:51,28.622705748254162,77.19192458191742,Heavy Rain
1,2024-06-26 09:04:33,28.630815167375015,77.24355640074086,Rain
1,2024-10-15 13:29:10,28.36354786996829,77.04018752470569,Clear
1,2024-01-27 15:46:52,25.499251752723058,81.81341366690158,Fog
4,2023-07-05 13:53:32,26.8623188728485,80.98644792907132,Clear
2,2025-03-29 00:25:12,19.04601855747575,72.90868328147775,Clear
1,2023-10-14 02:32:10,28.630939472413864,77.2677033857541,Cloudy
2,2025-09-12 06:58:56,25.448545952209983,81.81132845839635,Clear
2,2024-11-14 22:12:41,28.52232521058941,77.40206237544055,Cloudy
4,2022-05-21 05:56:07,22.597129018493877,88.33597396124765,Clear
2,2024-10-16 05:03:24,19.045877280382985,72.83965802067792,Clear
2,2024-05-13 17:11:31,19.107114571221427,72.93826812831398,Clear
3,2023-06-25 14:09:00,13.126779063104726,80.296040078925,Clear
2,2024-07-14 04:47:12,19.045953343808957,72.85966121706596,Cloudy
1,2025-06-02 18:40:15,22.534275678366072,88.34102402501864,Cloudy
4,2022-11-28 23:08:12,28.61826673520071,77.16690581398868,Clear
2,2024-04-29 17:24:42,28.498421639473612,77.0072969494464,Clear
3,2024-08-14 05:41:21,26.854909950697778,80.96723789583378,Clear
2,2023-08-10 19:59:26,28.480025859561675,77.05288816900513,Clear
2,2022-09-25 04:14:39,17.381455910904023,78.48105556747907,Clear
3,2022-07-10 14:24:18,28.54992982093502,77.36943649463663,Rain
3,2024-02-08 16:51:03,13.122352423555537,80.34281479444557,Fog
1,2023-01-13 20:53:46,12.976189176363631,77.62556949039804,Clear
2,2025-07-24 23:51:22,22.5547984787069,88.38677588393811,Cloudy
2,2022-09-28 03:23:52,22.542888337027033,88.31809605541538,Clear
2,2023-01-30 10:17:04,13.002977488457006,77.49868507522878,Rain
1,2023-04-25 22:52:39,28.601502348442917,77.23833620268599,Clear
4,2023-06-17 13:29:05,17.408286708707813,78.56403619516148,Heavy Rain
2,2022-02-14 01:56:34,28.607814416288992,77.25585072484034,Clear
2,2023-02-19 05:35:03,17.3664496234427,78.47260349485327,Clear
2,2023-04-06 04:07:36,19.084614120530766,72.89156937707979,Rain
3,2022-01-30 11:50:08,12.992835550088204,77.55691140592305,Clear
2,2022-05-10 22:35:45,13.04743144273243,80.26368411303265,Clear
3,2024-02-04 00:15:44,28.46200824489128,77.05098210254262,Windy
4,2022-09-19 23:21:11,28.672163381059367,77.1322805997341,Fog
1,2024-05-15 06:11:16,12.984380915036692,77.60317140555995,Clear
3,2025-06-10 14:51:44,26.961771641558606,80.941259761468,Cloudy
2,2022-03-15 05:53:34,13.096969140789302,80.29103498389867,Clear
2,2022-07-23 05:56:20,13.013045914196288,80.23971028753668,Clear
2,2022-03-09 11:16:38,25.365459332159595,81.82708309490944,Rain
2,2022-01-09 05:16:48,26.799627527452717,80.90857139331592,Cloudy
3,2022-07-11 18:12:30,17.394451736470582,78.53565186136957,Heavy Rain
1,2025-07-02 00:09:05,25.4614344741665,81.85375004103291,Windy
1,2024-12-29 18:42:39,13.008555524947463,77.67167753006387,Clear
2,2022-01-01 19:05:23,25.38986289583823,81.85474931907295,Clear
2,2025-05-07 08:16:49,28.593704844609547,77.16255928542216,Clear
2,2025-10-20 13:40:37,25.408661734855222,81.85372461080526,Rain
1,2022-08-09 14:27:44,17.342561731852072,78.50109760971493,Clear
1,2024-06-21 04:09:40,25.446707008830366,81.87060397697515,Clear
1,2022-11-27 00:49:08,19.061574520568286,72.85138897523595,Clear
4,2024-12-15 22:41:19,17.393149485775783,78.48676415502081,Windy
1,2025-01-05 05:45:00,25.48075730321373,81.88098707984778,Fog
4,2023-07-30 23:35:58,28.640587871444243,77.26366792580154,Cloudy
3,2024-04-30 14:35:48,28.50882445379408,77.3101778592507,Fog
2,2025-06-04 23:29:17,13.064571144527424,80.20819905513189,Clear
2,2024-10-04 07:05:13,13.006050375581896,77.54593498479736,Rain
1,2024-06-18 09:18:45,22.57081921219246,88.33170662853972,Rain
4,2024-06-10 19:05:14,28.443935518208924,77.03681045084736,Fog
1,2022-11-13 04:56:00,25.455952649203812,81.84822415550468,Rain
1,2024-10-15 04:07:39,13.00726236061975,77.65807855793282,Clear
4,2023-10-29 09:35:41,28.441972741543502,77.35299165432475,Snow
2,2022-10-20 12:32:43,28.41099256669104,77.02637830508372,Clear
2,2022-06-19 09:30:05,19.05127846026563,72.87169897242758,Clear
1,2022-04-07 16:29:08,28.514032273978184,77.36274169803006,Clear
2,2022-02-07 12:23:16,28.657867747055448,77.213965731492,Windy
2,2023-01-13 23:35:10,13.002216413684836,77.58330872795194,Cloudy
2,2024-09-27 07:57:48,17.359195841326283,78.56641911241108,Clear
2,2025-11-19 09:11:28,19.0164780462622,72.85198398752846,Windy
2,2025-01-23 00:46:46,28.52930849683282,77.37098914962212,Cloudy
1,2022-02-21 21:48:32,19.03721813356097,72.9398546413177,Rain
1,2023-01-07 00:01:55,28.566252919756312,77.43820426195259,Clear
1,2023-02-01 03:38:12,12.966250075286503,77.60977468610672,Windy
3,2022-04-09 03:42:39,19.06866260023033,72.89899720770374,Rain
3,2024-12-06 22:44:11,12.970377047483948,77.56284357042198,Rain
1,2022-03-11 00:59:42,28.59298467360749,77.39252740463631,Clear
1,2025-11-14 04:54:57,17.415775755244816,78.48807582195602,Heavy Rain
2,2023-11-30 16:15:16,17.43471387508845,78.53967057413863,Cloudy
2,2023-01-11 02:13:32,17.39663212300152,78.5097790626447,Clear
2,2025-07-31 23:11:05,28.61240003133189,77.21159957915665,Clear
3,2025-12-01 15:45:46,28.637471060650455,77.24253123440201,Clear
2,2023-08-30 19:02:35,28.501483824352675,77.05620453456396,Heavy Rain
1,2023-10-09 11:31:28,25.401618288944775,81.85190941000961,Windy
1,2022-04-16 11:57:50,28.407396456067634,77.02658567849356,Clear
2,2024-07-12 17:42:56,19.064294498780075,72.8405706241867,Rain
3,2024-07-07 02:29:27,25.473924528642588,81.85967117970006,Snow
2,2025-03-01 13:17:55,28.566934334140342,77.4170972541481,Rain
2,2022-03-13 10:38:43,26.882995186352918,80.93655811896873,Rain
2,2023-06-11 02:22:06,22.56967296103064,88.3581591095209,Cloudy
3,2022-06-09 03:50:24,28.60341072764235,77.18227871438418,Clear
1,2025-02-27 21:01:57,28.345738328333148,77.10052312645385,Clear
1,2023-12-15 14:55:47,22.581577980899716,88.38264293907028,Cloudy
1,2022-01-03 23:58:58,13.06335231788592,80.24986430058071,Clear
1,2024-12-15 22:50:00,28.539751750276515,77.40199079108702,Clear
3,2025-08-03 18:47:30,12.886930480167349,77.59745749570475,Clear
1,2025-05-09 02:43:48,25.453646053677243,81.87142085473306,Windy
3,2024-08-03 13:55:10,13.074849261021972,80.26826907017522,Clear
4,2025-09-10 02:07:15,28.52056330099065,77.40189883750942,Heavy Rain
3,2025-04-21 20:30:39,28.583112471355708,77.18028850386037,Cloudy
1,2023-11-19 12:51:26,28.63446338515224,77.23946927510202,Heavy Rain
1,2022-05-27 20:13:04,17.377194101155677,78.49657126736618,Cloudy
1,2025-06-09 17:19:25,28.475607858984578,77.39817168860425,Cloudy
3,2022-07-18 10:07:13,26.88711065866632,80.9375519726154,Windy
3,2024-07-30 10:38:11,13.04678761710406,80.26440936200964,Clear
3,2025-01-06 13:02:51,17.37393032098832,78.47653938559426,Windy
2,2025-07-31 03:50:44,13.069102252650842,80.29959449762043,Clear
3,2025-12-14 17:00:00,28.61990788194891,77.27389083301536,Fog
3,2023-03-09 16:12:21,13.12611342021119,80.23458007380222,Fog
1,2023-03-02 18:50:17,25.40338428577809,81.80396976348644,Clear
2,2022-02-22 02:21:58,26.849726068151483,80.9335922380043,Clear
2,2022-03-16 06:20:03,28.527999944242282,77.41936171199602,Clear
2,2024-09-14 13:26:34,28.636371578216277,77.22668876816772,Cloudy
2,2025-07-04 00:47:53,19.05629560501431,72.89851943574314,Clear
2,2024-02-07 21:17:25,28.611152090333338,77.21707689885326,Clear
1,2022-04-25 23:04:14,28.552833386433814,77.17206365444926,Clear
1,2023-12-01 21:40:39,26.83906980291076,80.9451058505046,Cloudy
3,2024-01-07 07:54:15,12.931997314452675,77.59515246706762,Fog
1,2024-02-17 13:15:51,28.63433429785387,77.19376631310482,Rain
3,2024-05-11 13:19:52,28.58652371911166,77.19288018895841,Cloudy
1,2023-09-28 04:24:04,17.384428248317626,78.4979166876294,Clear
4,2022-05-24 08:12:37,26.815328333345978,80.92920434607844,Cloudy
4,2024-07-29 21:42:09,13.012748805170558,80.24160375068061,Windy
2,2023-01-29 06:59:57,22.57162182800526,88.39292703738292,Rain
3,2024-08-11 19:06:43,12.924061005485713,77.59137419662125,Cloudy
2,2023-10-26 12:44:30,28.362368403861215,77.08933577880985,Cloudy
3,2022-02-28 22:57:04,12.97780649270994,77.6376690751823,Cloudy
2,2022-07-27 09:28:50,28.694608130508872,77.1600230241953,Clear
1,2023-12-10 20:16:21,17.406871853096412,78.40552106510363,Clear
2,2024-09-02 07:14:17,25.45572512631445,81.8488083993858,Clear
1,2024-12-27 06:24:45,13.13288595638687,80.24635117395418,Rain
2,2023-03-03 02:28:51,28.617653025094672,77.19150451379232,Cloudy
3,2023-06-03 01:34:27,19.115398797624323,72.8862086070415,Cloudy
2,2022-05-26 23:47:06,28.64796681073647,77.18254086480398,Clear
2,2024-10-14 13:01:21,28.507294612965126,77.02497261966057,Clear
1,2022-06-22 23:11:27,26.86210868105736,80.91738276615732,Windy
2,2025-05-05 18:03:14,28.498485183929375,76.92860124940923,Clear
3,2022-04-13 11:37:13,13.027735312354375,77.61837834805542,Fog
2,2022-09-05 05:07:25,13.092437160860735,80.27614528142308,Clear
1,2023-03-14 03:07:20,28.486247611517353,77.37985016661787,Clear
1,2022-08-27 08:39:24,28.441341640123877,77.03550331678693,Clear
2,2024-01-18 17:35:08,28.497395730633325,77.41065154204392,Clear
4,2025-09-24 14:19:39,28.474661442354503,76.97046946837395,Clear
3,2023-12-16 19:39:08,26.85565244883142,80.96807768789515,Snow
3,2022-07-07 23:14:57,19.03288460060452,72.83298383115805,Rain
3,2022-08-18 16:19:17,12.978969976331689,77.59643673200097,Rain
3,2025-01-28 11:09:56,28.49588965339901,77.36142365208994,Clear
1,2025-02-15 05:10:28,28.43863559773336,77.01210282495947,Cloudy
4,2025-12-30 19:10:07,28.6378945427126,77.22841212702242,Windy
2,2023-09-18 18:02:14,19.046973786897354,72.89840498564587,Cloudy
2,2024-03-11 03:41:40,28.502284075657766,77.02877627304343,Rain
2,2023-03-06 19:08:54,28.606286471565827,77.1738784768975,Rain
1,2022-07-04 00:40:52,17.40948075317123,78.52725641920784,Heavy Rain
2,2022-11-05 05:34:57,12.97801324596623,77.60333862597957,Cloudy
4,2023-03-23 00:54:20,26.86237376567743,80.87552500690225,Snow
3,2024-04-28 00:52:46,28.595075156322576,77.43160737688375,Cloudy
1,2022-12-05 17:44:32,19.047450288316522,72.84357904933763,Clear
2,2022-02-16 17:19:15,26.790789102358477,80.94361236721602,Rain
3,2022-08-30 15:15:38,26.843941094218426,80.94899498925193,Clear
2,2022-03-14 11:50:19,19.129647435966884,72.8904649120623,Heavy Rain
4,2023-03-28 15:50:30,12.956022085003186,77.52055535050584,Clear
1,2025-07-06 20:06:53,13.00356482163141,77.614492325199,Clear
1,2022-10-26 05:16:19,28.588686407441983,77.18956098601952,Cloudy
2,2024-06-04 06:50:45,28.631251795055544,77.23155359587383,Cloudy
1,2025-12-18 05:12:21,25.435610603287156,81.88715867375454,Clear
2,2024-03-25 18:21:58,26.783158133033822,80.97055864393563,Clear
3,2025-01-20 13:45:19,28.509778144727846,77.41023343360504,Cloudy
4,2022-10-09 07:03:48,28.54469246957551,77.34024942753415,Heavy Rain
1,2024-06-25 16:41:59,25.37604709019003,81.88593005811936,Rain
3,2022-04-11 09:14:59,26.81936586475045,80.91556767797275,Snow
4,2022-08-06 23:17:53,28.610358815070292,77.20437471884529,Fog
1,2024-11-15 18:31:05,28.461999729140338,77.02279029812259,Rain
4,2022-01-30 09:15:23,26.838871575403072,80.8810225335743,Clear
2,2022-10-01 19:05:04,26.871519003637165,80.95187781259146,Cloudy
1,2022-07-29 04:10:03,12.947904608812339,77.58149634883776,Fog
1,2025-03-30 06:00:24,17.35214942444209,78.40270529502905,Clear
4,2022-04-20 16:13:06,22.533368605918117,88.30423284895203,Heavy Rain
1,2025-12-22 03:04:22,19.08344885395345,72.87733766985323,Cloudy
1,2025-05-31 12:36:00,28.580965795855107,77.16040976489803,Clear
1,2022-01-26 21:13:39,17.38932002135963,78.43566254101634,Heavy Rain
4,2023-10-25 22:43:44,28.654298218171494,77.20468653214022,Fog
1,2023-02-13 13:35:41,28.61905479495186,77.23914964259568,Heavy Rain
1,2023-03-14 08:55:02,26.86655656669453,80.98100450470317,Windy
1,2022-03-22 08:54:53,17.38238969194638,78.46525430387449,Rain
2,2024-03-16 07:34:33,28.589148459631318,77.42558335942519,Clear
2,2024-09-01 09:32:53,28.497388795303902,77.00349482464323,Fog
1,2022-03-12 20:45:42,28.61621961580705,77.2364711040623,Cloudy
2,2022-10-30 01:34:10,22.560160688304684,88.40137039343865,Fog
3,2022-02-06 05:57:38,25.47218713152554,81.81002205792345,Clear
2,2025-09-16 01:50:03,17.37644952081576,78.47524536961213,Cloudy
4,2023-03-18 16:07:05,26.77389010839651,80.91836887456552,Clear
1,2024-01-06 09:42:24,19.114755868687876,72.87556956505242,Clear
2,2022-02-19 13:27:06,12.995274983686233,77.62598104531986,Rain
3,2024-11-07 21:07:01,12.96105732995814,77.58273753290278,Windy
2,2024-03-16 04:26:49,12.96645891636343,77.61136062395184,Heavy Rain
3,2023-03-22 06:58:51,12.979446281969883,77.57878571451288,Clear
2,2025-06-13 03:12:11,26.930861857222535,80.96713588468835,Heavy Rain
2,2025-02-22 14:49:57,28.64584108099104,77.24045197533557,Cloudy
1,2023-12-22 23:42:56,28.645936140509527,77.20719538885871,Clear
3,2025-10-29 06:47:02,19.076701041208853,72.90360274279969,Clear
3,2024-12-06 09:43:00,28.610569815692294,77.195403203263,Heavy Rain
2,2025-06-19 18:52:56,19.06485946450635,72.85874327328418,Clear
3,2022-09-30 23:47:27,26.816632293927213,80.94716206716764,Fog
2,2025-01-05 08:42:08,26.87093749000066,80.9497981149757,Clear
2,2025-08-18 08:13:23,22.568670768148305,88.36493468004052,Rain
3,2024-11-02 14:03:01,28.593442729852196,77.1959710217956,Clear
3,2023-10-29 20:05:58,26.868058225199288,80.96281597366941,Fog
2,2025-09-01 17:53:42,19.02948473269718,72.85171851954932,Heavy Rain
1,2025-12-15 02:04:43,28.668471380166885,77.20729283074247,Cloudy
3,2022-08-04 22:23:44,13.040036417565243,77.64668471195341,Heavy Rain
2,2025-05-14 11:42:50,28.397599501553028,76.99069722452761,Heavy Rain
1,2025-04-26 14:45:53,19.064518024226313,72.88156640645602,Cloudy
1,2025-06-18 20:32:56,28.429936295784735,77.0287607136761,Clear
4,2022-10-02 01:42:57,28.623548225360736,77.1904164123496,Clear
1,2025-03-22 03:18:29,19.08693591996531,72.91236768985479,Clear
3,2024-08-03 14:35:10,28.580111629275343,77.24855576422932,Rain
1,2025-08-31 05:22:56,26.81648836007416,81.0176046860099,Cloudy
2,2024-10-27 18:41:36,22.543965302242682,88.2927345311136,Clear
2,2022-11-27 19:31:32,28.480216916718557,77.02592964183596,Cloudy
1,2024-07-10 18:06:24,19.038075883264302,72.81945359659002,Clear
3,2023-12-06 21:21:31,28.653917653557205,77.21547005289212,Rain
1,2023-03-16 02:48:38,28.454925868212584,77.3856609268327,Fog
4,2025-12-16 00:53:55,26.834863464905613,80.92603911903332,Clear
1,2024-10-12 15:16:50,28.65282939025623,77.1719168495357,Rain
2,2023-09-14 01:13:01,25.42403474990488,81.84212018937424,Cloudy
2,2025-01-08 02:27:06,13.031369035100369,77.56305268200818,Cloudy
3,2023-02-25 17:28:35,28.624370284053512,77.22013498101438,Rain
2,2022-05-06 05:31:36,25.443491532937905,81.79612526269621,Heavy Rain
1,2023-08-09 20:55:57,19.080722883555715,72.78610104088992,Rain
2,2025-08-11 22:04:34,28.463107737753578,77.02743930066555,Clear
2,2022-11-17 04:23:57,25.409472661048905,81.83771091625944,Clear
3,2022-01-19 15:41:34,28.488348541916363,77.01852320032091,Clear
1,2023-02-24 13:49:20,12.976619811563712,77.52943632591673,Clear
4,2024-06-24 04:42:54,19.087859648375456,72.86380919492929,Clear
3,2023-04-01 21:18:34,19.068150942299617,72.90112383974441,Clear
3,2022-10-17 16:00:40,17.391306032442394,78.49727395700538,Snow
4,2024-05-25 11:38:45,28.607539326183446,77.17605164798513,Clear
2,2022-03-18 03:05:59,22.578760967283714,88.39861393500183,Heavy Rain
2,2022-01-18 16:02:48,25.379687410368508,81.78277906596816,Cloudy
3,2025-06-16 04:23:15,22.52030077648268,88.37023048890188,Cloudy
3,2022-02-13 14:50:06,26.84894170957562,80.91446448621275,Cloudy
4,2024-11-07 23:56:33,22.57833740837017,88.37180956110365,Rain
3,2025-03-01 07:28:56,22.590286688035594,88.33172807814178,Clear
2,2024-03-03 09:03:40,18.99501491765376,72.87842065620322,Clear
4,2025-05-30 13:19:04,28.64952849683503,77.16363829575117,Heavy Rain
1,2024-08-10 04:45:05,28.574541741213515,77.21183936041965,Clear
3,2023-09-02 14:25:07,28.583944147276785,77.26154768766871,Clear
1,2024-07-27 15:37:39,28.552705527765667,77.39849050363954,Windy
3,2025-03-04 11:33:57,13.002409212196026,77.59181515328548,Fog
1,2025-09-21 22:42:33,28.56864280136843,77.38470705766233,Cloudy
3,2024-10-12 03:22:50,28.647379231162557,77.1736137004484,Snow
1,2025-01-13 07:32:11,26.819661888351046,81.01530306042812,Clear
4,2022-08-22 19:10:10,12.955825270428797,77.5242774629591,Clear
1,2022-07-01 14:03:45,25.453665399230037,81.85871997890902,Clear
1,2023-08-08 00:35:48,22.604363630527747,88.40205854992803,Clear
3,2023-03-29 23:00:52,28.56019296851211,77.39995805319775,Rain
1,2025-03-08 00:34:29,25.402762077483366,81.85762083274912,Clear
4,2025-09-20 11:51:46,13.071245335613519,77.57823366633039,Clear
2,2024-10-30 13:38:18,12.94134506531325,77.65023330626363,Clear
2,2025-08-25 14:03:49,26.781892006271196,80.92706592623921,Fog
1,2025-12-16 00:11:51,28.657705278393895,77.1930318098387,Clear
2,2025-11-11 23:27:44,25.45206783443054,81.88940930051518,Fog
2,2023-12-27 18:25:03,28.508013872790787,77.45921370890068,Clear
2,2022-10-09 03:59:30,12.939872635832325,77.59484611292473,Rain
4,2024-12-18 05:11:50,26.816411367323415,80.94564778088852,Clear
3,2023-10-11 19:04:14,26.799412393954196,80.91685431121859,Rain
4,2024-09-11 02:33:52,19.08059034468821,72.86192664965114,Cloudy
1,2025-11-26 12:29:19,19.013067257402,72.84342868473028,Windy
2,2024-08-12 09:21:57,22.50652482169722,88.38848760566722,Windy
2,2024-01-26 20:43:36,28.650223242953448,77.20729062131059,Cloudy
1,2024-12-14 03:52:59,26.815841720517117,80.93306891963076,Rain
2,2023-10-26 21:08:27,28.578748090819516,77.19468863387537,Clear
2,2025-08-15 23:58:11,28.533455219131802,77.32654520342305,Heavy Rain
2,2022-02-26 18:46:36,28.617925894822,77.24430668774966,Fog
1,2022-02-12 09:57:47,17.425905297798096,78.47811423798342,Heavy Rain
2,2022-05-23 21:04:12,19.101816236756694,72.94700687195915,Clear
1,2024-06-25 06:12:32,28.633253011621935,77.18648630490756,Clear
1,2022-09-23 11:51:02,28.43322478829275,77.05434488562068,Windy
1,2025-12-14 20:04:18,28.65733379595585,77.22019380719149,Rain
1,2024-03-28 11:08:56,26.885311087857776,80.94507934184296,Cloudy
1,2022-10-18 11:13:10,22.616425566293817,88.3595960868678,Clear
1,2024-08-04 16:59:39,25.428708797947866,81.88060014826469,Cloudy
2,2024-05-29 03:00:38,28.483465019891746,76.98890659106928,Rain
3,2023-10-16 15:15:40,22.57490246413162,88.34287096263165,Heavy Rain
3,2023-06-13 07:38:49,28.598637192401668,77.18669758612994,Cloudy
2,2025-02-03 00:54:27,26.906595518035864,80.87571005874454,Clear
3,2022-06-24 07:10:21,28.424936696315054,77.05254619359178,Cloudy
3,2023-07-23 14:51:12,28.55752762217001,77.38053258201695,Clear
1,2022-11-29 19:23:44,22.54278679006361,88.35501346630407,Clear
2,2024-06-25 19:20:12,26.840808182801698,80.95458134460732,Clear
1,2025-09-05 20:59:05,25.38894202759472,81.82432634389163,Rain
2,2024-05-31 14:14:54,28.51603424007023,77.39620662566675,Clear
1,2023-02-15 19:00:55,17.410207840591692,78.50493419057221,Clear
2,2025-03-31 13:26:44,28.65402651571208,77.23667401735091,Clear
1,2023-04-07 16:55:37,28.64912174491868,77.26511793222026,Clear
1,2022-12-18 10:43:32,22.558606632690637,88.37700081731664,Cloudy
1,2023-10-10 19:04:52,28.60569718923982,77.1891896595018,Heavy Rain
2,2025-05-21 09:57:43,28.48037049249114,77.02480117754827,Clear
3,2024-06-08 05:40:37,28.54101348081541,77.25637022720177,Windy
2,2025-03-04 10:25:21,28.522442946631763,77.35302004598933,Heavy Rain
2,2022-08-26 20:33:15,26.856609578781182,80.942628026328,Clear
2,2024-01-24 16:34:20,17.41425894734953,78.52152561528655,Cloudy
4,2022-08-03 07:43:29,25.42457256483518,81.79862848202008,Clear
1,2023-06-04 16:07:21,28.49692492972383,77.01931281597035,Clear
1,2023-10-24 10:34:00,26.822420622763744,80.97697423668083,Clear
4,2022-08-01 17:41:05,13.06679017521104,80.23991065121855,Clear
1,2023-10-12 11:06:35,12.961968614691479,77.58311753703724,Clear
2,2023-11-02 08:44:05,28.551414653874588,77.38868419229088,Clear
3,2023-07-17 12:08:03,28.56829548778868,77.35278417998927,Rain
3,2025-05-11 08:06:09,28.56223193318917,77.2245706220837,Cloudy
1,2022-02-22 16:54:49,28.60030007636367,77.208391556166,Cloudy
1,2024-06-13 06:30:52,19.116144275527333,72.89843110557446,Clear
1,2022-11-24 22:50:34,19.037219426210672,72.8785672211274,Clear
1,2024-11-07 02:10:10,28.515539153997373,77.08949557807743,Cloudy
3,2023-07-17 05:28:11,28.59831411315069,77.3695660049138,Clear
3,2023-06-27 05:09:27,25.413923525288997,81.78150244522035,Clear
1,2022-01-29 19:01:34,28.421852233074876,77.03838040659107,Windy
2,2023-06-22 03:25:00,12.996570015910601,77.62216702756342,Clear
4,2022-06-23 04:35:16,28.480789350822047,77.07370772527435,Clear
2,2025-09-22 03:33:43,28.55500929948979,77.41312757099112,Cloudy
1,2023-08-10 00:13:22,26.84243919611757,80.93443286921666,Clear
3,2023-01-24 08:42:27,25.451058167040042,81.81963205666527,Heavy Rain
1,2023-12-16 16:41:22,28.5417508101592,77.22406269245273,Rain
3,2025-06-12 10:55:44,26.83852435937027,80.98039439826817,Rain
4,2022-08-01 15:18:40,28.528725898779133,77.38733736815097,Clear
4,2022-08-04 16:28:12,19.112086495857394,72.92385127398623,Heavy Rain
2,2023-08-20 19:07:37,28.47845540261998,77.03276744469736,Clear
1,2022-04-05 23:22:20,28.445396992598667,77.02893542596823,Clear
1,2025-05-10 23:11:09,22.581944152409466,88.4226500887522,Cloudy
2,2023-07-20 05:24:57,22.495100613494042,88.39251370784459,Clear
2,2023-12-26 12:26:56,28.680100929034424,77.21952054236237,Rain
4,2024-01-04 03:21:13,12.972904366335628,77.5641944768523,Cloudy
2,2023-03-13 05:23:10,22.599328385240167,88.37792580387921,Clear
4,2024-05-13 23:38:24,28.623059754921673,77.27081848433852,Fog
4,2025-04-21 01:35:38,12.974457932867047,77.53819055453219,Cloudy
3,2025-03-07 00:01:45,22.631599561391226,88.34128151865487,Rain
3,2025-05-01 16:31:57,28.561157719530172,77.21411751787322,Cloudy
1,2023-01-06 19:25:29,22.503168322669143,88.34569268452911,Clear
1,2024-12-02 17:45:18,13.10527342444096,80.2483851226137,Rain
2,2025-10-11 03:37:50,19.083611571905497,72.90947483347185,Cloudy
2,2024-10-07 13:11:31,22.54756318508169,88.37272810179718,Cloudy
2,2022-10-27 11:34:22,28.54411728797139,77.46148755106366,Fog
4,2022-12-07 19:36:33,19.070196999366395,72.87965722313231,Clear
1,2024-04-25 12:32:04,26.901312838612668,80.97689971167823,Clear
2,2023-12-03 14:07:21,28.56013285593128,77.37812478472063,Clear
1,2023-09-25 05:27:07,17.402561061584887,78.46443018775962,Clear
2,2022-01-21 05:18:36,28.439553572820575,77.01655788484219,Heavy Rain
2,2024-10-23 01:22:42,28.48623808773004,77.0250278161646,Windy
2,2022-03-20 18:14:08,28.60191933047928,77.2405731959056,Fog
1,2025-04-24 14:06:12,26.88039397209684,81.00011983139694,Clear
2,2023-02-18 13:37:40,28.515120155557273,77.04413952466226,Cloudy
3,2023-11-24 04:31:01,13.036231107522838,77.62862182045234,Clear
2,2025-12-07 20:48:39,26.859089367643485,80.86118106819917,Clear
2,2023-10-06 02:40:08,12.97853760647023,77.60598408243804,Fog
2,2022-04-10 01:41:50,28.43403870028182,76.98388550262162,Clear
1,2024-07-31 09:08:13,26.817184559105026,80.97077106132836,Cloudy
1,2025-09-16 02:46:32,26.877209679587146,80.95285990184729,Cloudy
2,2022-04-17 09:49:37,28.66435761641698,77.21910133779545,Heavy Rain
3,2025-08-29 08:45:08,26.82658893496358,80.93444774837909,Rain
3,2025-12-11 05:41:40,28.48476724383429,77.00379035481237,Clear
2,2024-05-26 17:58:03,28.592758954008385,77.21667214656718,Clear
3,2023-07-16 16:14:00,28.648389063591743,77.25069001804619,Clear
3,2023-01-29 18:01:38,28.47086653838367,77.04691986904625,Heavy Rain
2,2022-05-10 03:02:01,26.81257425152715,80.9727214173073,Cloudy
2,2024-10-27 23:27:30,25.421309816770155,81.81393577193168,Heavy Rain
2,2025-07-12 08:33:08,28.637532435064475,77.17382123747068,Clear
2,2024-01-24 15:02:39,25.357407292937186,81.79579096487878,Clear
4,2023-12-06 18:42:49,19.093462004033753,72.88730610621649,Cloudy
1,2023-06-01 09:03:05,26.872527722419175,80.92363168722623,Fog
3,2025-08-07 12:41:02,28.58727897674512,77.22898293478798,Heavy Rain
1,2024-02-23 14:57:50,25.393489939738274,81.82649220041877,Cloudy
4,2025-07-19 01:14:21,28.632484539027672,77.32153809686746,Windy
1,2025-12-03 13:58:00,25.407680668907265,81.86392728226622,Rain
2,2024-10-31 23:27:04,26.826095790518576,80.92821700865522,Clear
4,2023-04-09 20:42:52,19.075416755334572,72.86541665402517,Cloudy
1,2024-11-11 06:14:35,19.047196798094816,72.82647739138434,Clear
3,2023-08-25 14:56:53,26.82496028204213,80.91319628196426,Clear
2,2024-08-11 23:54:03,28.545900850152872,77.42385085311113,Heavy Rain
3,2024-08-15 21:25:32,25.441951377809083,81.80102923170445,Cloudy
3,2023-08-09 12:27:38,17.35905606213717,78.54053929743192,Clear
2,2025-10-27 19:33:24,26.781171422821416,80.94954111636456,Fog
1,2025-08-15 03:25:36,25.387364934335146,81.82541296332714,Clear
1,2024-11-14 01:42:12,28.4002424501159,77.02549534005787,Cloudy
1,2023-09-10 06:40:14,26.811741269573307,80.90341723847546,Cloudy
1,2023-12-11 03:03:25,28.451221336176634,76.98404546060111,Cloudy
3,2025-09-12 21:18:42,28.596938000239,77.21401961707386,Heavy Rain
3,2023-11-16 04:49:37,26.77626780217377,81.01190271924183,Rain
3,2024-02-29 20:00:05,13.137906455396767,80.25300926675256,Heavy Rain
1,2025-01-14 11:17:13,25.41739097792086,81.81119700189184,Clear
2,2025-02-12 15:39:07,28.523087763283183,77.07376873299295,Windy
2,2023-04-20 10:17:58,26.854865065354506,80.940560537966,Clear
1,2023-01-17 08:37:28,26.835882890949804,80.94906638363203,Clear
3,2022-05-18 18:07:16,22.56842483930065,88.30891317283078,Rain
1,2023-07-13 20:26:21,28.490054497446987,77.01126366082809,Clear
2,2025-05-23 11:22:55,13.030116385640868,80.27445152626738,Clear
1,2023-11-28 13:35:43,28.406249526777707,77.08831914160714,Cloudy
3,2024-07-06 21:46:46,12.997779838951953,77.55159272271833,Fog
3,2023-08-04 15:33:37,12.938174380376118,77.57611717759639,Rain
2,2023-08-23 05:03:36,28.568771626881382,77.23471839702287,Clear
1,2024-04-17 13:16:14,25.391044245081325,81.8033937707796,Snow
1,2025-07-10 03:50:55,28.467582436741388,77.03222176387786,Rain
2,2024-09-27 03:24:22,25.458136441425488,81.85374541424171,Fog
1,2022-11-09 05:48:20,28.425812540777823,77.02947104752859,Clear
3,2022-09-14 01:24:36,19.093976325304535,72.90393943075057,Heavy Rain
2,2023-09-10 23:17:32,22.58779725122517,88.3987636676261,Clear
4,2023-12-04 22:03:28,28.6070472904601,77.19525340272706,Rain
2,2022-01-15 13:49:21,19.038185743475253,72.83649042231627,Fog
1,2023-09-21 00:15:10,19.03529489997758,72.92693826350566,Clear
2,2025-04-03 09:23:28,19.1043708240602,72.85778833014187,Clear
2,2025-07-19 02:40:15,28.647899432518532,77.16366594827666,Cloudy
1,2023-05-09 02:28:42,26.878453213102016,80.93269234057196,Fog
1,2025-01-30 23:01:06,22.572907354150093,88.30236224295457,Clear
3,2025-02-13 19:41:53,26.825038215638244,80.97833808081673,Cloudy
1,2022-12-09 19:48:38,19.100626135382758,72.81611040904724,Cloudy
2,2024-02-01 16:30:55,26.904998767817986,80.97178274019356,Windy
2,2023-08-28 22:54:26,17.368668336113853,78.46090845267189,Rain
2,2025-04-05 01:56:14,17.388562591679758,78.49742216368762,Windy
1,2023-04-09 18:58:20,28.585677176308625,77.32591179358076,Cloudy
2,2025-09-15 09:04:01,28.651940222140265,77.14892258479996,Rain
3,2022-11-08 05:44:00,28.59397270017466,77.22970838173926,Clear
4,2023-05-07 10:18:07,22.561465007856853,88.36209057212187,Clear
3,2022-11-22 14:24:46,28.514669085032367,77.38080077735279,Cloudy
2,2023-01-04 05:55:26,28.579566017851587,77.24228574676624,Clear
1,2024-01-15 18:09:13,26.80590954658226,80.99767316967284,Clear
1,2025-03-28 10:53:46,26.855830316115266,80.97419605513971,Cloudy
2,2023-04-16 03:07:48,19.096713041690077,72.92177492990027,Clear
2,2022-03-19 20:17:37,12.992184828296994,77.54872739754934,Clear
2,2025-02-17 07:13:03,28.564112002322965,77.33437312739736,Clear
2,2022-05-24 14:31:34,22.57814923786059,88.40504089043188,Cloudy
3,2024-01-22 17:41:56,26.85306234314055,80.95650466421894,Clear
1,2023-05-10 22:09:12,28.619783551144156,77.18369683689677,Snow
1,2022-04-30 18:02:07,25.44799001866834,81.85621632573874,Clear
1,2023-09-24 18:21:48,22.57560324849732,88.31668673793487,Clear
2,2025-03-09 09:29:22,25.47879811622452,81.80291376160169,Heavy Rain
2,2023-08-30 07:02:46,28.64430531396609,77.18666248295273,Clear
1,2025-04-10 19:06:10,28.50817984273596,77.2327854102285,Clear
1,2023-05-14 01:18:40,28.687787029252224,77.19396876036653,Rain
1,2023-05-14 14:40:26,25.474053568881384,81.88026619229173,Clear
1,2025-06-02 17:41:31,13.030507025901334,80.25670620607417,Snow
3,2024-09-27 17:49:37,28.56039952392216,77.39117434563789,Clear
3,2025-10-05 02:31:38,13.021177440162027,80.2906704645042,Clear
1,2022-01-22 16:36:48,17.371842511408506,78.49584145894478,Cloudy
1,2023-08-23 16:09:34,25.383360136673637,81.92819987126764,Clear
1,2025-12-18 19:10:40,19.074160604332793,72.9180664717189,Clear
2,2024-09-13 13:36:35,28.60060746918632,77.23021298140081,Clear
2,2025-03-09 02:06:29,25.41672954752118,81.8511367461727,Rain
2,2023-01-25 02:22:46,28.468731445468787,77.00704201497781,Cloudy
3,2023-12-05 15:44:09,28.651014147387755,77.15130013401355,Clear
2,2025-05-30 10:21:21,17.401220572834063,78.48924413120623,Cloudy
2,2024-08-21 09:08:08,28.526322015196815,77.35134576668581,Clear
1,2022-08-26 21:14:50,22.628674592648874,88.43135433547097,Clear
2,2022-07-08 22:34:47,25.44445666555889,81.83577150543688,Fog
3,2023-03-03 23:27:41,28.415299733619513,76.9835665812074,Cloudy
1,2024-07-19 22:53:00,26.884266906190224,80.97471395530529,Clear
2,2023-06-08 23:57:15,13.05150241117368,80.25536764218543,Clear
4,2024-02-13 09:56:18,19.063532564245534,72.83140259588458,Clear
1,2024-07-04 07:58:04,26.840525753123007,80.9585787858427,Clear
1,2025-01-04 04:49:47,28.471586066810136,76.99296573287035,Rain
2,2022-10-29 19:13:22,13.005830104159944,77.63906852284515,Clear
3,2024-11-16 16:19:27,19.044068607007677,72.861512529638,Clear
3,2024-04-18 05:59:20,12.963495767711915,77.67044094121857,Cloudy
2,2023-12-16 05:34:47,19.010750555696024,72.95626387894006,Clear
1,2025-09-26 02:26:58,17.378986123436317,78.4706341862327,Rain
1,2023-12-15 06:40:11,12.982967355793855,77.6113978909402,Cloudy
2,2023-05-02 23:33:34,26.800075486587918,80.96013814746424,Snow
2,2024-12-03 07:50:48,26.816679338818822,80.93273227917386,Clear
2,2024-05-20 07:41:51,26.91137534484957,80.98786853753012,Clear
4,2024-07-24 19:45:38,28.6089869332536,77.18185632945037,Clear
1,2025-05-03 01:38:58,19.045744939021425,72.9019471519398,Clear
1,2025-08-13 17:37:24,19.034906346686835,72.85736789879822,Clear
1,2024-10-22 15:01:27,28.61793522943496,77.21614558460847,Snow
2,2025-12-30 16:33:51,28.50866767946859,77.05968250092876,Cloudy
2,2022-08-01 19:33:47,28.67514182770583,77.15444332114016,Clear
2,2025-09-24 13:07:13,28.607496153580172,77.16467744708038,Clear
2,2022-06-29 17:54:01,28.664910328227965,77.23302009896062,Clear
4,2022-02-25 00:31:52,28.50840055271586,77.38317166998688,Clear
1,2024-07-10 08:44:27,22.577539007384697,88.31052552709495,Cloudy
1,2023-05-05 17:36:27,28.62109791330754,77.22783802591407,Clear
3,2025-04-06 11:20:22,28.607463339680944,77.23801063018898,Heavy Rain
1,2025-07-30 17:20:37,28.609935383635264,77.24308848427411,Cloudy
1,2024-11-06 05:26:35,22.575148062802683,88.423778299044,Rain
1,2025-06-18 09:59:30,19.05883850444801,72.87364004458438,Clear
2,2025-05-26 04:18:18,28.581172100725038,77.24699851682144,Clear
3,2025-05-15 17:18:03,25.452534920144455,81.82609699460014,Rain
1,2022-08-14 15:29:43,19.084740762375233,72.86261696698303,Rain
1,2025-08-24 10:16:04,19.076818479380467,72.9136518175885,Windy
4,2025-09-18 14:43:57,28.600925572967434,77.23043440785204,Rain
3,2023-05-06 08:12:30,22.5294207042485,88.372731549068,Cloudy
4,2022-12-10 01:48:31,19.036020112194574,72.94221855074252,Clear
1,2025-04-15 00:38:29,28.553230568509402,77.42991836763012,Clear
1,2022-05-13 05:30:58,17.40139859399168,78.49202942815326,Cloudy
2,2022-05-19 03:11:42,28.589981663721797,77.24780360469845,Fog
1,2024-03-18 04:57:23,26.860705936182015,80.87570778540169,Clear
1,2024-04-15 16:55:06,28.544374887984823,77.39067199545178,Cloudy
2,2025-01-05 12:27:18,25.45160950703416,81.83848105542802,Fog
1,2022-04-19 22:30:23,28.656420941056407,77.17663508418596,Clear
3,2022-01-04 18:01:21,28.68569364301443,77.18471684537344,Clear
2,2025-02-16 10:15:04,13.072423749435083,80.19962259506563,Clear
1,2022-08-22 05:08:13,28.51389500025924,77.43307871511765,Windy
2,2025-10-22 11:33:07,13.110583945603208,80.2958321715343,Clear
1,2024-09-02 11:29:37,13.10258305972141,80.30301036726767,Cloudy
3,2022-03-04 08:51:55,28.503279587095722,77.44407009576946,Windy
1,2022-03-08 10:38:28,19.071445132659196,72.86331304674526,Clear
3,2023-04-24 16:48:52,12.944606974694215,77.63400046002808,Windy
1,2025-08-17 13:48:54,25.396693554687406,81.84484781133979,Clear
1,2024-08-16 23:57:13,26.84067890232595,80.92049879991903,Cloudy
1,2022-01-03 07:55:21,28.586960251526676,77.18695104888505,Rain
1,2024-01-21 11:11:35,26.851974005025934,80.92178692002774,Rain
1,2022-12-07 20:12:53,17.332415139082478,78.48450380160507,Clear
4,2023-04-16 00:11:42,25.442083315553813,81.91101285164966,Fog
1,2023-07-01 12:03:34,22.544372162984107,88.34782728607038,Cloudy
1,2022-03-20 16:59:34,28.418157958939787,77.00480851350143,Cloudy
4,2024-04-14 18:56:52,12.94814682991637,77.62652082848459,Clear
3,2023-07-17 12:06:44,28.506149676918145,77.34515043708939,Cloudy
1,2023-09-14 03:17:28,19.130381316000538,72.83089967262056,Cloudy
2,2022-06-10 16:51:07,19.060597942943602,72.87313622567287,Windy
1,2023-04-18 03:42:06,25.410205865933555,81.7615517086843,Clear
3,2024-12-05 18:44:34,25.39294644543247,81.81505293424533,Clear
1,2022-05-30 14:25:12,28.66731755855787,77.2358628178636,Clear
1,2023-06-18 09:29:28,19.036947535101508,72.8785619095995,Clear
1,2022-11-26 22:31:36,12.907648142188506,77.55186673001504,Clear
4,2025-01-17 23:23:16,19.098763429198854,72.83871668902451,Fog
1,2022-09-28 20:04:51,17.392263980321108,78.43956250182596,Rain
3,2022-06-17 11:16:52,19.143756991775284,72.85574598879985,Heavy Rain
2,2022-07-13 19:15:08,13.04535990554182,80.23237977776716,Clear
1,2025-11-09 08:43:15,22.562653424124584,88.41877270284284,Cloudy
1,2022-03-29 13:36:42,28.551212995136755,77.45218474503835,Clear
2,2023-09-10 04:40:53,28.482013239649337,77.0402452805323,Clear
2,2025-10-20 20:18:16,26.808921962057575,80.89059373775952,Clear
4,2024-07-23 04:35:04,22.56842942555171,88.36184107567912,Clear
3,2023-12-13 11:13:00,26.864573664825055,80.97906180912139,Clear
1,2022-04-22 10:44:42,28.629678431771612,77.2163390122251,Clear
1,2022-09-21 21:07:52,28.649985637596487,77.23961056760335,Cloudy
4,2025-01-26 12:30:44,19.043163705207256,72.89020069049955,Rain
2,2025-12-16 16:49:59,28.519735338970133,77.3963788617112,Cloudy
3,2024-11-14 07:57:06,13.054447451288045,80.26867468442751,Rain
2,2024-03-02 19:41:59,17.41566720970851,78.50679284487373,Rain
3,2023-06-17 13:31:09,25.380995026537096,81.85730934785501,Cloudy
3,2024-09-27 06:13:08,28.517632550443274,77.43840008698547,Clear
1,2022-11-06 09:53:38,12.936435875239379,77.61723150056962,Cloudy
4,2025-09-14 15:10:30,26.82787782054684,80.94702012445016,Clear
1,2023-02-11 02:17:32,28.648352686435373,77.16246772497325,Clear
2,2024-04-13 07:31:32,28.4913658834382,77.40002054094239,Windy
3,2022-12-30 13:57:37,19.098279362240564,72.9589913228842,Fog
3,2022-06-03 11:55:05,28.500542109374802,77.34367872505263,Cloudy
3,2023-08-08 07:46:51,28.421377142784433,77.0262923667257,Clear
2,2022-03-15 10:31:33,26.824835004160136,80.9515699583135,Clear
2,2022-12-25 06:27:27,19.04009198311052,72.87856265823737,Clear
2,2024-05-02 01:29:12,13.027644701007269,80.27290771864003,Rain
2,2023-07-29 01:47:31,28.58095426518477,77.4008671307263,Cloudy
2,2023-03-21 14:53:14,22.574393522907858,88.3586294081207,Clear
1,2023-06-26 11:36:41,28.614816480221503,77.21149505411924,Rain
2,2025-01-23 05:13:23,25.46863382756397,81.9150689429581,Clear
2,2024-01-01 02:10:35,19.059765094967293,72.83926347656777,Rain
2,2025-09-28 02:31:33,19.08352214004995,72.94861685920179,Rain
1,2023-03-25 23:29:08,28.56620899020877,77.17618372771234,Snow
3,2024-07-24 04:48:07,28.598251619074702,77.26341940841492,Clear
2,2023-09-27 23:21:33,17.356626985550548,78.45383313997043,Clear
3,2022-10-02 22:38:54,26.841022329784245,81.0102118371353,Clear
1,2024-11-10 22:47:45,26.89105457762114,80.9326817018951,Clear
2,2025-01-20 21:52:34,28.540561967182633,77.42156092523336,Cloudy
2,2023-08-18 02:24:11,12.976211253841155,77.6072857804019,Fog
1,2022-08-27 03:06:29,19.067362940398517,72.88344615379792,Clear
2,2025-02-14 04:29:57,22.519516810879995,88.35167583401282,Windy
2,2025-07-13 03:13:03,22.553503504528496,88.38075648459909,Rain
1,2025-12-24 08:13:13,28.384144669647455,77.03664852230905,Heavy Rain
1,2023-12-04 07:55:08,28.541017209545434,77.39782342823443,Clear
2,2023-05-08 19:32:28,26.902213994599744,80.94753295770019,Clear
3,2022-03-13 10:37:54,19.07080520734943,72.8381539169234,Clear
3,2024-06-14 22:39:30,19.115228652709078,72.90164944844813,Windy
2,2022-08-16 23:58:01,18.959243445768582,72.92263610741446,Cloudy
2,2024-11-20 07:52:46,22.557572965232687,88.32634124050655,Clear
2,2022-04-15 07:24:15,28.436964479611206,77.06549008253216,Clear
1,2024-06-23 06:06:39,13.10660719035279,80.28450832618067,Snow
2,2025-09-16 11:39:03,28.576601105576316,77.15006936013351,Rain
2,2024-10-09 12:17:27,22.64198795722943,88.44763044342844,Clear
4,2024-09-19 00:27:29,12.916727967834358,77.59813314396014,Clear
1,2024-01-01 13:48:44,26.830165574956208,80.96330752658238,Clear
4,2025-05-24 08:14:54,19.144997272715045,72.93603062701816,Clear
3,2024-06-06 06:58:53,19.081230440341482,72.86039408890129,Windy
1,2022-02-03 05:35:26,13.059227282480093,77.5173484718723,Clear
2,2023-10-29 18:21:11,28.639013568074024,77.17427056004053,Snow
1,2023-04-05 06:06:05,28.50797048828279,77.04048197787276,Rain
1,2024-04-06 16:18:36,13.007420170944759,77.6263545789677,Clear
2,2022-02-01 03:12:40,26.854367504688817,80.9295612715225,Rain
3,2023-05-19 02:59:17,28.63518324183885,77.21241027004426,Rain
2,2024-11-17 14:25:55,28.42642819470602,77.04920291745613,Fog
2,2023-12-03 19:29:31,26.847874305888638,80.90059493273648,Windy
3,2022-04-25 06:42:11,22.58943841828999,88.3108013821486,Rain
3,2022-06-03 07:33:14,28.57175695674401,77.17184844594767,Clear
2,2024-03-28 10:54:06,28.442179176963723,76.98164707070919,Snow
2,2025-10-15 01:42:56,13.089120897926529,80.29237722534022,Fog
2,2025-02-08 17:51:58,28.686635481598852,77.19024998784502,Rain
3,2023-04-19 15:32:54,19.05926486470528,72.86703623630922,Snow
1,2025-05-08 07:51:12,22.55672434701024,88.3153691747705,Windy
2,2023-01-07 12:22:34,28.46998744156053,77.05612426432091,Clear
4,2022-10-10 00:04:48,28.624062938402457,77.3830237604432,Clear
1,2024-11-21 16:09:50,22.595606238329186,88.37489935976305,Cloudy
1,2022-11-17 23:39:33,19.03577803728592,72.89582906817016,Cloudy
2,2025-09-27 23:30:56,22.569070552835942,88.3428945226747,Clear
1,2024-07-26 14:35:01,26.89572263404001,80.95389135342947,Cloudy
2,2023-03-05 03:54:51,26.83516956133463,80.89845883923063,Rain
2,2023-09-30 21:42:18,22.531572768375057,88.35789717943881,Heavy Rain
1,2023-11-25 21:10:54,22.598251143386047,88.35693093165429,Rain
3,2024-04-23 21:38:34,28.60525997376212,77.15438482862683,Rain
3,2025-11-07 01:49:25,26.87939959061728,80.89783130252546,Clear
4,2023-06-22 00:22:22,28.4991651250246,77.36625111215474,Clear
1,2023-02-07 05:23:33,19.0620857956209,72.82924186932013,Clear
1,2024-01-14 16:28:25,22.54819346195259,88.35337076495658,Clear
1,2024-10-03 02:55:08,26.876939099744412,80.86130809855067,Clear
2,2023-12-07 21:18:24,26.88743548659405,80.93720147837664,Clear
1,2022-12-17 09:35:31,26.879144987005695,80.92254986991546,Rain
3,2023-11-27 16:22:07,26.818420169080976,80.98165117009131,Clear
1,2025-04-29 11:31:31,17.355833132461022,78.51276215663097,Rain
4,2024-04-18 14:13:19,28.463741375316523,77.01950713580122,Heavy Rain
3,2022-02-19 09:29:28,22.624808585058066,88.38926902807201,Cloudy
3,2024-04-12 03:12:33,22.581222178353197,88.33911348435241,Fog
1,2023-08-10 05:00:17,22.625434140191444,88.37909444435394,Clear
2,2024-05-14 15:08:00,28.496470096931112,77.04051347148007,Cloudy
3,2022-05-28 16:45:05,17.329563654311926,78.4455078037754,Windy
2,2024-04-16 21:26:03,26.8385237563656,80.9532699653765,Fog
2,2022-06-16 12:07:22,22.55485894275465,88.41191832177377,Rain
2,2025-04-04 02:12:37,28.662619849433945,77.23806926016155,Rain
1,2023-12-15 08:12:27,28.464957150511786,77.02254100615335,Heavy Rain
3,2022-10-31 16:16:06,28.570406872901568,77.3868241740869,Cloudy
2,2023-07-08 20:59:25,19.022749845668,72.89634087706649,Clear
3,2024-07-05 04:41:47,26.866902197838478,80.97141701378891,Cloudy
3,2024-05-28 01:24:51,13.00211977128994,77.57335229830186,Rain
2,2024-04-08 03:40:11,28.505560259690146,77.00774253067534,Clear
1,2025-03-03 19:18:03,28.42391639683926,77.07822967799615,Rain
4,2022-06-28 10:23:34,17.314264918769332,78.49264806488681,Clear
2,2023-08-07 09:49:01,12.927234780341342,77.60023414241554,Rain
2,2022-05-09 21:31:05,19.064829243087363,72.85460160953987,Clear
1,2024-09-08 19:49:49,22.616457230442514,88.32758954062571,Rain
3,2024-01-06 19:50:10,28.59940150704343,77.19069945153191,Cloudy
3,2025-02-28 18:45:53,13.075812635831605,80.21707361543716,Rain
1,2022-10-24 04:52:18,12.95602604289545,77.5338385279157,Rain
1,2024-09-24 14:33:10,28.567163711143557,77.17250958962632,Fog
3,2025-05-30 07:58:40,13.076891339398449,80.25772371556674,Clear
2,2024-03-26 00:23:01,28.589492252022936,77.24883526158386,Rain
1,2023-12-12 17:23:05,28.53508812567617,77.38972036700798,Rain
1,2024-05-14 09:38:40,19.106726842921354,72.83457305367905,Rain
4,2024-10-26 04:23:21,12.975279238378565,77.61911152097122,Clear
1,2025-04-15 03:11:44,26.83516568427016,80.92347489685237,Cloudy
3,2022-09-13 16:40:10,22.55919502749308,88.37909239705141,Clear
1,2024-09-07 11:50:11,22.566898073231833,88.34171739739777,Clear
1,2025-01-14 06:16:38,28.617831622393552,77.26188994060044,Clear
1,2023-10-23 02:17:47,28.625155458913046,77.21307778183666,Cloudy
3,2023-03-17 01:17:58,28.454691399020412,77.04516380070737,Clear
1,2024-02-06 02:00:44,25.43302992408052,81.84355902107997,Fog
2,2023-08-22 04:28:41,17.377897661521303,78.48478387615133,Clear
1,2024-01-20 19:26:17,28.540712997868443,77.37922878698598,Clear
2,2025-12-05 11:25:53,28.506187747396076,77.0016200637647,Fog
1,2024-08-20 06:04:13,26.871050189529576,80.91931753755875,Clear
3,2023-04-18 18:58:01,28.595381056645394,77.20138004355739,Rain
3,2024-11-25 21:15:27,25.42314703705126,81.83202353764098,Clear
3,2023-10-31 19:34:08,25.429383910529186,81.8080181059921,Fog
1,2025-04-22 10:54:35,19.065673033356802,72.86150003,Clear
2,2022-10-05 01:28:07,19.056771848098766,72.92121172067007,Clear
1,2024-09-23 04:51:35,22.567660088819466,88.38189464449977,Clear
3,2023-03-30 21:27:55,13.10148886393845,80.32861221619407,Rain
1,2025-07-31 16:40:39,28.567967732104837,77.39512991516504,Cloudy
1,2025-12-14 01:41:25,28.49347114618164,76.98141987877082,Clear
1,2023-05-23 06:09:14,28.592078257907982,77.36792365528281,Clear
1,2025-06-06 21:54:13,28.620273438603554,77.17274133249877,Cloudy
2,2024-01-05 11:26:54,17.422701737649373,78.53629769616701,Clear
2,2023-08-17 05:06:08,28.61889409442706,77.26512956494135,Windy
2,2025-06-04 06:38:36,28.543714066111438,77.21998772753086,Rain
2,2023-08-12 08:15:32,28.564524579029825,77.39641976569087,Cloudy
4,2023-03-30 09:27:37,19.137435887472165,72.86611317409374,Clear
1,2023-12-13 05:48:52,22.6224142722373,88.35923133872609,Rain
2,2025-11-07 12:50:08,22.53585302591207,88.37332322965102,Cloudy
2,2023-02-27 16:19:03,26.86500400508639,80.94369700967545,Heavy Rain
1,2024-07-06 01:27:34,22.591460338845923,88.36814541982278,Clear
3,2024-02-08 13:23:08,19.14490650583019,72.91059074186116,Rain
2,2022-11-16 02:50:12,25.4125395079218,81.79070239022572,Windy
3,2023-07-24 08:15:20,28.569131415278296,76.9888402163535,Cloudy
1,2024-04-14 19:32:36,26.86453232015794,80.99317898740011,Clear
1,2024-12-19 04:27:02,26.826965308384903,80.86481029460512,Clear
4,2024-12-20 05:50:18,12.954482077717156,77.58111349285214,Clear
3,2023-02-06 18:50:18,28.628760478361652,77.19774443104511,Fog
3,2025-09-13 03:20:05,17.34049912052003,78.48243243552463,Cloudy
2,2023-04-25 02:39:05,26.80198971886541,80.98668035780581,Rain
2,2023-05-30 12:19:22,12.937925057013336,77.59460783817985,Clear
2,2025-05-26 09:56:10,28.474882850658666,77.03341200022712,Fog
2,2025-06-02 05:33:13,28.466182330611428,77.03035008654082,Clear
2,2024-02-06 01:59:20,22.618679102041796,88.37095831866203,Clear
3,2025-12-21 06:37:44,28.640974166528746,77.1722170591834,Clear
3,2023-12-10 03:33:04,26.838274374338955,80.95774894737467,Clear
4,2024-06-27 05:37:31,28.606062120149037,77.20619709506128,Clear
3,2022-07-02 12:24:27,22.62082910168739,88.4391047202878,Clear
1,2024-02-16 10:10:44,12.949825538187527,77.64834357706802,Clear
1,2023-07-11 22:58:52,13.000876944828773,77.55722970980365,Clear
4,2024-02-12 19:20:51,28.626395154885486,77.16127624476952,Cloudy
2,2022-08-25 03:03:39,28.44709135513807,77.3954795927287,Clear
1,2024-10-10 07:16:13,28.559580944571316,77.21070969634165,Cloudy
1,2025-04-15 17:20:39,22.553636192855507,88.35196712868051,Cloudy
1,2024-07-18 20:11:18,28.556385583790043,77.1962375281059,Rain
1,2024-03-29 02:14:33,26.81372085821371,81.01173570312831,Cloudy
1,2024-04-02 13:14:24,28.460597894563488,77.02882382843049,Cloudy
2,2022-03-01 14:44:07,28.576353648270597,77.37840179673154,Fog
4,2025-06-30 12:12:31,12.976154530333432,77.54195480141682,Clear
3,2025-07-31 05:32:51,25.483771293352156,81.78666590326918,Rain
1,2023-08-26 15:10:16,28.448101911179222,77.00201104296569,Rain
2,2024-11-06 15:35:36,26.87200489271185,80.98952083370122,Fog
1,2025-03-15 20:57:04,28.437991473128925,77.0637396114932,Windy
2,2024-10-30 08:54:26,19.116705815603495,72.93930289091385,Clear
1,2025-09-11 11:43:23,28.66138026040073,77.2313623563362,Fog
1,2023-11-24 23:39:52,26.88864289992807,80.94670177477616,Rain
3,2022-11-26 05:32:58,19.03945344873976,72.90737750636744,Clear
2,2025-12-30 08:05:19,22.64252456707695,88.41673956367157,Clear
2,2023-06-30 12:27:48,22.570476009837932,88.33209717013295,Rain
4,2023-12-21 16:14:51,28.62939987228435,77.22190787077854,Windy
3,2023-08-09 17:42:32,22.604107197870768,88.31229659957387,Rain
2,2022-03-20 08:29:42,28.43479685807095,77.05308248627874,Clear
2,2022-09-16 00:42:39,28.54447485126599,77.2253565895376,Clear
3,2024-06-24 03:22:24,26.810139007371752,80.96334442676583,Clear
1,2022-06-13 13:42:45,28.609739243290107,77.12991563405706,Cloudy
2,2022-10-11 03:01:21,22.58837094159477,88.37310623136362,Clear
2,2023-10-07 06:03:27,28.567759195434995,77.38326035229343,Heavy Rain
4,2024-04-16 23:05:13,25.414891662863422,81.85016463164311,Snow
1,2025-01-11 11:08:11,12.94700085154726,77.59130146547663,Cloudy
1,2023-09-05 09:58:35,13.032530032695506,77.58316393935206,Windy
2,2025-12-09 03:14:48,17.452104083707646,78.5379365275161,Fog
1,2023-08-30 15:36:46,12.978182567494713,77.56480868311434,Clear
1,2025-12-07 21:33:10,25.458295100342102,81.8715223730975,Clear
3,2025-07-12 08:23:35,28.45094890364761,77.07939176343203,Clear
2,2025-08-22 11:25:58,13.107739491443542,80.27951872614449,Snow
3,2024-10-26 01:36:06,13.119557440115823,80.27588710390198,Clear
2,2024-11-12 08:09:47,28.648092511598474,77.21494247907592,Clear
2,2022-08-13 09:39:39,22.60717515538423,88.37997214635598,Cloudy
1,2023-01-25 01:44:34,19.04743522284821,72.83481423142698,Rain
2,2023-05-19 17:38:30,28.65422816849476,77.19774048908232,Rain
2,2025-06-03 10:57:10,12.955739473720993,77.59680727603208,Rain
1,2025-07-27 14:30:49,25.437992965072752,81.86201386444496,Clear
2,2023-02-21 00:26:46,19.034099169255843,72.93625463959958,Cloudy
2,2025-08-24 05:13:13,28.603202246671884,77.16744078458012,Clear
3,2023-12-24 00:12:58,19.049685013961053,72.87791415324497,Windy
1,2025-11-11 03:52:08,22.627403720793296,88.38563063955674,Clear
3,2023-06-24 09:38:27,28.644637194790285,77.23837367458867,Clear
2,2022-08-15 01:21:28,26.886954503743777,80.89508999328794,Clear
1,2022-08-20 03:00:06,28.58554212008302,77.41139898243097,Clear
1,2024-01-16 22:27:22,22.60895290005619,88.29417350517778,Clear
4,2024-04-21 20:24:18,22.59976010009772,88.40478814096568,Heavy Rain
2,2023-08-27 06:24:45,12.990528987363458,77.51225247355401,Clear
3,2024-04-30 11:41:55,19.085840013844205,72.84306468586948,Cloudy
2,2025-10-13 02:43:50,26.84086061163071,80.94282735500441,Windy
2,2025-03-19 17:29:33,28.622420424998406,77.24767897401459,Heavy Rain
1,2023-01-24 06:10:45,13.117335976535667,80.25112709707157,Windy
3,2023-08-09 05:11:44,19.08014225703932,72.8495823848532,Fog
1,2023-05-11 23:35:36,19.114881890065707,72.82517192946582,Clear
2,2024-05-08 23:07:39,17.35645428800733,78.47445480679232,Clear
2,2023-02-16 08:24:09,13.137393397683075,80.2874378379057,Fog
2,2025-05-06 04:34:29,12.946387090078618,77.54410011860764,Clear
1,2025-07-22 09:32:29,28.496053511815678,77.1466118667303,Cloudy
2,2025-02-14 05:16:25,26.816743716869407,81.00769251703699,Rain
2,2024-08-05 08:03:59,28.368481242539982,76.98335028915923,Cloudy
1,2022-07-02 10:57:47,28.6190447299501,77.16129139217965,Snow
2,2024-08-31 12:43:47,28.54152206228282,77.37040734524926,Cloudy
2,2024-09-04 08:24:57,19.089954948062662,72.8647492136957,Rain
1,2024-06-11 23:22:23,28.68863623933916,77.19722092775768,Clear
1,2025-12-30 14:47:51,28.476532258465067,76.9859423415027,Clear
3,2022-09-29 09:49:42,13.014579573335496,77.54692896112996,Clear
2,2025-07-23 22:49:16,28.56872400556485,77.37476754700177,Clear
1,2023-07-29 05:22:23,26.827694231876496,80.92180704889518,Clear
2,2022-06-28 09:54:19,19.05260746426032,72.82889150467471,Clear
3,2023-10-19 14:38:07,28.587517788950485,77.26336477156924,Clear
1,2023-04-11 18:54:27,28.611032013116287,77.27680844844129,Windy
1,2022-04-13 13:26:19,28.56487655507897,77.19202114932436,Clear
2,2024-05-02 14:14:34,28.552258741614292,77.37451312503653,Clear
3,2023-09-26 17:08:31,25.454290091636615,81.83588251124011,Cloudy
2,2025-06-04 17:04:45,28.679410011851054,77.22141065975117,Cloudy
4,2024-03-09 06:26:47,12.961619451444566,77.5573469656348,Clear
4,2025-08-13 08:48:54,28.568237390048495,77.22201358838481,Clear
4,2023-12-31 18:06:03,17.327711934749125,78.57501806659899,Fog
2,2024-05-17 02:36:29,28.623798985604157,77.20344756408849,Cloudy
1,2025-06-27 01:22:55,12.95106393337445,77.59728565007876,Clear
2,2024-07-18 23:57:44,25.481502180240064,81.88161470169261,Clear
4,2023-02-06 04:39:06,19.105986011154535,72.92777470991743,Snow
4,2024-06-02 10:49:03,26.852988311360505,80.97954865720283,Clear
1,2025-10-26 13:23:38,26.84858640714616,80.89978082433178,Rain
2,2025-07-31 08:28:54,28.5876730544958,77.20016530973909,Rain
1,2023-03-01 15:06:32,17.424829181441204,78.52601558858899,Snow
4,2024-10-23 07:40:10,13.077894812623137,80.2643964089527,Clear
2,2023-06-13 19:15:58,28.605157958578587,77.2274988720641,Cloudy
2,2023-06-17 22:54:36,12.934768468563888,77.57795629436426,Clear
2,2022-12-18 03:03:07,13.096776923871934,80.27939907867918,Cloudy
4,2022-07-16 03:56:25,28.574588173219365,77.2805979091687,Fog
2,2022-01-09 23:53:16,22.541324415628555,88.35633275787758,Cloudy
2,2024-04-21 18:20:35,28.475960083400647,77.40409217308459,Rain
1,2024-02-23 06:59:53,26.81037715844436,80.9978860284776,Cloudy
4,2025-03-25 02:12:21,22.546328061230813,88.35341577060802,Windy
3,2024-06-03 17:40:44,28.508386606208944,77.04217389103817,Clear
1,2024-07-24 05:16:43,13.074379681932852,80.25414124053239,Cloudy
2,2025-08-17 12:17:08,19.09482604883567,72.86318173304902,Cloudy
2,2024-10-17 23:54:29,22.53664618393732,88.3078586580416,Clear
4,2023-08-01 16:33:09,19.058979618632343,72.90194279609327,Heavy Rain
3,2025-03-29 03:25:15,28.669265663272466,77.25142373494512,Clear
3,2025-10-16 15:30:07,12.963264066016842,77.54607673247244,Clear
2,2024-08-10 17:32:45,28.57480706905642,77.17232787688513,Cloudy
1,2023-10-03 11:48:32,28.454129255210557,77.06687461461334,Windy
2,2024-12-07 20:32:43,25.451701600160327,81.81064051357188,Clear
3,2024-06-06 18:20:33,25.429344093527092,81.87002440342013,Windy
1,2025-08-15 07:57:59,28.553647949176092,77.40538223478586,Cloudy
2,2024-02-02 14:16:45,13.006963275964914,77.5789984889071,Clear
2,2022-05-26 11:14:47,28.6054627872137,77.19380883259868,Heavy Rain
2,2024-01-15 06:11:22,22.605602851696403,88.37024388819208,Cloudy
1,2025-10-01 19:57:00,28.511980834632627,77.42324161632386,Clear
2,2022-12-12 07:16:49,28.709397491085383,77.1612808513432,Clear
1,2024-04-25 13:37:37,13.015194488513927,77.57414565788591,Clear
2,2024-12-28 16:54:33,28.74029725219855,77.25095007848032,Heavy Rain
2,2023-09-26 03:33:40,26.84494196103935,81.00011501330907,Clear
2,2022-04-03 02:02:40,22.57508027489693,88.43147303906697,Windy
2,2025-09-28 06:09:18,13.105204760415667,80.27167882903926,Fog
1,2022-03-18 19:42:12,28.624529240787243,77.26451690427777,Cloudy
2,2024-03-16 23:16:14,25.471954098221993,81.80045082059688,Rain
2,2025-01-17 04:44:15,12.985963414687541,77.63711333730465,Fog
3,2025-03-19 15:47:40,28.599508931155636,77.20806387945895,Clear
1,2022-11-15 01:03:37,28.651062836845878,77.21277329149089,Clear
1,2023-07-01 05:12:27,25.37435730439534,81.86218668303044,Clear
2,2022-10-18 22:40:37,13.050229999770048,80.27744795773772,Cloudy
1,2022-03-24 23:30:45,28.597667095562255,77.22317603615555,Cloudy
2,2022-08-24 05:07:40,25.46492385760274,81.86544389655946,Clear
2,2022-01-09 05:46:27,25.45108687128887,81.85029814255758,Clear
1,2025-10-20 05:43:11,25.436500112693963,81.84529705186377,Heavy Rain
1,2024-12-15 22:57:47,28.58981712556969,77.20204892456263,Clear
4,2022-04-13 18:23:25,19.170161025255105,72.85777235827682,Cloudy
4,2024-05-11 13:13:44,26.808659119269198,80.93057408454965,Snow
1,2023-05-22 18:13:50,13.025812128369637,77.64661557329565,Rain
3,2022-05-31 01:26:35,26.89439658468037,80.95281905473989,Clear
3,2024-04-28 12:22:06,28.534173750887184,77.43585233897387,Fog
2,2024-11-18 04:49:45,28.520369458496663,77.39911058297108,Snow
3,2022-07-29 18:02:40,25.463577375301554,81.8157621053188,Clear
2,2024-09-26 19:14:25,28.520230793873697,77.42768408657443,Clear
4,2023-05-19 23:07:09,28.55495391096513,77.38307153846661,Snow
3,2022-11-05 23:28:37,19.04345533004447,72.88453218355234,Snow
2,2022-03-19 20:45:32,25.414383043157535,81.86713050633597,Clear
3,2024-08-28 04:04:54,17.406368493797327,78.49239220644651,Rain
3,2025-11-15 13:04:27,19.086755827380774,72.94190509665991,Cloudy
1,2025-08-27 12:53:05,12.988340513728915,77.59577605975737,Clear
3,2022-05-06 15:58:20,28.507074457275696,77.45347604270647,Clear
1,2025-05-23 04:46:34,17.406365393693335,78.48546073963341,Clear
1,2023-04-07 07:20:21,28.409033137536085,77.05970753548446,Windy
2,2022-11-09 08:22:23,28.54053081032373,77.37637617684167,Rain
1,2022-07-16 22:15:21,28.53363581040022,77.4059609391644,Cloudy
2,2025-07-18 11:44:05,12.930440706868152,77.57053666588332,Clear
4,2024-07-14 07:49:31,12.925194057306621,77.58077009619808,Fog
1,2022-12-31 07:41:20,28.46624167016554,77.02156000078044,Clear
1,2025-10-14 13:44:41,28.40160488892993,77.04494122560708,Clear
2,2023-01-11 18:09:36,26.85848072136157,80.92932641187109,Snow
2,2024-11-28 02:50:45,28.66763668008235,77.17877510741016,Clear
4,2023-03-06 15:12:15,28.60484324558447,77.19160316296076,Windy
2,2024-09-01 13:28:51,17.34481274478099,78.55105640753192,Clear
1,2024-02-23 18:14:04,17.394724498331517,78.56875467857174,Fog
3,2025-12-09 20:34:09,28.639647930027447,77.24140664618547,Heavy Rain
4,2022-06-03 02:50:52,19.10036664005392,72.92919901218583,Clear
1,2025-02-19 22:03:21,28.45296993614306,77.1025917501372,Clear
1,2023-02-13 19:27:41,12.931016255734233,77.58479915184773,Cloudy
3,2025-04-30 20:52:56,19.0385143153114,72.87272000076442,Cloudy
1,2024-06-01 11:55:16,19.1223751629231,72.84366827486643,Rain
2,2023-02-21 13:20:59,25.42261938938139,81.84183745384625,Windy
2,2025-09-14 05:43:43,13.025780287728654,77.57260450587957,Fog
1,2025-10-05 20:42:10,13.074491359261868,80.3395578138882,Clear
3,2022-10-22 03:43:10,28.506478873420626,77.01504411781227,Clear
3,2025-10-05 08:54:30,25.401751023759598,81.84498527717219,Rain
2,2022-04-14 10:57:00,22.5702193879233,88.40290245223667,Fog
1,2022-05-05 09:30:36,28.649752117069504,77.18549758701184,Clear
2,2024-08-15 10:19:06,22.57407873615494,88.34975461330025,Heavy Rain
1,2024-07-21 11:26:56,28.476053374764962,77.0155188794984,Clear
2,2022-07-15 12:34:16,12.952974963843943,77.58100011228281,Fog
2,2025-06-14 06:28:46,17.359955945308453,78.50551117303539,Cloudy
1,2022-11-03 18:05:22,13.088691550031099,80.2306970108766,Clear
4,2024-04-11 10:02:52,13.01027811803924,77.574728812436,Heavy Rain
2,2024-04-01 10:03:22,19.041357874724564,72.81482892723112,Heavy Rain
2,2025-08-21 23:02:53,13.070924754783581,80.32668964703669,Clear
1,2025-10-16 09:29:20,22.52466876788704,88.42566890593271,Clear
4,2022-12-23 23:31:19,28.498347582557784,77.39983500650256,Cloudy
1,2022-01-21 17:47:59,26.747161971732986,80.89733198044173,Clear
2,2024-05-26 07:55:32,13.08491312512796,80.26104560140362,Cloudy
1,2022-10-19 07:00:00,28.54182938307077,77.23694754682676,Clear
3,2025-08-27 02:34:43,17.35221309897645,78.54613033897101,Rain
1,2022-09-03 22:20:07,13.047701854062232,80.3168084371279,Clear
2,2023-08-15 22:04:27,25.47573135920026,81.79856462232297,Heavy Rain
2,2025-10-02 00:28:31,26.910367701656853,80.96256512193688,Clear
2,2024-03-22 16:02:50,26.875224476239147,80.93319717710744,Rain
2,2024-09-10 04:57:34,28.583884652050248,77.40722998577465,Rain
2,2024-09-05 21:16:30,19.05952093682237,72.89664827804224,Rain
3,2022-01-27 09:52:27,12.937099343830038,77.56751767973883,Clear
3,2025-07-10 00:30:25,26.888943961362127,80.95095446118378,Clear
1,2022-12-13 01:45:32,28.660150495908237,77.1744281519629,Clear
2,2022-10-21 22:27:49,28.56919125459268,77.37861638658258,Clear
3,2025-08-12 17:05:04,28.47858404690591,77.05764334126157,Cloudy
3,2025-07-17 13:14:01,28.597545178294112,77.23013261747562,Cloudy
2,2023-04-10 07:43:15,28.590288281647517,77.2149701453517,Rain
1,2024-08-23 22:37:34,28.557487522777947,77.21449390194671,Clear
3,2024-12-25 12:49:32,28.437597943469385,77.03464735208964,Clear
2,2025-11-21 21:37:41,28.434142889851586,77.0682538375967,Cloudy
2,2024-10-05 07:39:21,13.000753090498877,77.61516932156538,Clear
2,2022-11-29 11:06:34,13.153477439704023,80.28912917227038,Clear
3,2025-07-26 03:04:04,22.625528221873296,88.36260705847364,Clear
1,2024-03-12 21:49:29,22.54918311228494,88.39373754465842,Clear
2,2022-10-09 07:53:32,28.502387742075605,77.42266624311407,Cloudy
3,2025-12-15 08:34:52,13.128617430136595,80.29691807504051,Clear
1,2024-05-21 04:24:20,28.648998095701202,77.18359168348952,Cloudy
3,2023-06-04 03:08:22,28.47893828796524,77.056702977371,Clear
3,2024-10-28 04:36:30,26.870190997566805,80.90941038924784,Cloudy
2,2023-03-07 01:09:25,26.905710243241963,81.0306074067126,Clear
3,2024-05-02 04:28:09,22.56290918514159,88.36772714563078,Clear
2,2024-11-11 23:25:22,28.680422716460274,77.22276532983582,Clear
1,2024-09-28 12:22:51,28.51749509636084,77.35452388175156,Rain
3,2022-07-22 13:54:45,13.052506328135523,77.59198100098382,Fog
2,2023-08-14 00:44:48,22.6409195251091,88.37165747325405,Clear
3,2023-12-14 20:04:48,22.53872130061884,88.33037758250839,Heavy Rain
4,2024-07-19 15:05:40,13.011478592544231,77.57533274092907,Clear
3,2023-08-18 09:09:29,13.124863657751494,80.26686208028089,Windy
2,2022-11-18 23:14:20,19.058843318281998,72.90948316043918,Heavy Rain
3,2022-12-31 07:20:04,12.973588842175227,77.60043052747045,Clear
2,2023-11-20 18:52:10,28.524988865010208,77.34975471504742,Clear
2,2023-01-09 15:11:52,25.454085582382433,81.83059910944118,Cloudy
2,2022-05-01 11:22:46,13.06114065299203,80.28447532276175,Cloudy
2,2024-03-03 18:40:28,28.58282362769079,77.2427715965564,Clear
3,2023-11-30 19:43:01,22.61278716746298,88.42285341648636,Rain
2,2022-11-24 16:46:22,19.08668104221032,72.85087320794821,Rain
3,2024-08-26 01:53:16,28.645432051662485,77.18750538668966,Heavy Rain
4,2023-11-14 01:41:27,28.57547191073233,77.37253409300973,Heavy Rain
2,2022-06-22 10:59:46,25.42035192352061,81.84160070142961,Windy
1,2025-10-31 07:27:43,28.404730095126556,77.0533975087269,Cloudy
3,2025-01-10 01:53:19,28.56508456539647,77.41213235143437,Cloudy
3,2022-03-17 13:00:03,25.457892852494012,81.80600706698725,Fog
2,2025-05-07 07:22:50,28.615549209513382,77.1600219433849,Clear
2,2025-01-09 17:09:20,22.631708776730594,88.3434094242678,Heavy Rain
2,2024-10-25 11:09:35,17.378403311338694,78.43668968473426,Cloudy
2,2024-03-06 02:02:06,12.961928264673453,77.60978123900864,Cloudy
2,2023-03-15 07:24:02,26.853075971969922,80.97741571720996,Cloudy
3,2022-04-28 01:50:47,22.627126690131142,88.39864198360428,Clear
2,2025-09-10 01:53:50,17.413233674075755,78.38369004520848,Clear
2,2022-05-05 22:51:35,28.60577042740202,77.20936909991094,Clear
2,2023-02-10 09:00:37,28.62108946446602,77.2513180239305,Rain
3,2023-09-13 01:25:12,12.931826869165365,77.60270768250638,Cloudy
3,2024-06-26 05:01:57,28.616806336993466,77.22377413402165,Cloudy
2,2025-08-03 23:45:01,28.585410987143835,77.18765340525678,Cloudy
2,2025-12-16 07:28:01,19.135873053540685,72.85441324687983,Clear
3,2025-03-29 12:32:06,12.925072432937307,77.58464213934813,Clear
2,2025-03-11 12:48:58,12.981865718260597,77.58424113494331,Heavy Rain
1,2025-06-08 09:21:04,22.555473366858823,88.43856426385467,Windy
3,2024-02-10 02:23:29,25.43815156864229,81.82495625741454,Fog
4,2024-09-18 16:12:57,19.068914488903584,72.83823735135198,Clear
1,2025-08-04 11:06:00,28.55210368728046,77.3732830883175,Cloudy
2,2022-02-09 06:21:43,26.875473879654898,80.95111634415072,Cloudy
3,2024-10-27 11:02:20,22.589648029569048,88.31111407767197,Fog
1,2022-03-05 06:02:52,28.527492547962822,77.39686920372009,Clear
3,2024-02-19 20:41:51,28.48990794184069,77.02740865211003,Rain
1,2025-11-12 15:35:38,28.454154451925692,77.04349494661946,Clear
1,2024-03-24 07:44:03,28.580248486527132,77.20719005233039,Windy
2,2023-03-25 18:50:40,28.486451753812116,77.07931515342713,Clear
2,2022-09-23 09:52:11,12.926945137836155,77.62519326909677,Clear
3,2023-08-19 04:08:07,28.39567775427326,76.98283500092359,Rain
3,2024-10-03 01:01:23,19.02326842375607,72.83955217350503,Cloudy
2,2022-12-25 17:48:56,22.527277384013093,88.41496098860213,Fog
3,2022-06-22 11:05:33,17.366494742850712,78.50724900389748,Clear
3,2022-01-08 04:10:56,19.105901106871084,72.92291117477565,Clear
3,2023-03-12 22:31:33,13.11779834131843,80.32970545532775,Clear
3,2022-05-20 00:16:41,12.939227596449825,77.6040071526202,Clear
2,2022-09-25 03:31:42,19.080969630770145,72.92169073110863,Clear
2,2024-12-28 12:07:56,13.048071760524111,80.2718208870179,Clear
2,2024-04-26 01:22:43,28.522037945377505,77.34377897635498,Fog
2,2025-09-01 05:22:27,19.063046093880214,72.933576258368,Rain
3,2025-04-16 17:57:07,25.44238348481535,81.86406295052288,Rain
2,2022-11-26 16:43:31,17.351999520761364,78.53489268060561,Cloudy
1,2022-05-25 09:19:34,28.419633016685108,77.01976468970713,Snow
1,2024-10-07 09:57:57,28.588156426693235,77.24390973283435,Clear
1,2023-10-12 09:24:02,28.485562173851154,77.47083497683262,Cloudy
1,2025-08-12 19:19:07,26.81734698268678,80.92236819098025,Clear
1,2022-06-09 12:15:46,28.624318412035947,77.20154101860676,Clear
1,2023-07-15 19:45:00,17.423670448414455,78.48008919521503,Clear
2,2025-05-09 07:37:48,28.502094648079815,77.40874205020478,Clear
3,2023-02-25 09:41:07,26.87705898395212,81.00263367177551,Cloudy
4,2024-06-30 17:55:01,28.437128226318745,77.02113032821532,Snow
2,2023-10-16 09:26:45,26.78172489575223,80.96033608331592,Cloudy
1,2023-06-05 10:02:37,28.46365080480699,77.02045895477355,Windy
2,2025-04-05 16:35:37,25.39695874552391,81.85761365156367,Clear
2,2022-12-30 17:19:27,26.825094532558467,80.97065014183018,Clear
1,2025-05-18 21:49:41,22.517116389624455,88.37637669866344,Rain
4,2025-05-19 04:36:24,28.487726703047308,76.95299326690956,Clear
3,2025-10-06 13:08:27,26.829500635415865,80.99332682084446,Windy
3,2022-11-05 20:30:55,25.399762066050766,81.79736712860284,Clear
1,2023-10-11 14:35:03,22.60224889226038,88.35611620471221,Snow
3,2023-11-20 08:23:57,28.631135306870398,77.21914405146548,Cloudy
2,2025-09-04 08:30:50,13.108819715776365,80.30222769109099,Clear
2,2024-06-19 13:38:24,28.619867614735806,77.25297550408288,Clear
2,2023-12-20 11:02:48,13.025238658171325,77.54703267260889,Clear
2,2024-04-19 22:30:55,28.618130876013453,77.42170767732223,Clear
1,2024-10-03 06:41:15,13.094937741500162,80.27773617263009,Rain
1,2024-11-18 10:56:42,28.404725913729536,77.00556894884512,Rain
1,2024-11-29 00:56:32,25.516666074615564,81.8063943601222,Rain
2,2023-01-18 22:44:03,26.833851004047467,80.94730561521534,Clear
2,2025-08-03 14:49:04,28.499986875951688,77.3837329802216,Rain
4,2025-09-03 15:49:42,17.414639881011297,78.46863907138975,Windy
1,2023-03-22 19:36:06,19.076693950381788,72.91861538240524,Snow
2,2025-05-22 02:24:02,28.624729566479974,77.18924939689663,Rain
2,2025-03-04 06:50:27,25.420778619842032,81.84909985493353,Rain
3,2023-09-23 04:15:43,28.614283009017424,77.1648142288247,Clear
2,2022-05-10 19:12:41,26.82998400170192,80.9478867262041,Cloudy
1,2022-09-13 08:51:13,28.550233214464413,77.27439845158256,Cloudy
1,2024-12-25 02:17:10,28.54649112189325,77.2175157878851,Clear
2,2022-08-21 06:08:50,26.830928329757473,80.9499417425252,Heavy Rain
1,2025-06-22 07:07:39,28.550057293067013,77.35282361994622,Cloudy
1,2023-02-03 08:14:27,25.34864014020683,81.82297320255628,Cloudy
1,2024-07-15 20:56:57,28.594673781440086,77.241401685766,Cloudy
3,2024-04-03 16:26:24,19.083359959736335,72.89653121937042,Clear
1,2024-08-04 04:58:31,25.418621153595794,81.8776404311832,Rain
4,2022-12-04 14:50:29,12.908030672495311,77.53509576959101,Heavy Rain
3,2025-01-19 08:32:05,22.56005619309402,88.29758079713463,Rain
1,2025-05-01 15:16:07,12.93562020743739,77.6113691694724,Cloudy
2,2023-01-18 03:25:12,12.930685668142562,77.53119260535085,Clear
2,2022-10-03 01:08:34,25.4256508127006,81.8100669205013,Clear
1,2024-04-02 21:38:36,19.041795589843197,72.87412866297136,Clear
2,2024-08-03 05:38:21,12.997744861342438,77.58716909932069,Clear
1,2024-01-18 20:05:29,26.80570561264445,80.95508035760865,Clear
2,2022-12-17 17:32:41,13.041416889017583,80.2753308157241,Fog
3,2024-09-19 18:57:06,12.966538946165723,77.54842944894007,Cloudy
1,2024-05-08 23:26:27,17.409214463140312,78.46964310258863,Cloudy
2,2023-11-12 02:16:15,19.08327720235844,72.91220819341602,Clear
3,2024-01-17 23:39:48,13.131472335396664,80.27551396403153,Cloudy
2,2022-10-23 20:40:47,28.371095890996838,77.04381229613602,Clear
2,2025-04-30 17:32:04,12.95456123446186,77.57118862278948,Windy
1,2023-07-29 22:01:45,25.394615563498018,81.86831798931549,Cloudy
1,2024-03-14 03:46:35,25.443384118412418,81.85664829430186,Clear
2,2023-01-21 18:05:31,17.31836842080244,78.46979927982481,Snow
1,2022-11-19 21:54:29,26.842658993898375,80.92682990639088,Cloudy
2,2023-06-29 07:01:12,25.414135785105753,81.83037847661632,Clear
2,2022-10-09 01:15:03,13.082807227310424,80.23417751767168,Clear
2,2024-01-09 23:58:15,25.47448543885062,81.82773115885975,Clear
1,2023-11-20 09:22:15,22.580100508121884,88.31461715414915,Clear
1,2023-04-02 00:16:04,28.478985129182167,77.04805094251171,Cloudy
1,2022-09-25 18:11:01,28.505769078713264,76.99726975429155,Fog
1,2024-11-16 10:50:20,28.594061879176646,77.28154094892669,Cloudy
3,2023-09-06 10:21:24,25.434814158204265,81.84517349171695,Heavy Rain
1,2024-06-14 07:23:30,26.818848572302848,80.92013672841549,Clear
3,2024-10-22 17:23:09,28.57523660753643,77.22774740787558,Cloudy
2,2025-03-10 17:55:39,17.366141637438602,78.52816435292583,Clear
2,2025-11-23 03:54:22,28.561187098135928,77.19437857062778,Clear
2,2025-03-25 15:16:11,26.870421829816326,80.9554752225674,Clear
3,2025-09-25 13:34:23,28.605963372117245,77.23254145118815,Clear
1,2022-05-03 23:52:43,28.607374725446245,77.19222261200704,Snow
1,2022-03-05 03:40:23,26.831725802449874,81.01630314794268,Snow
2,2025-09-30 21:59:58,25.416952503955198,81.89399592894496,Rain
2,2022-06-11 15:26:18,28.61445943183528,77.20023504738971,Rain
3,2022-01-10 06:47:23,28.672146721917436,77.19233781047778,Clear
4,2023-09-04 07:04:59,28.632155830612337,77.2493274782074,Fog
2,2024-01-25 20:10:10,28.516619957217753,77.39705736769997,Clear
2,2025-03-10 20:39:56,25.482786096129235,81.88728487726215,Clear
2,2022-09-25 07:23:52,26.820506588675812,80.90151836299144,Clear
2,2023-10-19 12:47:27,19.069885113672452,72.83407808972328,Clear
1,2024-01-11 10:37:10,25.402688599361195,81.9220216198795,Clear
3,2022-10-29 09:01:15,22.565869388550144,88.38296143764644,Clear
2,2022-11-10 18:53:50,28.45733783782053,77.03231997371351,Clear
1,2023-04-21 01:46:33,28.627944884566205,77.21379405813596,Clear
2,2024-06-06 15:04:19,22.537856934459196,88.3446918242028,Windy
1,2025-09-20 23:23:25,28.49481861941048,77.0136849933762,Rain
2,2023-03-22 01:27:46,17.35524971108339,78.47694217570799,Cloudy
2,2022-02-23 20:27:19,26.841140867379632,80.93738964807874,Clear
2,2025-09-18 14:07:53,22.526372230873317,88.43173666647719,Clear
2,2022-03-31 00:53:54,25.412150096444446,81.87059338613841,Cloudy
3,2023-02-05 08:00:04,28.658434993398583,77.21660920484545,Heavy Rain
3,2023-10-28 04:41:55,28.524174312505163,77.40856630364513,Clear
3,2024-04-06 17:45:50,19.034027848621655,72.89336936932384,Snow
3,2022-10-17 09:09:51,17.43016488636159,78.4578175493559,Windy
4,2022-05-07 22:48:51,13.002365495409496,77.5614728221404,Rain
2,2024-12-14 16:48:15,28.646206568952937,77.2232132906597,Heavy Rain
3,2023-07-08 04:28:25,17.355877533629354,78.44872612043818,Windy
2,2023-04-23 18:33:35,28.66008455805461,77.25591536975878,Clear
2,2022-09-28 17:03:38,12.971823353933717,77.52991095144725,Heavy Rain
1,2022-05-21 23:26:10,28.61528238664208,77.18616605388381,Cloudy
1,2022-04-17 16:18:16,28.52342019693332,77.38273880334454,Rain
1,2025-02-04 09:40:01,22.568568408492826,88.32249200696626,Windy
1,2025-09-19 16:00:53,26.88620079236175,80.84967512296585,Fog
3,2024-02-26 15:47:25,28.642525324873237,77.21751275506384,Cloudy
2,2023-11-12 02:01:59,25.443511315209182,81.83275205144338,Snow
3,2025-06-20 10:33:56,13.032548427935035,77.69409078048037,Rain
1,2025-02-24 01:28:07,28.64251197432696,77.22612339213944,Clear
1,2023-11-10 17:56:29,22.54142563701582,88.36584705433181,Clear
3,2023-10-29 11:45:20,26.818314816618763,80.9722510124827,Clear
2,2025-06-07 15:32:01,25.42885402461596,81.78228169551275,Clear
4,2023-10-08 16:49:06,28.668229901828187,77.18359407183978,Clear
2,2024-11-27 00:52:33,28.46980989794013,77.09274348663628,Rain
1,2024-04-23 02:58:21,26.801469381877503,80.91255619793921,Clear
1,2022-09-14 22:17:53,19.029711172393398,72.84931707181293,Rain
2,2025-10-21 19:26:27,28.619688466915836,77.18426398864253,Windy
2,2023-09-30 09:50:52,22.578414921457743,88.32365904906213,Clear
4,2024-01-16 12:27:39,26.795999663361055,80.9503448591097,Snow
3,2024-05-15 05:06:05,22.59134105615934,88.40621535696154,Clear
2,2022-04-09 05:33:23,28.580417410205087,77.38737442368736,Rain
2,2023-06-06 09:37:36,28.393718656261882,76.96370529234522,Clear
2,2024-07-31 15:30:03,12.963727791917258,77.57263885917335,Cloudy
2,2025-11-08 10:49:23,25.410175138431025,81.90450609823742,Clear
1,2022-02-10 02:45:46,19.06539198730108,72.89381147364335,Clear
1,2023-03-13 14:44:44,19.074234127877393,72.828201140939,Clear
1,2024-10-01 08:41:59,22.535671442940668,88.3493902647863,Cloudy
1,2023-12-23 14:06:27,13.12729208751434,80.2374485341907,Clear
1,2022-05-25 10:06:57,28.551608363012978,77.45034643866474,Clear
2,2023-10-04 19:52:41,26.89846947609594,80.97214045384298,Cloudy
1,2022-02-26 06:58:44,17.37310625910921,78.4930747204854,Clear
2,2022-09-22 04:48:27,28.492384051405732,77.38158664262353,Clear
2,2023-12-25 02:14:15,26.850147927737787,80.97744325466275,Cloudy
3,2023-07-30 20:15:51,19.07108893201835,72.94832322570777,Windy
1,2023-06-17 07:00:56,28.579913775890105,77.45061448241061,Cloudy
3,2024-03-11 15:48:03,28.58623499499777,77.25238930855225,Fog
1,2023-05-25 10:09:37,22.566454135286797,88.42735115769793,Clear
1,2022-04-30 00:02:24,28.514809860952603,77.40250388223238,Clear
3,2025-08-10 14:18:05,28.482905610579934,77.00210760395284,Fog
4,2025-11-28 01:29:40,12.968415485168627,77.60528909386628,Fog
1,2025-08-13 00:01:00,26.827671628964364,80.94725144775825,Clear
2,2022-08-23 21:16:51,28.53600005241594,77.42288305413439,Clear
1,2025-01-18 09:08:53,22.56108344966652,88.32374618030889,Clear
1,2023-05-20 10:00:39,25.401903072356333,81.79793807840014,Snow
2,2023-11-10 12:10:07,19.11960375442372,72.909926409784,Clear
2,2025-11-23 02:08:25,12.973127845700605,77.58995177942731,Clear
3,2025-09-23 16:53:51,25.405841104181267,81.81529881783435,Clear
3,2023-10-23 13:10:58,28.45744544114799,77.38176601193598,Clear
2,2023-10-09 20:44:33,28.477671506292626,77.42484348258708,Windy
1,2023-11-18 14:05:51,17.335154133993434,78.55360621234722,Clear
1,2025-02-04 12:44:46,12.981084587514053,77.59561864235019,Clear
2,2022-08-11 01:56:29,28.45491078378626,77.01458708759534,Rain
2,2024-05-11 08:54:59,26.85961202950902,80.94840874925222,Clear
4,2022-10-08 23:17:00,19.043695808556908,72.88098672685813,Cloudy
2,2023-06-20 20:59:44,26.854506059015478,80.92968543825957,Clear
3,2022-09-13 05:44:03,26.892127906773727,80.96881291344242,Rain
1,2025-10-24 20:25:12,17.38805750988411,78.4611215406037,Windy
2,2023-06-02 11:31:45,28.57250145884929,77.40163895622631,Cloudy
3,2022-09-25 18:26:36,26.86753631507624,80.8969949109947,Snow
3,2022-12-01 12:16:05,25.48377977644248,81.84527987769783,Rain
2,2022-07-26 18:31:23,28.590194061511244,77.24438675054785,Cloudy
1,2022-08-25 09:14:28,22.54732442934674,88.40360884158528,Heavy Rain
2,2023-09-07 18:53:03,28.52996194522212,77.41336041057876,Clear
1,2025-01-20 00:22:45,28.645181662908573,77.26570555397349,Rain
1,2023-02-13 15:34:36,13.09628588117019,80.3424638827889,Fog
1,2023-12-04 19:22:34,25.43597798886449,81.89974963344542,Cloudy
2,2025-06-03 00:01:14,28.595902669447295,77.24399968517709,Clear
2,2023-04-21 02:43:33,13.129912462714168,80.26194381797636,Clear
2,2025-07-09 11:33:12,25.384066019996432,81.8571667746952,Clear
2,2024-11-03 04:10:25,26.86910196283615,81.0052854968516,Cloudy
2,2022-11-28 05:36:29,28.589875818365744,77.40447878112442,Clear
3,2025-12-17 20:51:25,12.96773658867739,77.5963033815107,Clear
1,2023-06-13 12:31:50,19.114828004931077,72.83782862565077,Rain
2,2025-10-17 00:22:52,25.431165104526983,81.84926792051591,Rain
4,2023-11-25 10:13:59,28.548794170926296,77.41085569688524,Clear
1,2023-02-25 03:48:34,26.830937113306014,80.96043966722989,Cloudy
3,2025-10-26 23:07:39,22.516413615152622,88.38515028642728,Heavy Rain
1,2022-04-27 14:02:16,26.840969003844805,80.9546143924784,Snow
1,2022-04-25 02:42:13,19.069716455810845,72.95974188225915,Cloudy
2,2023-01-10 17:08:08,17.443197205121283,78.5322383842713,Snow
2,2022-03-19 23:05:47,28.544084692627614,77.35173111580177,Snow
1,2025-12-17 16:48:36,28.645661026583568,77.26637971919773,Cloudy
4,2024-11-14 19:35:30,28.42571113442864,77.00596690036262,Clear
2,2022-03-01 03:09:42,28.58685815959147,77.36311856006303,Snow
1,2022-12-10 23:04:01,26.759639013445284,80.93016219397603,Cloudy
3,2022-02-10 05:56:10,12.99600139172775,77.55584858555414,Cloudy
2,2024-07-11 00:59:58,28.465608048154103,77.01426932943278,Snow
1,2022-09-09 22:21:25,22.634580877268117,88.36999196137701,Rain
1,2025-10-13 22:46:38,19.095175633294815,72.91332275455214,Fog
4,2024-10-20 01:00:29,25.432934978877412,81.85025572486046,Clear
2,2024-04-25 14:27:21,17.427719271137594,78.5571744003127,Clear
1,2022-12-16 16:08:28,28.613795651005645,77.2304032584234,Cloudy
2,2023-05-29 08:21:53,22.58246821058332,88.41919324350906,Cloudy
1,2024-06-01 01:27:43,17.388560312296512,78.53913041196066,Clear
1,2025-08-13 18:32:06,17.382746086078136,78.37016736708722,Clear
3,2024-06-03 04:01:18,26.903899607009176,80.93572816974408,Rain
1,2025-08-23 09:45:42,28.609496322695808,77.1714418035073,Clear
2,2023-11-24 08:17:49,17.409361484388377,78.52119673196678,Cloudy
2,2024-06-27 03:25:12,12.98642118720605,77.57550511473971,Cloudy
4,2024-08-29 06:52:33,28.584576192859128,77.1794353950454,Cloudy
1,2024-07-14 06:56:38,25.48490616996344,81.90448745680243,Clear
4,2023-07-04 11:31:32,28.38152701549322,77.07831925055612,Rain
2,2025-11-04 05:07:51,22.568364263914667,88.38935099408369,Clear
4,2024-07-08 21:09:16,19.072024107532783,72.84231510639735,Clear
2,2023-07-30 10:03:56,28.60216250253089,77.19046385829192,Snow
3,2023-01-09 03:52:11,28.426874363079712,77.06920084972138,Clear
4,2025-11-13 00:16:20,12.973208632761713,77.58610959372986,Heavy Rain
2,2023-06-19 05:59:10,25.44082564389178,81.81784065671538,Rain
4,2025-04-13 08:24:43,12.907869355686367,77.61417187519274,Clear
1,2024-11-05 13:12:49,25.44455916081759,81.8134727127589,Windy
1,2024-08-01 16:05:45,12.990064884063921,77.61574086964323,Clear
1,2022-02-12 07:17:32,19.0286176033723,72.89957288216107,Clear
2,2023-07-09 13:44:21,26.867715157685584,80.90053249869895,Cloudy
1,2023-12-09 06:43:22,12.976807322218257,77.58860602933113,Cloudy
4,2022-05-09 15:58:42,26.87056934092629,80.98441172218209,Fog
1,2025-10-03 11:32:54,28.57911276747886,77.24935196396717,Clear
3,2023-07-07 21:43:15,25.498954378934446,81.83811421388403,Fog
3,2023-03-17 17:25:14,19.044988621406493,72.87691653702261,Clear
3,2023-06-15 08:30:19,12.957126405941674,77.56475995939387,Cloudy
4,2023-05-09 17:01:19,28.533448752347613,77.38257540998535,Clear
1,2025-04-28 18:19:57,17.39272207815075,78.4743769288391,Clear
1,2023-03-18 08:50:49,25.458724292786986,81.90503648826146,Clear
2,2025-06-27 23:00:29,26.787027972174485,80.91634891559595,Rain
2,2024-03-09 12:06:05,22.587571913052273,88.35414623840062,Clear
2,2024-04-30 07:51:08,25.37650862515711,81.81666482352257,Cloudy
1,2025-12-26 03:48:28,28.496180325802257,77.3383168023576,Clear
3,2022-11-24 02:16:53,28.506280953130865,77.40278104996469,Clear
2,2023-02-22 15:59:37,28.602173673779358,77.16934236894178,Windy
1,2025-03-05 14:41:50,26.851262742098662,80.96632634423612,Rain
2,2022-09-10 09:36:59,17.380684094032684,78.46954414396183,Cloudy
1,2024-10-31 08:04:33,13.013001517128563,77.61234417210399,Cloudy
4,2024-12-22 20:18:52,26.820629890230265,81.01684979993341,Clear
1,2022-04-23 19:18:51,26.884938389513742,80.96718043553572,Clear
3,2022-09-06 17:53:45,17.356659258641358,78.44290702296178,Windy
4,2023-02-01 22:50:06,28.604769521956396,77.26794596422192,Heavy Rain
1,2024-06-21 18:39:11,19.088734415200243,72.88981120438189,Clear
2,2023-01-12 15:39:46,12.96052090038766,77.58728276064146,Cloudy
2,2024-09-23 00:37:24,26.844089256304716,80.95822591373124,Clear
2,2024-11-14 09:47:41,28.641267988740818,77.20671064182416,Rain
1,2023-07-07 16:48:23,22.57155197935298,88.31323867539541,Cloudy
3,2024-04-17 07:14:54,28.585870567934304,77.26376034343701,Clear
3,2024-10-26 22:09:03,17.376922484676406,78.45880546659151,Heavy Rain
3,2024-06-28 09:33:02,28.471889190977226,77.0928428797918,Cloudy
1,2023-03-11 13:17:28,28.62721178276106,77.26272926089345,Clear
2,2025-06-16 13:06:28,28.556266780987098,77.4001650022536,Clear
3,2022-09-23 21:40:37,28.47617437724586,77.40385617857473,Fog
1,2025-04-15 15:21:10,28.513082002147538,77.40569561179771,Cloudy
1,2025-06-18 03:41:27,17.38101431872925,78.48722618739396,Clear
2,2024-10-05 08:55:36,22.617735776686867,88.33617110675289,Windy
2,2022-10-14 04:12:55,28.56221618080016,77.39339488589228,Cloudy
1,2025-01-26 21:45:56,19.114942200682115,72.87521078982094,Fog
3,2025-09-11 04:22:03,22.521844289153716,88.35686364298466,Heavy Rain
3,2022-05-25 00:42:53,28.60098916349619,77.21468399672818,Snow
1,2022-07-10 16:17:21,26.85969223672145,80.94683808489981,Clear
1,2025-05-28 06:23:29,28.606080178454043,77.21787575295919,Clear
2,2024-09-13 21:11:04,28.41454547405657,77.03753803081685,Clear
1,2023-01-31 12:51:19,13.091687414006365,80.26270346096668,Fog
2,2023-04-27 12:38:29,12.926224656854526,77.56068082294956,Clear
4,2022-01-25 12:43:38,28.41395361505913,77.01898635275694,Clear
2,2024-08-22 09:56:45,17.378492260435173,78.47081354266057,Fog
2,2023-07-02 01:02:17,28.47952828544306,77.01258990315348,Clear
4,2024-02-29 09:03:48,28.454162511259153,77.00676652924635,Clear
1,2024-05-10 02:57:43,26.8621842367339,80.94046175622478,Cloudy
1,2025-07-23 08:31:02,12.97057895552707,77.59947618707554,Rain
1,2022-04-09 15:34:35,13.02723471665019,77.64309032235798,Clear
1,2024-06-06 05:32:11,26.803076227551127,80.90623048752576,Cloudy
1,2025-04-18 00:44:37,28.609622924713577,77.25136339131717,Clear
2,2024-07-07 08:32:49,17.44891771674614,78.45493198021155,Clear
1,2025-05-24 17:27:54,28.553353455592255,77.37095948831558,Clear
1,2023-10-16 20:27:20,28.659242765374113,77.23482253647015,Clear
2,2023-07-22 16:36:10,28.549843307987736,77.38499939897902,Clear
2,2024-11-06 23:47:34,12.959865078391894,77.5501894592588,Cloudy
2,2023-01-06 21:44:50,25.44144854673721,81.83740559618835,Snow
2,2023-09-19 12:40:17,19.099957255864393,72.83359972358218,Clear
2,2022-04-07 07:57:49,19.050462375927847,72.89810677558374,Rain
2,2024-02-27 08:16:34,25.383055448538087,81.80436436672386,Heavy Rain
1,2022-06-23 05:05:33,26.846802408833778,80.95242679369942,Clear
1,2025-09-09 03:24:58,12.97549281671943,77.58314360487246,Windy
1,2023-05-24 01:11:51,28.642268969963144,77.27827667664344,Rain
4,2023-06-13 17:38:25,26.843013165702295,80.97683300202071,Cloudy
4,2023-02-11 15:48:14,28.602659673450447,77.24628951723835,Clear
1,2024-05-17 11:00:39,25.488074990689526,81.8524879609754,Clear
2,2025-09-17 20:19:00,28.535523706670254,77.263051672044,Clear
2,2023-10-19 07:56:34,28.6205359956837,77.18838454362398,Clear
1,2024-03-06 03:43:28,13.080787356933245,80.26522233729898,Cloudy
1,2025-05-15 11:31:48,28.45290295990844,77.01220520264843,Clear
2,2023-04-27 22:29:44,28.514278619195096,77.04411166225623,Cloudy
2,2025-07-30 23:59:14,28.59226887741329,77.23858481066124,Cloudy
2,2022-04-06 19:24:10,22.602523062786968,88.3826063987274,Fog
1,2022-06-14 11:21:34,28.596563695630564,77.20453432617799,Clear
3,2022-05-12 17:59:06,28.57293197744549,77.2451116666575,Cloudy
2,2025-06-25 23:09:57,28.556715239491545,77.3393535538766,Clear
3,2023-05-27 05:39:21,17.360052774031036,78.48692917883228,Cloudy
1,2025-12-06 21:28:06,19.03065300811848,72.94343147124073,Cloudy
2,2025-03-21 17:54:27,25.507731745990675,81.81568055529684,Rain
3,2024-11-19 05:35:57,28.601709041471246,77.42042727803197,Rain
1,2022-07-01 15:18:01,28.567515151981667,77.25611361983519,Clear
3,2022-02-12 02:41:46,26.80474535189127,80.96260460385373,Clear
2,2022-12-29 00:03:04,28.504579456298334,77.39303855262308,Rain
1,2023-10-15 16:51:16,19.07097615469583,72.97596777741477,Clear
1,2025-02-15 20:37:01,12.924011231930987,77.55185495480171,Clear
3,2022-02-12 03:59:40,28.373464069930783,76.99227323047181,Cloudy
2,2024-08-30 03:48:25,28.470528183012547,77.06991987436524,Clear
1,2025-10-14 07:40:32,28.540989125828766,77.36103334633928,Cloudy
4,2022-12-19 05:12:53,25.441513946920224,81.79492286378265,Fog
1,2025-03-13 23:45:49,25.429459719314405,81.8090418709421,Clear
3,2022-06-14 07:34:08,28.654889167265814,77.21276337501509,Heavy Rain
4,2025-02-18 13:35:08,28.54368527853532,77.43177468088975,Fog
2,2023-03-27 02:01:33,26.842192366665124,80.9421664326282,Rain
4,2022-07-27 04:41:15,22.581646106101168,88.35247310816771,Heavy Rain
2,2024-07-19 16:08:53,28.574328439326628,77.35350953729089,Clear
1,2024-10-21 02:12:25,17.349857212846576,78.51975348279923,Rain
2,2024-03-26 03:21:39,12.983102540903168,77.57451630301314,Rain
4,2022-06-21 12:52:36,12.997483595033932,77.5449183498489,Clear
1,2025-09-14 10:30:12,19.115184814094338,72.86096185872496,Windy
3,2024-01-27 03:12:48,25.44676379409306,81.81790995948373,Rain
1,2023-09-18 10:02:50,28.54568049167254,77.36823103013855,Rain
2,2025-11-10 09:17:54,28.66933777543372,77.14753194179322,Clear
1,2025-02-20 22:40:22,25.476789542142846,81.81099090511422,Cloudy
2,2025-11-10 02:47:14,25.40031721906606,81.82097732118282,Cloudy
4,2025-01-29 01:10:22,28.494478333123745,77.02225550688138,Windy
2,2022-10-21 10:38:57,28.60170920617346,77.21573291244631,Rain
1,2025-12-16 03:07:56,26.85143488779933,80.89554737772598,Clear
3,2022-12-08 13:34:34,28.473268242056438,77.020280739819,Cloudy
2,2022-09-23 14:28:18,26.906089892579928,81.01575903088846,Clear
3,2022-03-30 01:35:12,28.639060219683927,77.16225871472932,Clear
1,2023-07-23 10:02:16,28.427887873688658,76.966438151539,Clear
1,2025-05-17 04:30:55,25.512477492997373,81.84969642195355,Heavy Rain
1,2025-08-29 18:36:03,28.5532870042865,77.00544201488042,Clear
4,2022-01-20 20:03:01,12.927998184256024,77.59711222391832,Fog
4,2023-03-30 06:56:46,22.524843520123397,88.33141069564704,Heavy Rain
2,2024-01-11 07:27:08,28.418349294366656,77.02514687107562,Clear
4,2024-07-26 21:46:19,19.0686204130046,72.91200976468883,Fog
2,2023-01-03 18:11:25,28.608604533608062,77.21798398308121,Clear
1,2025-03-30 00:41:41,26.91662818715795,80.91208426863307,Clear
1,2022-03-02 00:54:34,28.56421604589802,77.13970625220398,Cloudy
2,2023-12-26 01:37:03,19.084101155387458,72.88854053260805,Cloudy
3,2024-06-17 16:53:49,28.642693884930097,77.2207361039739,Fog
1,2022-01-15 15:28:20,13.139500659456493,80.2950678288897,Clear
2,2022-12-09 05:03:32,25.452016050213476,81.85911825136144,Clear
3,2024-07-14 22:23:50,28.447873079935032,77.07651819903279,Cloudy
1,2022-06-28 08:36:34,12.931172353266396,77.59328614195198,Cloudy
4,2025-07-23 17:18:47,13.00518515623348,77.63064153575081,Clear
1,2024-02-12 07:12:44,22.546447394202964,88.33427785529706,Clear
2,2025-04-06 06:19:41,28.636316994728414,77.25331891436625,Cloudy
2,2024-08-03 18:25:10,13.035614116468903,77.6727321111615,Clear
1,2024-12-11 08:48:21,12.947512010842638,77.59742085384104,Clear
1,2022-12-31 01:20:46,19.02839917482913,72.87024990410353,Clear
2,2022-11-23 11:13:37,28.622493145516458,77.19271371185806,Cloudy
2,2024-10-06 11:13:23,28.494289550491686,77.06828522924128,Cloudy
4,2025-03-29 02:38:52,28.451871106526372,77.00403822541226,Snow
2,2022-05-09 05:47:46,22.57012071032294,88.36708937035387,Clear
1,2023-01-21 05:52:57,19.01691923543911,72.88611619606806,Clear
2,2022-02-12 20:05:46,28.613530524779172,77.24176537579449,Fog
1,2025-08-14 08:21:01,13.001723989747903,77.5654497853696,Clear
3,2023-04-11 04:03:55,28.634638235341633,77.23105377984544,Fog
3,2025-05-23 15:31:36,25.51690738179652,81.8082861609786,Cloudy
1,2022-01-25 05:58:24,26.85502563047221,80.93728872048952,Cloudy
2,2023-02-03 17:10:03,28.44480806006716,77.00291162425589,Fog
2,2024-03-08 00:16:45,22.58104631211548,88.30936195530012,Fog
2,2024-12-13 12:19:02,22.566224379564975,88.37374240889044,Clear
2,2024-05-28 08:29:31,25.47486345330204,81.82708657355516,Rain
1,2024-10-28 09:46:34,22.589471392902688,88.38924329708772,Rain
2,2022-12-16 16:20:54,28.62208245037178,77.14580283479322,Clear
3,2022-03-12 12:11:00,13.10126200155847,80.2813572270588,Heavy Rain
2,2025-09-24 15:04:34,26.798824487806908,80.92442506658998,Clear
1,2022-03-27 10:45:11,17.352289213678556,78.48941548863202,Clear
2,2025-07-15 18:42:32,19.090428889091214,72.89088298072376,Clear
2,2023-03-14 11:01:01,13.028303906175227,77.62453729224504,Rain
1,2025-03-09 04:13:40,13.001496987701449,77.58649917247543,Clear
4,2023-01-07 09:30:28,28.43994142978921,77.05001375686014,Clear
3,2022-05-24 23:43:37,12.955845678434715,77.61235549949704,Clear
1,2023-11-05 18:08:13,12.957406355788315,77.59770023452958,Clear
2,2022-03-07 10:34:27,12.959368506672892,77.5576684919379,Clear
3,2023-11-09 01:19:47,19.035520567402642,72.9225433528733,Cloudy
1,2024-01-28 08:47:28,26.80393801190344,80.96636331548507,Clear
4,2025-01-14 17:15:37,19.077912380457576,72.84995820093701,Clear
1,2023-07-27 15:29:03,26.776731926548575,81.0007519280937,Clear
1,2023-05-15 06:56:19,28.643202332035504,77.23433297957556,Rain
1,2024-04-30 15:02:41,12.9594863504877,77.62433756739473,Clear
2,2023-04-20 02:33:00,19.051568897337567,72.89943225449113,Clear
3,2023-01-27 04:55:41,17.412809067937467,78.50442436194827,Rain
2,2025-04-30 07:52:12,25.441298452772536,81.84870382483777,Clear
3,2025-10-10 11:50:31,28.590865839366536,77.37901667006315,Rain
1,2023-05-04 10:26:24,13.090375811959623,80.27193533867609,Rain
1,2022-09-01 01:11:35,17.444700121648236,78.51900839314719,Clear
2,2023-01-29 23:46:01,28.49753352480444,77.41805961523312,Clear
1,2025-09-25 12:49:59,17.356414069685698,78.42966612450121,Rain
2,2023-11-02 01:41:53,28.583276224416196,77.23307183555039,Clear
2,2024-08-20 12:46:56,28.511442594797458,77.42943825312332,Fog
1,2023-02-18 14:00:17,26.877563639807022,80.94712501171702,Clear
1,2022-06-09 07:04:24,19.054357224298457,72.84987872235494,Rain
1,2024-01-30 23:22:39,28.63090115016094,77.28274290637921,Cloudy
2,2022-02-19 11:44:21,28.606271718281477,77.20081322050943,Clear
3,2023-09-09 01:29:05,25.440949963675454,81.86133569561599,Heavy Rain
3,2025-01-19 12:05:45,25.389862627693123,81.80478222084712,Clear
1,2024-11-14 07:33:10,28.58580473993213,77.27699020125908,Cloudy
3,2025-08-30 19:59:40,26.820451066520956,80.91654555195231,Heavy Rain
1,2025-06-25 16:06:56,12.994373367007723,77.60950688384855,Cloudy
4,2022-07-25 22:25:52,25.444987601179815,81.81885426495741,Clear
1,2025-03-09 15:46:39,28.559716906360762,77.19669807273436,Clear
2,2023-06-14 08:04:17,28.44412956331186,76.98538250655439,Clear
1,2024-07-02 02:34:03,28.597917992499735,77.16157198769788,Clear
1,2022-02-21 05:46:18,25.405650554478477,81.86912587597905,Clear
3,2024-10-07 22:07:06,19.142762173539364,72.84349225588808,Snow
1,2022-06-08 10:01:52,13.039182444183673,80.27350144442254,Clear
1,2024-07-04 23:07:16,19.165314403310035,72.86395855437705,Cloudy
2,2022-03-27 03:34:37,19.124268899110902,72.79670426060646,Windy
1,2025-10-14 07:26:00,26.863821242272323,80.9049078137719,Cloudy
4,2025-09-16 17:52:29,28.507600906722896,77.03334744272036,Clear
3,2023-06-24 15:31:24,22.58408034012942,88.37578354818923,Clear
3,2023-01-01 09:41:10,22.568347951309587,88.33379991337073,Rain
3,2023-03-30 13:30:52,26.87480324742818,80.96188343746729,Clear
2,2024-07-09 05:27:04,28.572088033888136,77.20909881198367,Clear
3,2025-08-22 00:01:55,25.439653765501472,81.80655686841838,Cloudy
3,2022-04-08 08:54:30,28.572949870974607,77.23272871513598,Cloudy
4,2023-06-20 14:50:27,28.365340352902624,77.01707222398795,Clear
4,2023-04-28 17:50:31,28.466187163604843,77.02139708799791,Cloudy
2,2023-12-07 18:58:43,19.118570285978404,72.85702267979191,Clear
3,2024-08-01 21:16:18,28.45643562587413,77.01844229827822,Clear
1,2025-03-27 12:03:27,17.470259479348027,78.43997443140232,Cloudy
2,2025-03-25 22:39:05,19.082782954981848,72.91364746052255,Heavy Rain
2,2022-03-10 00:36:26,28.532406934936574,77.46837414041056,Cloudy
1,2022-02-28 04:13:59,28.677324920555773,77.15778122300232,Clear
2,2025-02-26 06:30:52,19.04803853856674,72.91369676532166,Clear
2,2023-08-07 08:07:18,28.53498382986941,77.34600520422012,Clear
1,2024-03-18 23:29:12,25.50048140671198,81.88097487963184,Cloudy
4,2024-07-06 23:12:55,26.762480265168943,80.97712226994868,Snow
2,2022-06-10 01:47:14,12.948749335849548,77.5935475284036,Clear
1,2025-08-05 02:34:37,28.604731924775148,77.12723756382425,Windy
1,2025-05-19 11:10:43,28.46746683035875,77.3941648724788,Windy
4,2024-02-23 18:03:30,25.387344753863278,81.83110741623842,Rain
2,2025-02-02 11:00:49,28.61077788458079,77.2653602543169,Rain
2,2022-10-24 19:40:00,28.585099850448465,77.2542699406237,Heavy Rain
3,2025-09-04 20:30:42,28.509828826809084,77.35985131052051,Cloudy
3,2025-10-13 07:34:07,12.945970115634942,77.57523563194596,Clear
3,2024-01-04 10:19:11,28.63704035250315,77.22685882778418,Cloudy
3,2024-07-23 13:57:33,12.949548304902809,77.56890433468577,Cloudy
2,2024-01-24 10:49:12,28.429537029479967,77.03049439817086,Cloudy
4,2024-08-23 03:08:22,28.646406863727652,77.19366724731638,Fog
1,2024-11-21 12:12:50,22.54519967213959,88.33028435661056,Rain
2,2022-09-07 10:33:34,28.60662924884278,77.15744477394517,Rain
3,2022-12-02 07:08:35,28.551980410078137,77.42557420474579,Clear
1,2025-06-29 15:48:10,17.473357824681266,78.49967981624488,Heavy Rain
3,2024-07-22 18:21:43,26.804411199222084,80.98598120602867,Fog
1,2025-09-10 09:37:07,26.853762478757982,80.93227909005141,Cloudy
2,2024-06-10 15:00:12,28.580496709684407,77.2235438297843,Cloudy
2,2023-07-03 18:27:46,17.35863786764432,78.48272427434043,Rain
3,2022-03-11 02:46:51,28.635440373795195,77.13427773382337,Fog
1,2022-02-23 22:14:53,28.58756989123835,77.21654409722535,Rain
2,2022-04-30 03:16:17,26.839451670008394,80.93257380969551,Fog
2,2025-04-18 08:44:05,28.665088563394203,77.20061576900903,Snow
1,2025-08-09 02:39:23,25.4238543419869,81.83742015927268,Clear
4,2024-06-22 00:47:39,12.861751986681808,77.58980536478072,Heavy Rain
3,2023-10-29 14:01:08,28.472577869196737,77.01740985192396,Rain
2,2024-12-27 06:18:26,28.615988166279394,77.14549921575137,Clear
1,2025-10-16 22:55:37,28.631273357628512,77.1712184128149,Clear
2,2025-07-05 03:56:40,13.068493076196908,77.58579568349356,Clear
2,2022-12-26 20:29:21,28.541765731998034,77.36423522946443,Fog
2,2023-03-05 23:07:02,28.491432728099312,77.3558139705901,Clear
1,2022-11-05 18:29:22,26.84119706490881,80.9789885010923,Rain
4,2025-07-08 10:15:17,26.829514435220776,80.90550140490687,Clear
2,2023-03-10 20:05:27,17.371304391362084,78.45286429145432,Heavy Rain
3,2023-05-19 08:59:07,12.995375283699383,77.56974521876069,Rain
1,2024-10-12 15:45:25,28.608431327956282,77.24567490797995,Cloudy
1,2024-09-10 20:30:23,26.785738256066583,80.98610046502404,Fog
2,2025-11-09 07:46:47,12.92039145620626,77.60312670075214,Clear
4,2024-03-05 11:13:13,13.011743700388932,77.59232949956314,Fog
2,2024-04-25 14:31:02,28.504021937953034,77.41235854902264,Clear
2,2022-06-14 18:26:19,28.475296298866017,76.98681574083777,Clear
2,2023-06-27 04:45:09,19.026126008986463,72.84359416083365,Windy
2,2022-07-10 08:21:40,19.05137272445618,72.90367734868494,Cloudy
4,2022-01-05 06:37:05,13.061443693408519,80.28566868698535,Clear
1,2025-08-03 08:59:00,28.632004639957646,77.23102333631034,Snow
1,2023-11-03 04:12:43,22.553950196069895,88.32424477019765,Clear
1,2024-09-21 15:57:36,28.536401437282315,77.37451502027365,Snow
2,2025-06-11 09:15:25,12.962116726431807,77.63526241204745,Cloudy
1,2025-08-20 18:40:10,17.366852593218148,78.46944316262353,Cloudy
4,2022-03-18 16:10:29,17.404828934547858,78.46400357799934,Fog
1,2022-01-28 07:04:09,28.47135653567981,77.02210606069289,Clear
2,2024-01-18 09:02:34,28.5755248115725,77.39472728931015,Rain
4,2022-10-28 10:23:47,28.538958841575575,77.36342846098329,Clear
3,2022-01-07 07:56:49,28.579228187181798,77.19698829509596,Clear
1,2024-06-12 04:08:34,12.95903039301619,77.54908424198773,Heavy Rain
2,2022-03-06 05:00:23,19.100089089877034,72.89687086425582,Clear
1,2023-06-02 06:09:23,19.06864427233554,72.8647998082641,Rain
2,2025-12-02 03:11:31,28.609677493805457,77.1967540127807,Snow
3,2025-01-16 17:53:52,17.366279973307286,78.42889611002994,Cloudy
1,2024-12-01 05:58:04,28.50736278795162,77.43357848813923,Cloudy
4,2023-03-14 17:30:52,28.608795444845974,77.17521113264534,Cloudy
3,2024-05-06 21:04:25,17.387734049236922,78.47176247351769,Clear
2,2022-10-30 15:01:06,28.46229259510013,77.03803983421913,Rain
1,2023-02-09 22:06:59,26.86730761070281,80.93834895836721,Rain
3,2025-08-22 19:26:15,12.944196992225468,77.60806976976387,Rain
3,2023-12-31 10:11:07,28.475502868418225,77.07394656607151,Rain
2,2022-04-10 18:10:41,17.393086061401,78.44970442235807,Clear
2,2023-08-04 10:02:43,28.565032650905856,77.40206307377382,Clear
1,2025-03-10 05:04:36,13.006935508876193,77.54158992718295,Rain
3,2023-06-06 20:55:22,22.582026103324626,88.33896499935221,Cloudy
4,2024-06-08 16:24:10,19.03870953911573,72.90093625941337,Heavy Rain
2,2022-07-25 02:46:50,22.611476361034512,88.39033147408314,Rain
2,2025-01-17 14:15:21,19.142050812158494,72.83650628782293,Clear
1,2025-11-17 20:53:14,28.598838991633716,77.28701653035834,Clear
2,2025-12-11 14:54:39,19.03704275645845,72.89285723813595,Rain
3,2024-11-02 19:28:27,28.502298233457687,77.39355864890334,Clear
4,2022-01-29 06:57:00,25.467393734994474,81.85762713653796,Heavy Rain
2,2024-01-19 00:17:26,22.582420123808554,88.34349746765403,Cloudy
1,2022-01-12 07:09:49,28.542324660223482,77.36093136069334,Clear
4,2022-01-01 22:17:30,28.64039696006368,77.23314790969137,Snow
4,2022-05-19 20:09:53,28.610120578663917,77.21390630108506,Clear
2,2024-02-29 07:34:41,17.426693231831326,78.52418001592693,Clear
2,2024-11-23 22:24:00,19.04719963382507,72.9816328327711,Snow
2,2025-01-20 20:27:36,19.145474190887334,72.83490328018716,Clear
2,2023-06-15 03:33:08,13.12105557092419,80.28240951720883,Cloudy
4,2023-12-15 13:41:30,12.993990812734461,77.6104373759636,Clear
2,2025-03-17 21:08:16,28.50046018547402,77.44701390546113,Fog
1,2023-01-19 18:42:56,17.461959296339145,78.49871743719352,Clear
3,2023-04-19 17:25:00,19.023305003064312,72.86852426279563,Clear
2,2024-08-13 01:14:04,19.093635097696037,72.88068185754898,Snow
1,2025-09-07 07:17:17,26.85560870053629,80.92344184198198,Windy
1,2023-11-24 19:12:56,17.250717055803925,78.52998913631446,Clear
2,2022-07-15 19:39:02,25.396498459537312,81.90467292765516,Clear
1,2025-05-19 03:38:07,26.874158454116646,80.92634816971447,Clear
3,2025-05-22 10:59:22,28.62419057397573,77.15638957256402,Clear
2,2022-04-17 06:46:38,17.338246060419735,78.55136810010299,Rain
3,2025-07-13 03:09:13,12.94658855157565,77.54775803611373,Cloudy
2,2025-08-16 10:08:46,26.891642809678977,80.94024396140098,Heavy Rain
3,2024-09-12 21:25:39,17.408278711803252,78.52522799318979,Snow
2,2022-09-28 12:43:43,25.56189912475338,81.84775561736454,Heavy Rain
2,2023-11-06 17:36:23,12.924725538958015,77.54150995542221,Clear
1,2022-12-08 09:03:29,28.54061037134215,77.37601491341526,Fog
1,2023-10-24 21:18:29,12.942235505304463,77.58541766060439,Rain
4,2023-03-29 00:23:06,28.57870599425676,77.40597432511876,Heavy Rain
2,2022-10-07 13:14:30,28.649847114940556,77.18632446986237,Snow
3,2024-11-25 11:42:38,12.928813227113887,77.6130693776155,Cloudy
2,2024-03-29 05:14:21,12.9176524820746,77.62874155344849,Clear
3,2025-08-07 17:17:31,28.419950844522543,77.03988854994896,Rain
1,2023-05-27 01:06:58,28.493380794733667,77.00917892002016,Clear
1,2025-08-20 06:04:50,17.395589961722752,78.48715516673941,Clear
3,2023-04-24 21:51:04,22.60277201566913,88.3599968386223,Clear
2,2022-07-20 15:38:17,19.04445451023329,72.9117043098839,Clear
2,2024-05-28 18:15:00,13.135575607803874,80.27996884848628,Heavy Rain
1,2023-10-20 14:57:16,26.85584915758915,80.93169193238863,Clear
1,2022-05-14 12:11:36,19.108581058397714,72.94106828674474,Clear
3,2023-06-24 06:03:26,12.945635489364705,77.58123800811642,Clear
1,2024-10-08 15:46:36,22.58153749609609,88.37192433943834,Heavy Rain
4,2022-07-20 04:01:27,28.517306117223924,77.39759540281473,Snow
1,2023-03-03 23:08:00,28.410909342209028,77.00837588165683,Clear
2,2024-03-15 03:50:21,22.627100631139456,88.37044527025162,Clear
3,2024-04-23 13:07:13,28.47280620856619,77.0298841530885,Cloudy
1,2023-01-06 18:03:19,25.393320073035937,81.87652619274103,Cloudy
1,2022-03-05 08:25:52,19.128315585254427,72.8301279555968,Clear
2,2023-07-08 21:43:37,19.040879816623463,72.84379115600878,Fog
3,2025-05-15 15:11:41,28.599573079867348,77.17203609507845,Clear
1,2023-08-06 07:57:28,28.653433320030878,77.22557774220948,Rain
2,2023-12-04 15:51:02,25.463463687678743,81.86451793738199,Windy
2,2025-08-06 00:58:48,22.608968164769188,88.34521998339844,Windy
2,2023-07-04 16:36:41,22.603712900195756,88.37626878291107,Rain
4,2022-02-24 23:53:43,19.075358167667822,72.87359063948793,Clear
2,2024-08-08 17:46:10,28.504649820317056,77.39416084297223,Cloudy
2,2023-01-03 17:28:56,22.51920181567496,88.34300597902346,Clear
3,2023-05-10 18:45:25,19.072498563679428,72.91516231423773,Cloudy
1,2024-06-20 12:15:20,28.586744749305392,77.24522283571073,Rain
1,2022-01-19 08:14:25,28.53764702824843,77.38007540213606,Cloudy
1,2023-07-26 13:59:45,26.82321493891411,80.98427270990031,Clear
2,2024-02-23 12:03:15,13.008736465071426,77.60457100649003,Cloudy
2,2025-05-25 06:43:42,28.635029963419047,77.25805251212932,Cloudy
1,2023-09-02 08:57:01,28.496235991985557,77.38913682163529,Clear
3,2024-06-10 00:20:56,28.550614942271157,77.37088889774631,Cloudy
3,2023-07-20 20:34:28,19.07308898798229,72.9259067260335,Clear
3,2025-10-06 12:57:46,19.085517920682918,72.87588285744285,Rain
3,2023-06-28 08:57:31,28.624051323106887,77.22278967002613,Cloudy
2,2025-09-22 23:45:03,12.968554467183866,77.57419070090364,Rain
1,2022-07-31 23:32:24,28.400119611098507,77.04332576276336,Clear
2,2024-11-24 19:23:02,28.51711993472936,77.42441740838433,Clear
3,2022-04-15 08:25:00,28.593520652812195,77.192830854071,Clear
1,2022-04-02 21:17:10,26.848409089368293,80.91353025566515,Clear
1,2025-06-02 20:51:52,28.614129176210145,77.26273647066819,Clear
3,2024-01-03 01:18:34,13.0635717593752,80.2713822908147,Clear
2,2024-08-31 16:48:04,12.95647576349047,77.68003233879098,Cloudy
4,2023-05-05 21:54:35,28.647171975559427,77.17658782424779,Clear
2,2022-01-25 07:44:51,22.55370956206469,88.36888417033198,Windy
4,2022-08-22 03:44:26,26.819385838792495,80.95031311667054,Cloudy
1,2024-03-28 14:01:01,26.86175271769286,80.92332082595513,Cloudy
3,2025-12-04 18:12:26,28.577987835918766,77.22305130886546,Clear
2,2024-08-16 20:13:33,28.435459191782414,76.99068876633557,Clear
3,2025-06-05 08:56:24,28.429536232157023,77.02975292171391,Clear
1,2023-12-22 22:05:29,13.131777335632615,80.2856889039131,Snow
1,2024-07-24 00:55:38,28.584696829088585,77.2068120181138,Cloudy
3,2025-11-24 23:01:46,17.371966448510207,78.43534546606328,Fog
1,2024-06-07 14:25:16,28.537205083778783,77.43096637879388,Clear
2,2023-01-02 14:27:47,28.65086145622605,77.15616569321355,Clear
1,2023-05-23 06:28:26,28.53407175920476,77.33496526443636,Clear
1,2024-07-30 17:55:23,17.42108956521382,78.51735966339028,Clear
2,2023-10-22 18:53:53,28.660195999115793,77.21358892686625,Cloudy
2,2022-01-21 15:58:42,28.63730535768454,77.16240730040225,Snow
1,2025-08-28 17:24:20,12.999045956080357,77.5956105368061,Clear
3,2025-09-30 04:27:24,25.437535713968156,81.86057576678141,Cloudy
3,2024-05-08 20:38:17,28.569693762624805,77.19202045202651,Clear
3,2022-10-19 15:15:15,28.556174081569544,77.34168554950169,Cloudy
2,2025-02-03 16:23:17,28.491543542710364,77.07084175596775,Rain
3,2024-04-09 12:24:45,26.830538923552883,80.90055988877572,Clear
2,2024-01-24 03:54:58,22.605578050614877,88.3997523126451,Clear
3,2022-07-10 00:52:18,22.58183609730225,88.3129884837998,Clear
2,2023-01-08 14:03:14,28.483538962340848,77.01265855454915,Cloudy
3,2022-07-10 09:02:00,25.48538314579043,81.87608279247215,Rain
2,2025-12-30 08:44:03,13.096518700714427,80.2522842120129,Clear
2,2024-03-06 22:23:20,28.528202274916616,77.37238785046635,Cloudy
4,2023-02-15 22:01:52,12.956891632379726,77.63610678894004,Clear
2,2023-11-19 02:33:27,19.07881327900732,72.92566107750488,Cloudy
2,2023-09-02 17:17:30,28.63663617027895,77.14924299662226,Clear
1,2024-12-27 03:37:51,28.414892142674326,77.09625517208364,Cloudy
2,2023-07-17 04:38:59,28.449498234938726,76.98752984403946,Clear
2,2022-01-24 19:48:05,28.480650093697555,77.00704851794042,Clear
1,2022-09-10 07:59:00,19.04020276156543,72.87730909839522,Clear
3,2025-05-02 13:14:13,13.07418077338217,80.27473339534403,Fog
3,2023-11-23 14:03:32,26.83704441154642,80.9398385466227,Rain
1,2022-07-11 04:22:51,13.087365344268004,80.32465139385224,Windy
2,2025-07-25 23:23:44,19.059201513082023,72.84759444272585,Clear
1,2025-05-27 21:21:59,12.964876336177962,77.5893982865799,Cloudy
3,2022-12-30 23:59:50,26.802634904556115,80.94474373766204,Clear
1,2023-12-30 07:22:17,28.661188113121796,77.24096868817809,Cloudy
1,2025-06-24 21:45:18,17.416145082102783,78.49672324690503,Rain
2,2023-07-15 04:40:26,26.836383257402105,80.91164627687888,Clear
2,2022-11-17 09:37:24,12.980198213448205,77.61386410424154,Cloudy
2,2025-12-05 00:12:09,28.601759396283846,77.15021275758028,Clear
3,2024-02-15 06:14:59,28.657966575142236,77.17794930940731,Cloudy
2,2023-04-19 03:50:10,12.993540697223516,77.5928932021855,Cloudy
2,2023-10-04 07:29:46,13.05372940136062,80.26219800191195,Clear
3,2024-02-09 03:59:00,25.3984128658991,81.86518416366764,Fog
2,2023-01-05 13:37:34,12.991437523670587,77.64138079264406,Cloudy
3,2024-08-19 20:58:06,17.330038596501147,78.49848493033971,Cloudy
1,2024-05-05 04:53:36,12.965732896607907,77.63355502446986,Cloudy
3,2024-10-28 04:04:14,19.09675868897752,72.84262618133782,Rain
2,2022-05-23 21:27:52,28.592065591295945,77.19930643170206,Clear
1,2024-12-01 05:14:56,28.42304990555474,76.99816355586977,Cloudy
1,2022-10-20 11:32:19,13.004019012187953,77.58108990985227,Windy
3,2023-04-18 17:11:55,13.01653088017955,77.59624074901562,Rain
4,2024-04-10 22:04:57,17.402560071348198,78.45133845743412,Rain
4,2022-07-19 08:25:20,28.462324980435422,77.1085252914034,Rain
2,2023-09-12 12:03:37,25.39781892125825,81.89070826797109,Cloudy
2,2023-03-05 10:26:02,28.512598034513072,77.41152803051664,Clear
2,2024-04-14 14:47:11,28.465856532517805,77.01919742976024,Fog
1,2024-07-15 12:20:09,17.399618849175607,78.48996778175261,Cloudy
2,2024-01-17 22:44:26,26.813934734387377,80.91786244391038,Snow
1,2022-09-14 11:11:06,28.447621111462166,77.0179633111399,Clear
2,2022-11-09 17:43:23,19.053672963155684,72.90119171971045,Clear
3,2024-02-02 18:55:30,26.89115308088392,80.99152525024785,Clear
1,2025-05-22 08:42:13,28.596799317581212,77.38803651858751,Rain
1,2023-12-15 17:54:01,28.622818672642147,77.26906265812396,Clear
2,2023-11-30 01:15:58,28.559443674682715,77.39571041496843,Cloudy
1,2024-08-07 06:17:35,12.994074235135681,77.56801218837083,Clear
3,2023-08-15 06:46:35,28.517351956793064,77.09932221548195,Cloudy
3,2025-05-12 04:56:51,12.93385725426718,77.61149327591144,Cloudy
1,2025-08-03 06:33:06,19.111687277173427,72.87206791456708,Clear
3,2023-06-11 20:27:57,28.48139569558773,77.07856246516567,Cloudy
1,2023-06-25 15:44:40,28.55082832920429,77.39094699239682,Clear
1,2023-11-04 03:34:16,28.536282269423822,77.35646693402965,Clear
2,2022-01-15 19:18:08,19.088225247032398,72.86821096980734,Cloudy
1,2022-07-30 07:41:17,17.436914060969983,78.3955048135509,Clear
3,2022-06-17 23:19:49,13.01638965973347,80.26509864642473,Clear
4,2024-01-08 12:26:09,13.10919612227689,80.26185812959191,Snow
3,2023-04-06 12:22:33,12.982092820595712,77.53665262239404,Cloudy
2,2024-02-03 06:45:57,26.89376398106307,80.96899658331984,Clear
2,2022-04-07 22:04:45,12.973961450884003,77.6096504733334,Clear
2,2023-06-28 19:42:17,25.36867585683707,81.76992645470297,Clear
1,2023-12-22 05:45:53,17.373327980166064,78.51768397123031,Fog
1,2024-07-29 04:05:32,13.088725553436227,80.27608173403407,Cloudy
2,2025-04-10 13:04:25,22.503155517663487,88.38235655278183,Cloudy
2,2025-02-08 03:25:40,26.837594512713064,80.94096643724099,Clear
1,2023-07-06 03:47:49,25.433901088899756,81.80090805853548,Fog
3,2024-06-06 07:48:57,28.544093486021964,77.41054953536486,Clear
2,2023-03-06 00:34:02,28.563360348950205,77.42465908181754,Cloudy
2,2024-06-02 22:34:42,28.518415179657953,77.41967974225219,Clear
2,2022-07-08 23:29:14,28.569863094849058,77.2206446853031,Fog
1,2023-05-16 05:13:01,22.59297584488581,88.35951678498496,Clear
2,2024-05-08 15:25:16,26.823327616199908,80.8693243808425,Cloudy
1,2023-02-08 17:58:13,22.58578852748643,88.33901295751899,Rain
1,2025-04-23 21:32:59,12.952985473201608,77.58514807856496,Cloudy
1,2025-06-09 07:31:28,19.092611137306218,72.87951012596847,Clear
2,2023-04-27 02:03:11,26.874757390091627,80.96873069004172,Heavy Rain
3,2023-04-22 00:23:49,25.460420909054676,81.85027607090923,Windy
3,2023-07-09 21:01:52,25.424449434013795,81.84894243031498,Rain
1,2023-01-30 19:38:36,19.095431011914254,72.83431153462267,Clear
1,2023-04-04 16:32:18,28.571342176370845,77.20039633056511,Rain
1,2023-03-28 11:13:19,28.576204555470294,77.23430835605038,Clear
1,2025-09-10 04:27:18,25.453182211524297,81.86852850040593,Clear
1,2025-11-27 23:34:45,13.062795300269103,80.30451975587322,Cloudy
2,2023-11-19 05:10:43,25.463639156563435,81.87471996262758,Clear
2,2022-11-18 17:02:00,19.113855325492768,72.93333064276366,Clear
1,2023-08-13 01:57:09,28.632900230212538,77.20804091981968,Clear
2,2023-09-22 10:09:26,26.811802888542285,80.9091961988293,Cloudy
1,2025-12-19 17:55:26,22.614828750320903,88.37331684425556,Rain
2,2025-11-04 06:52:52,28.642967681602173,77.17562663459572,Rain
1,2024-06-11 14:26:26,19.12297123658415,72.87690152070833,Rain
1,2025-09-19 08:22:01,13.006818777980145,77.676510507555,Fog
2,2023-10-24 17:01:22,26.903150392974748,80.97933164079157,Clear
1,2023-08-03 12:49:42,12.986422775590771,77.53843532465707,Clear
3,2022-11-03 03:50:36,13.061014000696371,80.17205934998293,Clear
2,2023-12-10 05:08:52,12.96443524682672,77.58107267883871,Cloudy
4,2024-10-13 07:19:09,12.96889501668868,77.67770631991493,Cloudy
2,2025-12-15 08:01:39,28.524627976605707,77.38496625550668,Rain
1,2025-06-02 13:54:21,22.603388134907913,88.39004184955397,Rain
3,2023-05-01 08:47:16,28.47855609543346,76.98829269737078,Clear
3,2024-05-18 00:56:51,28.43066565882201,77.39001564866204,Cloudy
1,2025-01-08 21:36:12,12.940363726129952,77.62740921988643,Clear
2,2022-04-26 05:35:56,13.033970843944552,77.58168909139721,Cloudy
1,2025-09-23 04:17:10,28.47684307834507,76.99744471104562,Clear
3,2023-03-14 22:59:48,12.952738074168629,77.54803009026679,Snow
4,2025-01-28 16:23:49,12.961762261476796,77.60540065766324,Cloudy
1,2022-11-26 02:28:55,28.51903113011647,77.34155580966276,Cloudy
2,2024-07-30 13:42:14,19.06751685896632,72.91137737025035,Cloudy
2,2025-04-22 17:37:27,22.623417432131017,88.33073642406598,Cloudy
3,2022-12-06 19:37:36,26.847472369532788,80.87464843333296,Cloudy
3,2022-05-19 23:23:29,25.49053864679009,81.81724178782164,Clear
3,2022-07-10 17:16:40,12.965052400552706,77.62373401885067,Rain
1,2024-05-01 13:40:02,25.441374519025846,81.83769175754091,Rain
2,2023-10-26 01:01:05,28.55599325364999,77.33250337063279,Clear
4,2025-01-18 00:16:24,28.622235995714888,77.17957298385355,Clear
2,2023-03-09 20:33:17,28.585210191957064,77.15766166871126,Heavy Rain
3,2023-12-20 05:16:13,28.50411393473878,76.98685274333347,Cloudy
3,2022-10-19 19:08:08,12.988719569482726,77.5965309723255,Heavy Rain
2,2024-06-28 22:10:49,28.579357821586868,77.17745966800781,Clear
1,2025-12-08 21:40:47,17.385205932224764,78.49121509653048,Windy
1,2023-06-02 09:27:46,19.06722008685703,72.82670718590678,Clear
4,2022-06-09 10:40:09,17.392771524185115,78.45208002719718,Rain
3,2024-10-18 02:50:59,22.567500591009747,88.32869943073783,Cloudy
1,2022-03-16 11:05:45,25.43695555569272,81.8404502370543,Cloudy
1,2022-10-12 11:59:01,25.402036984388673,81.84052210681702,Clear
2,2022-06-06 00:44:07,28.629581847951172,77.29562726237093,Clear
3,2025-05-03 21:41:20,12.889309462541075,77.56173278625211,Clear
2,2022-12-20 22:23:36,22.690808402167892,88.3875777616754,Clear
1,2023-01-01 18:25:24,28.587346717946005,77.23078326914656,Clear
2,2025-01-05 03:42:01,28.52149581185446,77.37058919989605,Clear
1,2025-05-07 12:55:17,26.89967395024608,80.96611598510935,Cloudy
4,2024-03-30 08:07:24,28.452055859299318,77.01653039891548,Clear
1,2024-12-19 04:55:29,28.485836918197595,77.00601619903765,Clear
2,2023-08-11 13:49:19,28.422321588892984,77.02184444330727,Cloudy
4,2024-04-14 19:12:21,28.387422600207866,77.02387771291467,Clear
2,2024-06-13 00:54:46,22.618095493523573,88.33890853896779,Clear
1,2025-09-18 06:28:38,25.4103284244478,81.88979437677456,Clear
2,2022-02-24 00:37:07,19.10095756313003,72.9018686361753,Rain
2,2022-09-29 03:56:11,28.43413640259112,77.02160106764917,Clear
1,2025-06-12 11:59:16,28.577180494453927,77.18969985156613,Clear
2,2025-06-26 23:58:03,28.58292613304475,77.23386198684734,Clear
2,2025-01-19 15:11:07,12.90420514238835,77.6468798415652,Clear
1,2024-02-18 20:04:15,28.57236390349501,77.19214502610313,Snow
3,2022-08-30 21:35:21,17.41307671239391,78.45971660966845,Fog
1,2022-05-23 08:27:05,25.42389930732818,81.84367718498967,Windy
2,2025-05-31 23:27:29,25.433130264689115,81.78814466537877,Clear
2,2025-07-04 14:23:43,17.44670428783881,78.46892991307976,Rain
2,2025-05-15 10:21:12,28.463937984866956,77.37073555230211,Clear
1,2024-12-17 06:55:28,17.366054692880155,78.4787163360442,Clear
2,2022-11-07 19:06:05,12.934617662485307,77.62069115091609,Cloudy
2,2023-12-20 18:10:33,19.05087513749761,72.90555523343195,Fog
2,2022-05-22 02:38:48,22.598037386749606,88.34663548976044,Rain
1,2022-11-07 02:33:54,26.829194656157483,80.96482078512955,Windy
2,2023-05-12 15:10:47,22.618139544826253,88.34535776117893,Cloudy
2,2023-10-08 07:29:51,19.03709304343316,72.85441652447876,Clear
1,2023-05-27 16:57:44,28.510112850477775,77.42238147564389,Clear
1,2025-02-22 17:17:30,22.52600276955187,88.35620896881923,Windy
3,2023-07-12 11:43:54,13.087262502093,80.27367108845344,Cloudy
2,2024-08-22 13:05:40,19.068007372256982,72.88580393740848,Clear
1,2023-04-21 01:19:40,13.080009710754872,80.31667156064638,Rain
3,2023-02-13 12:58:13,26.84762194510616,80.95279676468813,Cloudy
3,2024-04-16 01:43:18,19.071389902103025,72.87767118838977,Heavy Rain
3,2024-07-31 02:39:23,28.627202360420085,77.2289885920007,Cloudy
2,2022-09-21 04:05:48,28.519107795900418,77.41975385860579,Clear
1,2022-08-12 08:25:51,28.676824355658166,77.2291756272411,Cloudy
3,2025-07-21 14:14:13,19.128894909343877,72.83175688037203,Fog
1,2023-05-09 06:22:38,26.869622355692304,80.96181598305552,Rain
3,2022-11-20 10:02:23,17.40806590832074,78.43206350985446,Clear
1,2022-02-25 01:05:33,28.59995441537537,77.19336749336149,Fog
1,2024-10-31 04:47:07,28.535328874711457,77.20053146259583,Clear
3,2024-05-19 12:50:40,28.631374046995358,77.19073408052033,Clear
3,2023-06-13 01:28:24,28.567266413386637,77.36215221462214,Rain
3,2025-04-25 07:12:32,25.44142434630299,81.89317886428537,Rain
3,2023-06-13 04:16:17,12.966413751327563,77.56356672378605,Clear
4,2025-08-07 12:18:52,26.87123959202495,80.91425184296897,Snow
2,2025-01-11 19:50:08,28.425613463724762,77.0909452914835,Cloudy
3,2024-02-27 20:56:44,28.616150320750567,77.24214015115761,Heavy Rain
1,2024-02-28 08:18:39,17.369051812569523,78.51249579994447,Clear
1,2022-09-03 23:08:57,28.5310554748002,77.42860955129561,Windy
2,2023-04-07 01:22:22,22.622132158434564,88.42836354632853,Cloudy
2,2024-07-15 02:17:04,28.58415434262089,77.22876277525263,Clear
2,2025-12-03 21:18:33,28.653207813976923,77.20623272431794,Clear
2,2023-03-14 16:58:54,13.048488363339656,80.28246536095399,Rain
2,2024-10-02 18:30:22,22.579113255730658,88.40926898484118,Clear
2,2025-09-28 21:53:29,28.567755951613428,77.23003198238455,Rain
3,2022-04-08 22:33:14,22.578644654580195,88.4074592146767,Cloudy
1,2022-12-29 07:06:24,26.86810543740236,80.9131763759174,Clear
3,2023-01-25 23:54:11,17.398517888081077,78.49327448425448,Clear
1,2022-08-18 19:02:33,28.642251798885376,77.15643607183802,Windy
2,2023-01-14 17:20:46,28.437300384911392,77.06610966206424,Clear
2,2023-03-03 19:07:00,25.449575020390412,81.842969422698,Clear
4,2023-05-30 22:20:31,28.60576733431003,77.22407028196193,Rain
2,2023-03-18 06:05:04,25.426370628358356,81.79542377442117,Cloudy
3,2024-10-16 18:57:08,19.09993513898762,72.83267356772508,Clear
1,2024-07-16 11:30:10,28.441004215073484,76.99228901889173,Cloudy
1,2023-08-24 13:38:50,26.766841827465278,80.90728522526676,Rain
1,2025-10-13 19:03:15,26.839702452690855,80.97220161569018,Cloudy
2,2022-10-19 10:13:54,28.441527907267908,77.07359616611609,Fog
2,2023-12-05 08:34:12,28.582307097400427,77.3034415092578,Clear
2,2023-11-16 07:06:05,13.02304817146668,77.6318066619394,Clear
2,2022-04-12 06:57:59,28.67584695736795,77.24084868893013,Cloudy
3,2023-08-28 10:48:10,25.439330767261477,81.9331937216761,Clear
1,2022-10-05 03:04:46,22.55212278900112,88.40498447071283,Clear
1,2022-12-30 13:38:34,12.987404162193384,77.60392825774923,Clear
2,2023-10-14 11:30:22,13.082807104085852,80.29116180333705,Clear
2,2023-10-10 20:16:48,22.551942488572983,88.35968259051353,Rain
3,2023-03-23 11:19:58,28.568218058194347,77.44836962447754,Clear
2,2022-06-12 14:58:46,26.839882363255086,80.93551417962685,Clear
2,2025-01-25 04:03:58,26.843006627143016,80.93681885944353,Clear
2,2025-05-11 22:38:49,13.03267357351591,80.31571882302592,Cloudy
2,2025-01-30 03:48:38,26.858837389410795,80.970586525195,Clear
2,2023-08-25 03:30:21,19.047012800301925,72.88873583693697,Rain
1,2024-08-03 01:53:54,28.63096625786464,77.17620549442721,Fog
4,2022-06-17 21:47:44,22.54500917573288,88.33344428947771,Fog
4,2023-05-07 06:12:53,12.960009250695046,77.58717179944345,Windy
2,2022-04-06 07:25:11,13.107322273294892,80.30550435984262,Clear
1,2023-09-29 11:05:56,26.834225050781622,80.89281850971683,Fog
3,2022-01-20 21:22:54,26.865097397295447,80.99235728898014,Fog
2,2024-06-25 07:39:39,17.39662206923322,78.49494432739509,Heavy Rain
2,2022-04-07 04:06:13,28.61946626926561,77.17953930758522,Rain
2,2023-08-20 15:32:10,12.93722931759762,77.57056436615514,Cloudy
2,2024-02-14 09:10:34,28.46912257733745,77.03375558096832,Clear
1,2025-05-17 16:35:11,22.572996633242873,88.38756355647774,Clear
3,2022-03-11 00:46:29,28.599704442513833,77.1810401959594,Clear
2,2023-05-26 14:49:04,17.425704635848707,78.48134218234316,Heavy Rain
1,2025-07-13 09:38:51,12.976055425930408,77.57661224346629,Clear
3,2022-09-21 23:33:27,28.485993345764474,77.02192659925916,Clear
1,2024-07-21 20:04:15,25.460130760410287,81.84683737081146,Cloudy
2,2023-09-27 03:03:37,28.588610536903882,77.20839694775262,Cloudy
1,2022-06-29 14:59:39,28.453756596211065,77.01143372232252,Cloudy
1,2025-09-08 09:21:45,19.16655371973916,72.92431581064965,Clear
2,2025-04-12 07:44:20,12.934342625258948,77.61766738100809,Clear
2,2025-12-03 08:11:58,13.038969342672797,77.60461055326721,Clear
1,2025-06-11 12:18:22,12.97450503682185,77.63373717009158,Rain
1,2023-07-24 07:32:31,28.657056369670784,77.18050750721278,Clear
4,2025-10-03 02:25:56,26.85208489801057,80.92200756467732,Clear
3,2023-12-12 05:40:19,28.607322565899768,77.33129143167884,Clear
3,2024-05-09 13:16:22,12.931928912633234,77.63228013603354,Clear
1,2022-08-24 08:05:42,25.42747030354429,81.84176365191507,Windy
3,2022-07-18 07:39:04,17.384727876944147,78.43026711586683,Clear
1,2023-06-01 17:23:28,19.111255652511566,72.87851848251306,Clear
4,2024-12-06 14:05:48,22.54895510149931,88.38866205225219,Clear
4,2024-12-21 14:36:31,28.516898483864,77.00898251416827,Fog
1,2024-06-23 20:27:00,22.650101547989482,88.31673017693917,Rain
3,2022-11-08 21:21:39,19.07898565802666,72.83649376355557,Windy
1,2023-06-07 08:47:41,12.981619566787211,77.5650341906923,Cloudy
1,2022-02-19 16:43:20,22.556981832162545,88.34355976711248,Cloudy
1,2022-01-19 03:15:59,13.083834914123786,80.26255293181575,Clear
2,2023-03-12 00:48:27,12.984183237174918,77.58059219666602,Rain
2,2022-01-11 07:16:13,28.566718801195925,77.21247303681834,Cloudy
2,2022-12-29 09:42:06,22.55815221544767,88.35347440568499,Cloudy
3,2024-10-13 23:09:57,28.470613996495665,77.00265798257965,Clear
1,2023-08-17 20:34:37,22.58899252730373,88.35013505521852,Clear
1,2023-12-16 10:46:03,28.54690979601953,77.18869553250553,Clear
2,2023-02-27 06:34:23,28.45181323557439,77.04962953904213,Clear
2,2025-04-03 04:20:49,12.943752070316098,77.64357962743289,Rain
1,2024-12-10 19:38:14,28.46164384486191,76.9671550581767,Clear
3,2023-01-15 06:39:05,25.426223770521304,81.85229354166897,Clear
3,2023-03-30 08:00:30,22.536183021561396,88.35617905175867,Clear
1,2022-05-11 22:56:31,19.050608363907838,72.84992844258156,Clear
2,2023-04-26 16:00:47,28.618941081569275,77.20963414671691,Cloudy
2,2025-06-03 01:28:20,17.406624337660773,78.41874070833775,Cloudy
1,2022-10-02 17:25:15,26.877086274556863,80.91846707575368,Rain
1,2025-02-04 13:19:03,25.44190286557189,81.89045246467808,Clear
2,2025-08-13 19:21:07,19.070836163416494,72.8594347069207,Rain
3,2025-01-11 14:20:45,28.60761293695461,77.23626957189559,Cloudy
1,2023-06-06 03:52:46,17.449158995193947,78.43493187491659,Windy
1,2024-04-20 21:57:29,19.07292670769278,72.95047048444634,Cloudy
2,2024-03-06 14:08:52,28.607872924239725,77.19063098074965,Cloudy
1,2023-12-16 21:46:44,25.43969273204192,81.88934235344405,Cloudy
3,2022-08-20 07:51:14,22.602827046870264,88.31757419627954,Clear
1,2024-05-11 12:47:30,28.654654410918734,77.24139868651999,Clear
4,2024-02-16 08:16:56,26.864266508179522,80.9451914189444,Cloudy
2,2022-05-10 20:17:23,19.07860523306782,72.86816929871534,Cloudy
1,2023-01-30 02:40:51,28.658117742973282,77.23725967138338,Snow
2,2024-07-13 01:17:36,19.084255277301235,72.91800303010766,Clear
1,2025-04-18 12:41:28,22.585817385012533,88.35623294941914,Cloudy
1,2023-11-04 23:15:28,28.42430067194386,77.02791765802593,Cloudy
2,2022-10-18 09:12:57,28.46662187012083,76.97722192002182,Rain
2,2025-09-10 02:51:53,26.7857209360682,80.99523201716593,Clear
1,2025-07-30 04:50:03,26.811583608989107,80.97097595800443,Cloudy
2,2022-04-24 16:05:00,28.515316669616535,76.99105723964153,Clear
4,2025-02-13 16:06:38,28.49055581368609,77.02781594317386,Rain
1,2022-05-11 17:27:06,28.57464238172134,77.1582073274309,Cloudy
3,2023-09-18 02:03:12,26.80768747857264,80.91827787926901,Clear
3,2024-08-22 22:36:57,17.449974543123922,78.51331117605157,Snow
2,2025-01-30 01:12:21,28.49781006519272,77.06624947740995,Clear
4,2025-05-06 19:04:45,28.62742012393183,77.38774820355532,Clear
3,2025-02-11 05:50:41,28.47319497349923,77.00368889426748,Clear
2,2022-06-13 13:16:11,12.9885068750078,77.56474076608235,Cloudy
2,2025-07-24 16:16:55,25.439697547349432,81.82081381036211,Clear
2,2022-07-20 02:16:37,28.599965730073194,77.37732368805334,Fog
2,2022-02-28 23:46:03,22.55609250974777,88.37160384383277,Heavy Rain
3,2025-04-30 20:18:23,13.03269001851373,80.2762192976987,Cloudy
1,2025-09-29 05:40:22,28.578619537189027,77.18207931884753,Cloudy
2,2023-08-29 07:10:08,12.979949513603964,77.5794298926826,Cloudy
3,2023-08-31 01:41:22,28.6802427571097,77.20373850691827,Clear
2,2024-04-30 18:04:32,22.537516432438423,88.35334717311049,Heavy Rain
2,2023-02-17 06:59:30,26.822482420578382,80.96334868083085,Clear
4,2022-02-20 12:21:52,28.546671875562474,77.36403902617383,Clear
3,2022-04-01 15:29:50,26.7870382314638,80.94329032659975,Rain
2,2022-04-29 23:20:05,25.473718725025417,81.8926040657921,Clear
1,2023-06-25 06:40:46,28.584642107834174,77.15264405707023,Cloudy
1,2025-11-28 00:04:15,22.58915527842386,88.3449259474661,Clear
2,2025-12-01 19:58:52,28.544239750642788,77.27854662363198,Clear
3,2023-09-24 01:15:17,26.821301633899093,80.94489737494678,Clear
1,2023-07-30 12:57:48,25.41012372188697,81.82090685934453,Heavy Rain
1,2023-11-18 12:07:45,25.42937461986774,81.85919504329522,Clear
2,2025-10-16 12:14:40,12.91265671947284,77.61522298997103,Clear
2,2022-02-19 12:10:41,22.605611765621724,88.37950817219938,Rain
2,2023-08-31 17:21:42,18.974086861934897,72.82713755614262,Rain
2,2022-10-23 10:22:03,28.589523861857465,77.27424698340606,Clear
2,2023-07-07 11:11:40,28.490705245984326,76.96500168258748,Cloudy
3,2024-04-18 21:12:32,25.4427186448434,81.75804383194883,Clear
2,2023-01-27 10:58:17,19.093741787010252,72.93305302915562,Rain
1,2025-01-19 19:04:08,28.52129922244287,77.40847951127787,Clear
1,2022-10-27 19:25:39,28.503518694224862,77.04732111332882,Clear
4,2024-12-29 07:22:06,28.576594406483032,77.21857760956145,Cloudy
2,2025-11-30 21:04:01,28.428616374392245,77.04583844347208,Rain
1,2024-11-16 19:29:37,13.059673552899884,80.307122485498,Fog
4,2025-07-19 18:16:09,28.59844834681405,77.24026715419129,Clear
1,2025-09-12 23:00:20,26.847679984081807,80.90906905105052,Rain
4,2023-01-18 19:20:17,13.068481499448437,80.26231302417261,Clear
1,2022-11-14 23:11:58,28.638941745112408,77.20469898853081,Clear
2,2023-01-30 10:13:23,22.557279735181194,88.3387727317168,Cloudy
1,2022-08-12 04:26:27,28.62484877828684,77.22908184884658,Clear
4,2023-09-05 12:36:02,13.074724049906635,80.27404626404395,Heavy Rain
2,2022-11-21 05:02:01,17.43933681308248,78.49530247560834,Clear
1,2023-09-08 20:32:52,28.506731558684155,76.99312364996912,Clear
1,2025-03-11 18:59:51,28.42856035353773,77.0188926664628,Heavy Rain
1,2022-06-19 05:21:56,19.02768487712149,72.87156287547695,Rain
3,2023-01-01 18:39:51,28.561647058973843,77.34475767688504,Cloudy
2,2024-06-21 14:58:43,12.9556196980929,77.58160591475621,Clear
3,2024-02-25 17:31:37,28.559699593823254,77.23682575107442,Clear
3,2025-12-25 22:38:01,28.542391708984013,77.05656168331714,Clear
4,2024-11-14 23:26:51,12.930520512502788,77.62199082943398,Windy
3,2024-05-03 12:00:48,22.529001589573102,88.36995076363272,Snow
2,2023-05-12 21:39:26,12.980216438050359,77.5624589351935,Cloudy
2,2023-02-01 06:19:07,12.898381389674075,77.64255486166816,Rain
4,2025-04-05 01:57:57,28.406815228834347,77.04065385225017,Clear
1,2025-10-12 03:56:29,19.069816371755213,72.90559275739805,Cloudy
2,2024-04-06 10:11:25,13.080097766981723,80.2829491437469,Clear
3,2023-04-27 11:54:08,28.58381890967932,77.23277806097009,Clear
1,2022-12-16 09:25:39,22.56196477996816,88.35628207076017,Clear
1,2022-02-14 20:05:34,26.832523216646905,80.91825345211201,Cloudy
1,2022-11-15 05:09:26,12.966797590393453,77.61431934827877,Clear
3,2024-11-16 10:43:36,28.538791238955028,77.36592395192736,Clear
1,2023-11-28 09:37:26,28.554332967520907,77.33644550681122,Rain
4,2022-03-08 06:36:24,13.006709795115695,77.6027127466919,Cloudy
3,2025-12-06 17:42:26,28.65375236323905,77.115544122332,Rain
2,2022-11-09 02:15:55,13.080449134245827,80.22825407847938,Clear
1,2022-03-17 17:08:30,17.406150649789556,78.44071982293224,Clear
3,2023-09-03 12:57:11,19.095123963308357,72.86515101153532,Windy
2,2023-01-01 11:49:52,19.08884663775255,72.88749341490059,Heavy Rain
2,2025-05-15 01:58:51,13.137822700982618,80.2363619457847,Clear
2,2025-04-22 03:33:59,28.45304283762737,77.34500002157672,Clear
4,2023-01-02 12:33:57,19.048888952824015,72.84291611489,Cloudy
3,2022-07-07 06:15:35,12.960938207307585,77.61462605958631,Clear
2,2023-11-19 10:08:45,13.029321696316707,77.62473185365896,Heavy Rain
2,2023-10-28 08:27:38,28.54899344943946,77.38154958043921,Fog
3,2022-09-04 14:16:16,12.994859334503797,77.6217170686526,Clear
4,2023-08-15 18:04:22,26.868416923337453,80.90282898409102,Clear
2,2025-05-20 11:06:51,28.624608600855325,77.25435991847239,Clear
1,2023-01-29 04:56:17,19.0840124590946,72.82647094764414,Rain
1,2025-07-17 10:50:39,17.40912163595444,78.48160513225899,Snow
2,2025-01-24 03:32:11,12.99587942842546,77.61995498616824,Cloudy
2,2023-12-25 00:29:56,28.568662916800143,77.41461432422331,Cloudy
2,2023-12-22 13:19:57,12.942160752135386,77.65556728861628,Cloudy
2,2022-11-08 05:02:10,17.41184719413214,78.50552942852528,Cloudy
2,2023-09-24 08:35:33,28.634623604412088,77.23080538602542,Windy
2,2022-05-10 15:33:43,28.643883279195432,77.21579073515771,Clear
1,2023-06-30 21:33:52,25.433874175822858,81.8470857121897,Clear
4,2023-02-21 21:39:28,26.810774806127743,80.92843078075659,Cloudy
1,2023-01-11 23:46:08,22.568035481061404,88.35526118343333,Clear
1,2022-03-19 05:09:28,25.474618481291685,81.84263297959114,Clear
2,2025-05-29 01:46:27,19.053561092104655,72.93576043930594,Clear
3,2023-06-07 15:46:57,26.836601923368153,80.93212663634263,Snow
2,2024-09-16 20:04:07,28.482386241359485,76.97315077216325,Clear
2,2023-05-17 01:58:08,26.86131675307301,80.99869790323878,Clear
1,2023-11-04 00:34:04,25.414444587627912,81.83644293194095,Cloudy
2,2023-07-15 09:30:37,28.515370670853297,77.20189610798982,Rain
1,2023-11-11 22:16:05,28.6305750558351,77.20363588063103,Rain
2,2022-11-22 05:20:27,22.576101701972224,88.35680479896972,Clear
2,2023-07-17 21:07:33,28.612491450385775,77.21193935521232,Rain
2,2025-01-24 19:57:09,13.04049579512761,77.57049725319771,Cloudy
1,2025-03-24 09:13:51,28.593276119422175,77.16513093985968,Fog
1,2025-02-05 18:42:03,28.64911842615591,77.23766179072216,Rain
4,2022-03-16 17:49:17,25.52906150722005,81.91190485564266,Clear
4,2024-02-11 19:28:26,17.347246575337767,78.47708083077082,Fog
2,2023-05-29 17:14:25,22.613301590039047,88.3587495643174,Clear
1,2025-11-12 06:57:17,28.564023862258374,77.15836232711595,Clear
1,2022-03-28 21:56:18,19.067094714531002,72.92547042808494,Cloudy
3,2024-10-24 15:45:30,26.863744464768057,80.96978805366227,Clear
2,2025-05-11 03:42:54,28.58426883051641,77.18734795172386,Fog
1,2025-03-17 02:19:00,13.016371152207187,77.62032139298884,Clear
3,2023-03-17 21:40:17,26.780339933677872,80.91235199445202,Cloudy
3,2025-11-09 22:23:49,28.380082295446666,76.99240247488505,Clear
3,2023-03-30 15:50:54,28.62044874850438,77.22259486147871,Heavy Rain
3,2023-07-17 08:21:45,17.363612022813317,78.47827464936039,Fog
1,2023-04-13 14:04:26,26.8360052671875,80.97419662570255,Clear
3,2024-06-16 09:55:31,28.602621559615752,77.16305871064966,Fog
4,2024-03-28 18:39:41,28.621555139314953,77.20316148407557,Heavy Rain
1,2023-04-11 23:18:03,28.56321708771496,77.2679413169601,Cloudy
3,2025-01-17 09:04:56,28.416397514797243,77.06449187223508,Windy
1,2024-07-24 13:37:37,28.53565839566424,76.9573677550346,Clear
2,2022-01-24 12:06:47,28.618603560465782,77.11069463926748,Cloudy
2,2024-05-10 10:30:12,28.584048918463964,77.14839198666095,Cloudy
2,2023-08-14 06:55:47,28.6298476418531,77.18123725809775,Clear
1,2023-04-19 19:28:20,28.579227107287526,77.1989647406813,Clear
2,2022-03-25 19:08:27,28.596891506761438,77.40982944953898,Cloudy
4,2024-06-14 16:56:15,26.895342135336225,80.94066137696454,Fog
3,2022-09-13 08:57:06,19.007744022541647,72.85177664671728,Cloudy
1,2022-03-31 02:50:47,26.849996176421076,80.97211166978948,Rain
2,2023-05-07 22:28:54,12.965677521964206,77.59318171657655,Rain
1,2023-06-19 03:15:00,28.442718920616734,76.99061762656376,Clear
4,2025-11-23 21:51:08,12.950786445449324,77.57981010533426,Rain
1,2024-04-19 05:25:03,12.957597989814111,77.59267144925937,Clear
2,2023-02-15 12:18:25,28.530821342987082,77.39068210220665,Clear
2,2025-03-05 09:02:46,28.415052691943533,77.06846468009819,Clear
3,2023-07-22 18:10:09,13.125261810382996,80.24455533676276,Clear
2,2024-08-04 23:41:28,28.502470309899945,77.37332439552392,Cloudy
1,2022-03-19 06:06:20,28.520329474479322,77.0416138781992,Clear
1,2022-02-07 06:14:12,19.071304633555265,72.84715919157578,Cloudy
1,2025-08-07 02:16:54,17.343775727572332,78.47183394635451,Fog
2,2023-12-08 10:40:53,28.583958105642605,77.19942303363624,Windy
1,2022-04-26 23:56:51,12.93670965168351,77.57340506206438,Rain
1,2022-02-11 23:28:36,17.330269061931503,78.49240365847997,Clear
2,2022-01-04 14:52:35,25.42733276055037,81.78061583840318,Rain
1,2023-10-14 06:29:52,28.456936106018667,77.04793445891485,Rain
3,2023-01-22 13:41:15,28.572797646318897,77.2397946073385,Rain
4,2022-08-11 00:53:32,25.50601367840961,81.86117136364604,Snow
3,2025-08-13 10:02:11,25.47108158524565,81.8587031756502,Snow
2,2025-03-03 23:51:52,28.621663390191586,77.22026024802055,Cloudy
2,2022-01-09 11:38:14,28.57683996968997,77.13265886668171,Clear
3,2023-10-10 13:45:34,12.948781674609181,77.59109902493705,Clear
2,2022-02-28 00:37:36,28.698333182887335,77.17803938686167,Cloudy
1,2022-12-25 09:00:06,26.866985343679467,80.91571854128362,Clear
3,2022-12-31 11:25:48,13.071481879671692,80.31954976186537,Clear
1,2024-06-10 09:25:07,12.991677993714685,77.59662139513335,Cloudy
2,2024-10-27 04:05:52,28.646373680964064,77.20906695276074,Clear
2,2023-04-20 14:59:47,28.638251102736543,77.21570047165706,Rain
3,2023-06-08 20:58:45,26.83604279910736,80.94811722184457,Clear
2,2025-03-05 23:31:25,28.620040412060312,77.20445368861671,Cloudy
4,2025-05-12 06:33:21,22.542068090014492,88.34444302762901,Heavy Rain
1,2025-10-10 18:05:30,28.65510230755959,77.27319470975269,Heavy Rain
2,2024-02-14 23:54:59,19.029230562720702,72.93460922860022,Clear
1,2024-05-12 03:04:06,12.952406853312798,77.54007990092147,Clear
3,2022-12-18 00:22:23,28.52139176985861,77.39406688043096,Cloudy
3,2024-05-18 10:28:53,28.61445680304399,77.21531736196273,Fog
3,2022-07-04 03:37:33,19.01255452122244,72.84156133533267,Clear
1,2024-08-06 01:26:40,28.432054304023232,76.93748982273826,Clear
3,2022-12-18 18:33:39,28.615346439115697,77.22842385077496,Cloudy
1,2022-01-02 23:16:32,28.43289326873907,76.99625761662294,Cloudy
3,2025-01-24 18:12:54,26.81393180279849,80.9689711733771,Clear
3,2024-10-02 06:56:55,26.812822858799155,80.88976748291762,Rain
1,2024-03-20 21:07:21,28.66021693228715,77.20784261995234,Heavy Rain
2,2022-12-30 17:20:01,28.604339671371804,77.25604996013321,Rain
3,2025-12-23 11:29:08,28.451968128675393,77.06661893375023,Clear
1,2023-04-05 07:52:05,13.09677575948005,80.27700996705467,Fog
3,2022-11-25 18:21:35,28.433058874792962,76.9500609720055,Clear
1,2023-01-10 11:38:12,26.771224411804823,80.93320599202654,Clear
2,2025-08-29 13:22:02,28.464458026609243,76.99323448353479,Clear
1,2022-02-16 14:16:22,17.420829581780655,78.54052492329643,Clear
2,2022-12-16 18:45:23,25.46921333856103,81.89023631163359,Fog
1,2025-03-28 20:04:40,28.53073662394614,77.38408647318859,Clear
3,2023-04-26 20:29:19,13.007068058903165,80.25363594052577,Heavy Rain
3,2025-02-23 19:32:41,19.073850700719685,72.90303578903102,Clear
1,2025-05-20 22:59:44,28.65933571030054,77.20259379302523,Cloudy
2,2023-07-14 16:11:57,19.017597970072472,72.86212008205791,Cloudy
1,2022-05-08 23:15:21,12.92205665765802,77.62882552952739,Clear
2,2025-10-18 19:52:13,13.081448482446929,80.2607551155859,Clear
1,2023-06-15 15:55:33,26.914533321478757,80.91324631279063,Clear
1,2022-01-20 03:56:30,28.503457796400546,77.04670966011379,Clear
2,2025-08-29 13:04:04,28.43179863251205,76.98523371089698,Fog
1,2024-06-29 01:16:04,28.56577620682212,77.3833760964809,Clear
1,2024-12-16 18:08:47,13.009556713370005,77.58718386640805,Cloudy
2,2024-04-04 14:54:51,13.079052758023474,80.29911091098185,Cloudy
3,2024-04-01 04:58:18,28.67108545973974,77.17327893095266,Heavy Rain
2,2022-04-16 03:29:44,28.440402061197307,77.0538538961004,Clear
3,2022-03-06 10:04:55,13.029555230489676,80.32851700179036,Clear
2,2025-12-30 18:32:07,28.389971550030786,77.05574330152581,Clear
3,2022-05-10 08:29:14,22.5920509762315,88.43579323545026,Fog
3,2022-03-07 02:04:15,26.878723436655356,80.94753273067889,Snow
1,2025-09-21 07:47:57,28.45994015193601,77.05695880725493,Snow
1,2024-03-28 10:41:10,22.635887840320223,88.37015060095918,Cloudy
4,2022-11-15 00:02:08,19.119095518840176,72.90240850925576,Snow
2,2022-11-20 02:47:49,19.037257903144468,72.87619092092102,Rain
3,2022-07-29 16:12:49,22.56753436603785,88.37629169780057,Fog
3,2024-12-30 04:41:41,26.844005221755157,80.99047205632404,Clear
4,2022-06-13 13:34:38,28.60107804130018,77.21518667361376,Snow
3,2022-01-19 20:50:22,25.512179373339343,81.85339731269818,Clear
2,2022-08-18 06:49:21,22.499814415824765,88.3874609435187,Heavy Rain
1,2024-03-22 13:00:37,17.354962438887995,78.46758075967878,Clear
2,2024-02-15 05:47:13,12.968315403432182,77.62269546503532,Clear
2,2025-09-30 20:34:02,19.084309418215383,72.84255617074778,Clear
1,2022-07-08 13:16:18,26.81119524318507,80.92764960435855,Clear
1,2024-10-23 19:59:55,19.127427050266068,72.88199913118588,Clear
2,2024-08-18 13:30:43,26.864883565138058,80.93694777033977,Clear
1,2024-05-28 12:43:45,28.55797377156495,77.34594174924027,Rain
3,2024-05-16 16:24:09,28.513324366957715,77.32428171829687,Fog
4,2022-11-29 06:01:03,26.828784605961726,81.0003137996151,Cloudy
1,2023-08-27 13:05:01,28.475677076027907,77.40470943056037,Clear
3,2023-01-28 17:26:41,22.52251994956237,88.38780719489897,Heavy Rain
4,2023-03-24 03:30:48,28.647482362680982,77.19622307385183,Clear
3,2024-07-31 05:43:50,19.12357519985178,72.84200109484314,Heavy Rain
1,2025-10-08 07:33:51,25.462791716686542,81.89576805236398,Clear
4,2023-01-13 20:59:13,28.531254196501365,77.42348252023314,Clear
3,2024-09-18 03:57:26,28.546964921189794,77.33885223475517,Rain
3,2023-10-22 00:03:27,22.56884286121422,88.41819822023534,Rain
1,2022-12-10 12:25:02,26.874790697754634,80.9502691937095,Clear
1,2025-07-22 23:40:25,12.958041638924485,77.62096247062456,Clear
1,2023-08-04 10:12:53,28.582886057202835,77.15231085470693,Clear
1,2025-08-28 03:09:05,28.575292925755416,77.2948099418749,Cloudy
3,2025-04-07 20:01:58,26.79278485490065,80.95971791224366,Cloudy
2,2022-09-15 15:41:22,19.060915132992307,72.86934880639,Clear
2,2022-04-29 14:17:47,22.570250926436273,88.33475874730914,Clear
4,2025-10-01 11:03:25,19.077147077314454,72.8784427927792,Clear
1,2022-01-23 03:41:02,13.00116593888932,77.64192148290329,Snow
2,2024-06-02 12:32:46,28.626491799645812,77.21011193994443,Clear
2,2022-09-21 14:32:00,12.955368480682017,77.56152653052271,Snow
2,2025-04-30 00:03:39,28.60534600575619,77.2284550460761,Heavy Rain
2,2024-09-14 02:06:36,13.113626859213985,80.2650829822885,Cloudy
2,2024-08-21 20:55:38,28.465321860308272,77.06986717423909,Clear
2,2025-09-11 19:36:59,12.980681758808027,77.59525786671949,Clear
3,2024-01-28 01:12:31,28.498475991291528,77.09909394089543,Clear
1,2025-12-28 19:36:51,28.594329265772927,77.1928892633099,Snow
2,2023-02-08 06:10:03,28.55077251576939,77.38723735228398,Cloudy
2,2023-04-17 12:32:36,26.940110896537814,80.93933294189723,Fog
2,2025-01-26 10:48:45,28.52308368631299,77.35839019920301,Fog
2,2022-03-28 18:32:46,28.47123974621681,77.00949280342803,Windy
1,2024-03-03 20:00:39,28.50003523444808,77.01318209115202,Rain
1,2025-10-19 11:45:33,28.632119627854536,77.2076169210219,Cloudy
1,2024-04-30 23:05:13,28.551900210699465,77.16595409096497,Windy
3,2025-05-11 13:42:17,25.412664234146007,81.8742736260131,Rain
1,2025-03-16 14:12:23,28.581682892429114,77.23875127383164,Clear
3,2023-10-13 14:02:01,17.357132155702917,78.46242057113342,Fog
3,2022-10-16 19:45:58,28.42487760156667,77.03180893551611,Clear
1,2022-10-29 10:39:22,26.841272828435553,80.98779662382763,Clear
2,2024-09-24 20:31:16,26.758842225063585,80.94484718809105,Clear
3,2022-10-17 22:04:37,26.878500688331563,80.96220244226743,Heavy Rain
3,2025-03-27 19:13:46,28.633660716542284,77.23665921614335,Cloudy
1,2022-07-23 22:39:52,26.826192928937296,80.83926387187883,Clear
4,2023-02-04 16:32:08,12.982345963127528,77.5813995476016,Clear
1,2022-11-01 20:20:24,19.077011730766404,72.92361974766372,Cloudy
1,2023-06-10 22:33:33,26.817518846574828,80.93482571945086,Clear
2,2025-04-05 21:02:49,12.994438749372327,77.58725157231437,Clear
3,2025-04-19 19:15:23,28.51396401412742,77.45602475529518,Clear
2,2023-05-07 12:32:58,13.12024480592686,80.28397638774108,Cloudy
1,2024-08-20 15:30:04,28.511385541006412,77.0594296360102,Clear
3,2024-09-01 13:48:03,12.928752124707556,77.54708054455963,Clear
4,2025-07-06 07:24:08,25.42094334288429,81.8287094720133,Fog
2,2025-02-05 10:13:17,19.057006868535908,72.8634082161774,Heavy Rain
3,2024-04-10 10:53:10,28.599148095099178,77.25352694939876,Heavy Rain
1,2025-09-30 08:10:12,28.521508032099494,77.3965001024296,Rain
2,2022-06-21 08:20:42,22.55282669656707,88.38591973543902,Clear
2,2024-11-24 20:49:15,25.423424531544015,81.82340903367293,Clear
2,2022-04-18 22:48:27,26.861220621468117,80.94327015500014,Clear
1,2024-05-05 09:27:44,12.923878724433509,77.58488930217271,Clear
4,2024-10-25 14:08:58,28.68889488620625,77.25938592746006,Rain
1,2023-06-18 01:55:26,28.50594949944251,77.02391343455331,Clear
1,2022-12-12 12:15:03,17.41643856004997,78.48097282151998,Heavy Rain
2,2022-11-05 09:09:31,28.60508773240501,77.22572341461944,Snow
1,2025-03-05 21:59:46,17.309596570278075,78.45732268145976,Windy
2,2023-09-04 18:20:21,26.893242802782176,80.88755468426316,Cloudy
2,2023-06-22 04:34:11,28.655211141094515,77.22210095813413,Clear
1,2025-08-26 03:00:04,28.603750039047856,77.2766537111414,Cloudy
4,2022-11-20 11:44:37,28.617769219184325,77.15727797622864,Clear
1,2024-08-13 22:30:16,13.040063837661744,80.28457118887027,Rain
2,2025-08-02 06:25:02,28.559676949635485,77.40426017289599,Rain
2,2024-02-01 15:43:45,19.043513502971766,72.87420961283101,Heavy Rain
2,2025-02-11 16:13:14,26.923902394316183,80.96602557453727,Cloudy
1,2025-06-25 05:49:59,13.028863678870872,77.62340007279742,Clear
1,2022-01-09 10:38:28,28.417306498838624,77.09020789154236,Clear
2,2023-09-20 23:09:24,17.3277648405475,78.45454842395169,Cloudy
4,2023-07-11 03:38:34,28.562223293376668,77.42459564114498,Clear
3,2025-07-06 22:15:08,12.979106214361364,77.59122653772897,Heavy Rain
2,2022-05-05 13:09:56,25.430554268826725,81.8852302357462,Cloudy
2,2023-03-28 01:05:09,28.488610659842184,77.01993300057683,Clear
3,2022-06-20 17:29:24,19.061137483487943,72.8921277242748,Clear
2,2025-06-05 02:02:57,28.625283808654903,77.25027421055027,Heavy Rain
2,2025-04-07 17:52:57,28.586468394072046,77.2497412039037,Rain
1,2024-03-15 06:54:06,22.59080617475601,88.36349435754884,Cloudy
2,2022-07-01 04:31:24,28.671019685248943,77.18483526376228,Clear
1,2025-10-01 19:50:58,22.55653389143874,88.38426031777396,Windy
4,2023-06-17 03:37:06,18.993817606101473,72.87749970056834,Fog
3,2024-08-18 02:43:51,22.517522984225906,88.37692285175336,Rain
2,2023-11-12 02:19:57,25.39330846445993,81.89451520675459,Clear
1,2023-04-16 17:39:30,12.94678812462533,77.5645398913849,Cloudy
4,2023-11-19 19:29:39,25.487047044538325,81.88776603645474,Clear
1,2024-07-17 03:23:48,25.46509469041218,81.85919741553937,Rain
3,2022-06-01 15:37:39,17.39864466772821,78.47398627862115,Rain
4,2022-09-01 10:49:44,22.54191367189851,88.39605816263459,Clear
2,2025-09-24 11:34:43,17.39769553482981,78.46007613910399,Clear
3,2023-02-21 08:15:20,28.437135523107663,76.98879065290768,Cloudy
1,2023-06-25 07:59:54,25.506072360123458,81.84724888335987,Windy
2,2025-04-18 23:59:06,28.516344887612547,77.2020332751087,Clear
2,2025-09-21 13:47:11,17.336512381854444,78.5074568917599,Rain
3,2024-03-11 14:40:52,13.051909892351542,80.26460065379366,Clear
2,2025-12-04 08:26:32,28.586804259251103,77.4292388241763,Cloudy
3,2025-05-29 01:48:47,19.000306234631992,72.90993685948168,Fog
3,2022-05-04 15:33:38,28.398391083863373,77.02022153615376,Rain
1,2024-10-19 07:42:33,28.52152601739189,77.42274046871137,Clear
1,2022-08-04 19:46:16,19.084878924400435,72.83168378988914,Rain
1,2024-11-13 16:08:52,28.58811441543691,77.23882188236335,Windy
3,2022-03-25 15:25:38,26.824990749616628,80.95648115730859,Clear
1,2023-03-16 10:48:40,28.54505196148081,77.33823644908331,Rain
2,2023-03-20 09:26:25,13.109004712889076,80.2981184653454,Cloudy
1,2025-04-09 02:08:00,28.53094951093607,77.3924588422526,Clear
1,2023-04-14 08:06:09,28.519768750084623,77.07636625810466,Cloudy
4,2024-08-17 07:57:52,13.034720528430986,80.32652220728302,Snow
1,2025-03-12 20:54:25,28.689919762332302,77.19662032352106,Fog
4,2025-09-13 04:39:56,12.990162921614958,77.59041544351808,Heavy Rain
1,2022-02-03 20:32:25,13.07037826203887,80.23583337640414,Windy
1,2024-03-13 06:28:10,28.53071273965293,77.38861647989803,Clear
1,2024-06-09 07:50:23,22.582507084127812,88.3215811048854,Clear
1,2025-12-27 22:45:03,22.574168809617632,88.38709374251901,Cloudy
1,2024-07-28 20:35:39,22.632894839875227,88.38416195583206,Windy
2,2023-07-28 16:01:17,28.561785437407675,77.20827439651946,Clear
3,2025-07-18 06:56:49,22.683162962460603,88.35474860031107,Windy
3,2024-07-22 17:23:21,26.82559647668915,80.89997754191646,Cloudy
3,2022-06-20 03:44:47,25.388389011862458,81.80988669472046,Clear
2,2024-09-17 11:04:14,12.974482965772884,77.59762916766662,Rain
1,2024-12-17 19:33:06,26.85265709886147,80.928231787937,Clear
1,2022-04-04 07:02:30,17.297766362194594,78.50979473642366,Clear
3,2024-12-25 14:21:27,19.095418655019362,72.85387562532934,Clear
1,2022-03-11 06:33:47,28.585690035130565,77.35996762907784,Clear
4,2022-01-31 22:29:50,22.583325971222735,88.35480884158106,Clear
3,2023-05-07 23:55:15,13.000693631442186,80.24920866434577,Fog
4,2022-06-18 18:40:37,19.076244472068957,72.85543305455793,Clear
3,2025-05-09 06:02:26,22.63898040228702,88.40473020219507,Clear
2,2023-01-29 10:29:11,17.343103074831077,78.58143407793415,Clear
3,2024-06-04 16:15:14,22.569484981218704,88.34437377090337,Windy
1,2024-04-19 14:22:00,28.528798192890168,77.03311566844536,Clear
2,2023-06-24 04:02:32,28.70088598735868,77.21376436219266,Rain
4,2024-04-07 01:14:16,26.84649897415694,80.9486886350061,Fog
2,2024-12-16 08:09:16,19.102048019184657,72.90765990516073,Fog
3,2025-06-22 21:55:46,28.711406916989795,77.24336376805536,Cloudy
2,2024-01-31 18:42:48,28.527541690283066,77.03749226579605,Clear
2,2022-06-07 09:04:51,12.927039351204405,77.63423419392483,Rain
3,2025-09-09 09:01:34,26.869644402540093,81.00939841073408,Clear
1,2023-12-28 15:11:31,28.609485045754294,77.22043348225398,Clear
3,2023-04-03 11:14:03,19.072914579589536,72.93991756865869,Rain
2,2022-03-02 20:56:45,28.6167771024192,77.1973942177374,Clear
2,2022-07-26 18:37:58,28.62042771759092,77.21693043751596,Clear
2,2025-07-22 14:43:30,28.65385381810823,77.2564879889922,Clear
2,2022-06-06 23:21:23,28.502846803543942,77.36902857546349,Rain
2,2023-04-16 23:34:28,25.40364456777481,81.89694184806872,Fog
3,2024-06-05 12:56:34,28.53871016324119,77.38442550129777,Clear
2,2024-09-14 08:56:47,28.516425075711307,77.03486150723386,Clear
2,2023-12-04 07:31:42,19.101610146655176,72.85916294605545,Rain
3,2022-09-16 04:59:06,25.430052517558547,81.78020168055497,Clear
2,2024-08-04 04:29:57,28.594312103671122,77.20269525384566,Windy
1,2024-10-23 16:14:01,22.56547124778997,88.3437781909953,Cloudy
2,2024-08-16 20:48:28,26.810586070724504,80.91507617431353,Cloudy
2,2022-07-07 12:07:53,28.532470884376178,77.42918426596668,Cloudy
1,2022-09-17 13:52:55,28.614882666339067,77.26854637872599,Clear
2,2024-06-09 17:52:57,13.012686532605098,77.5589686814827,Clear
1,2023-05-13 13:46:09,17.360603898572233,78.49666938933744,Cloudy
1,2022-04-09 13:01:33,28.470181392280264,77.36439004464825,Clear
2,2022-01-16 08:55:42,26.804992301138544,80.9158439921936,Cloudy
1,2023-02-07 20:08:19,28.589166581357443,77.23418598241688,Cloudy
2,2023-05-12 02:48:08,28.539519731032865,77.44909639853246,Clear
2,2025-01-30 01:14:46,17.405987527425378,78.53120938770329,Clear
3,2025-07-07 19:13:32,18.974703522984996,72.91944691505765,Cloudy
2,2022-10-23 21:06:00,26.805861203066307,80.87567470461725,Heavy Rain
1,2024-12-16 16:53:52,12.947162647118205,77.64590042445462,Cloudy
3,2022-01-29 21:39:39,28.590915136007826,77.16155603485926,Fog
2,2023-08-25 21:43:16,26.82320423430201,80.94932193688145,Clear
1,2025-07-28 03:15:40,12.964055121980337,77.60398584324376,Cloudy
3,2022-05-08 17:56:58,28.585962787327464,77.24464880996777,Heavy Rain
2,2023-09-25 08:06:22,28.585318783450116,77.2053042464249,Clear
2,2023-06-23 01:40:31,22.5337092145385,88.35184789332732,Clear
2,2025-03-02 06:54:01,17.36418128913411,78.48812793763783,Rain
3,2023-08-31 00:04:14,28.531182116311808,77.37535785732,Cloudy
1,2022-04-18 05:52:08,28.66596072859115,77.23300688918842,Clear
3,2024-02-23 07:00:10,28.53503066538,76.98958298744178,Clear
2,2024-11-15 06:55:51,28.51523049070476,77.37497640606435,Clear
1,2024-06-27 01:46:38,28.559461874870916,77.38246339679898,Snow
1,2023-12-06 18:28:04,28.354173060006087,76.99574014327474,Windy
2,2022-05-12 16:08:29,28.62108902704107,77.23674678002756,Fog
1,2024-07-14 04:21:22,12.973241005065644,77.57177950566502,Clear
3,2022-11-19 14:18:27,28.577977623216356,77.26463044492466,Heavy Rain
2,2024-08-11 00:56:19,28.53011669277416,77.40215894652529,Clear
1,2022-02-13 20:44:25,26.826182030700163,80.90957774875095,Cloudy
2,2025-05-17 01:15:29,28.56701777429605,77.20472791066209,Cloudy
1,2023-06-29 12:10:09,26.875405025794304,80.92982914606496,Cloudy
3,2022-08-06 19:41:33,22.623648996798117,88.40198368524102,Clear
1,2023-04-08 13:07:44,12.984182007892086,77.60913828678771,Clear
3,2024-05-03 09:58:42,28.59613162527766,77.19940147720332,Clear
1,2025-10-19 18:57:44,28.610517113163365,77.2654473081444,Rain
1,2025-02-07 13:22:42,26.865270848271123,80.90852312825368,Clear
3,2023-07-26 05:09:43,28.633200278836146,77.23440374018136,Cloudy
4,2025-12-15 07:41:59,28.643438299018165,77.19907098226756,Fog
1,2024-05-16 03:03:10,28.63546155389545,77.1843671148005,Clear
1,2025-05-19 23:17:09,28.652626161978425,77.16524243909369,Clear
2,2023-10-20 01:26:21,19.088949272485827,72.8495595450716,Cloudy
1,2025-08-17 03:26:40,25.383990639008545,81.84610622742917,Clear
1,2022-06-06 13:32:39,22.573895503212366,88.34895113079436,Clear
1,2023-04-13 21:04:35,28.42568557169048,77.0877066271265,Cloudy
1,2025-12-19 04:35:05,19.100886613589086,72.83671356361184,Cloudy
2,2023-03-07 23:07:56,17.36439576163578,78.50054990363459,Cloudy
2,2024-08-14 18:31:00,26.80317144100339,80.96849333889982,Cloudy
3,2024-12-30 14:41:32,28.62170633086893,77.2114125868308,Clear
2,2024-09-18 22:04:20,28.555195195102872,77.35676740080677,Cloudy
3,2025-05-21 01:40:50,19.044059413063785,72.90224864628334,Clear
3,2023-11-07 17:41:16,28.466050162040705,77.0180021326756,Rain
1,2023-02-11 14:18:05,28.520408709787763,77.37460328222438,Rain
2,2023-03-30 20:26:08,13.100193757259085,80.2010100947866,Clear
3,2025-06-14 22:01:15,28.472078512706215,77.00988645514505,Clear
3,2025-06-25 10:25:18,28.664402902374327,77.20648452249662,Cloudy
1,2024-01-01 13:59:50,28.596333705975084,77.18993818137317,Clear
3,2024-03-16 03:27:20,17.429724982926068,78.50666705658023,Clear
4,2024-03-03 18:07:22,25.474337603541258,81.93687406742161,Cloudy
2,2022-03-12 02:09:46,19.06230343581699,72.86908039560039,Fog
3,2023-10-16 18:54:32,19.068274493506458,72.83105625456412,Rain
1,2024-03-31 18:39:53,19.105472410113226,72.78954091657786,Clear
4,2025-12-14 13:40:40,26.82376353668797,80.95302386970968,Cloudy
2,2023-10-09 01:12:29,19.03480389289914,72.93238240782807,Windy
2,2024-12-28 23:46:19,13.030539114224606,80.30094549892995,Clear
2,2023-06-19 13:09:58,28.512666072834662,77.36069457565789,Clear
1,2022-02-03 21:07:47,28.54234004706093,77.3972761475406,Clear
2,2022-03-23 20:37:13,28.57615793226474,77.26184928636455,Clear
1,2024-12-25 13:13:00,25.430797985780238,81.8285759153604,Rain
3,2024-04-26 13:47:53,26.860873676915688,80.99731007164112,Clear
2,2023-10-13 17:41:59,26.833155530639264,80.97736428018155,Fog
2,2024-10-24 09:06:11,13.123159805878531,80.28461658919187,Clear
4,2024-08-13 22:56:31,28.406335169285995,76.98889138626355,Clear
2,2022-09-21 20:23:11,26.784713011918196,80.92157202679398,Clear
2,2023-10-30 18:48:03,28.586318333186846,77.23199251732197,Clear
3,2024-09-04 06:41:10,25.476621889904646,81.87811952734098,Clear
2,2023-05-25 16:57:46,26.85411898274775,80.90369051751871,Clear
2,2022-06-17 19:32:43,25.386648925415635,81.82586977740087,Clear
1,2023-10-06 07:42:13,26.82734765943173,80.9091648749047,Cloudy
4,2023-11-28 17:25:46,28.600218910648966,77.21611466773702,Clear
2,2023-06-02 00:27:45,22.61082838046653,88.34464492855781,Clear
3,2022-11-12 04:34:24,17.412154538147448,78.474997686079,Clear
4,2022-04-19 13:24:07,25.46616528171272,81.89635604602665,Cloudy
2,2023-03-31 13:13:49,12.970482313848223,77.64472275113665,Clear
2,2023-06-11 21:57:00,13.036953095051329,77.53986247572848,Clear
4,2023-06-06 20:12:00,28.468894464579307,77.03538328572492,Clear
2,2025-08-01 08:31:10,13.116321463137623,80.29840241025906,Cloudy
1,2022-02-15 13:18:11,19.161462600486544,72.86131564131713,Clear
2,2022-07-24 14:04:27,28.589426457751983,77.21109870001935,Cloudy
2,2022-11-24 22:20:19,28.47336948223308,77.04839324755714,Clear
2,2022-10-09 08:17:22,13.051068794873128,80.28032157395788,Snow
2,2025-08-01 20:57:41,28.6450093586839,77.24058720794453,Clear
2,2022-07-07 16:56:27,26.833723029116882,80.94366783836973,Fog
2,2022-06-18 02:15:08,26.91360823599102,80.98818241077538,Clear
2,2022-01-10 23:23:15,13.024524414983183,77.56148462466047,Heavy Rain
1,2025-11-29 01:45:40,26.8349376656223,80.95560817270538,Rain
3,2024-01-23 07:51:04,13.022245161615478,77.63911714061979,Snow
3,2023-08-03 13:10:39,28.63682850950679,77.1598901557169,Clear
1,2023-12-07 06:13:07,26.861376965536156,80.91825178627356,Clear
2,2024-08-19 02:46:29,19.086734392971046,72.87717695722027,Rain
2,2024-07-11 22:22:39,26.84518543838636,80.9280559308661,Cloudy
1,2022-04-16 22:25:37,17.377829877800504,78.5650987817281,Clear
2,2023-01-08 14:50:21,19.042075228057946,72.90723962382418,Windy
4,2023-07-27 04:54:45,22.57218009293803,88.32966919417672,Heavy Rain
1,2022-11-01 17:20:34,25.440679530577125,81.80431938097156,Clear
4,2024-04-18 01:27:20,26.85296947348226,80.92350438526043,Clear
1,2025-04-25 20:25:59,28.482638458070497,77.35290189724631,Fog
1,2024-11-02 22:14:58,28.431333686519828,77.08114032348703,Clear
1,2023-07-25 16:20:47,25.491482947549393,81.823188405802,Clear
3,2024-05-12 22:50:22,26.82948816855703,81.02240527066422,Cloudy
2,2023-04-10 22:22:32,28.4802496659391,77.04468141505019,Clear
2,2022-10-06 22:04:20,26.856307989562264,80.93979768455556,Clear
2,2023-08-12 19:16:54,25.396464255820604,81.85953161911497,Clear
2,2024-10-05 03:52:43,17.401960201747798,78.52317449080151,Clear
1,2025-12-12 05:09:15,28.492271808329026,77.01011535664077,Snow
1,2022-03-21 01:37:50,25.436883183089375,81.79362248440111,Clear
2,2025-11-15 17:57:23,12.98085054949266,77.67749377138824,Clear
2,2023-04-21 06:54:13,26.87993745245158,80.88617173284861,Fog
1,2023-03-07 14:06:44,22.59673273899152,88.421166345537,Rain
1,2025-03-24 03:19:18,25.546321994906553,81.87803755455263,Clear
3,2023-10-31 13:07:58,13.07750056047848,80.2752552871695,Clear
3,2023-04-11 06:11:48,28.560248715603727,77.36588754892705,Fog
1,2025-01-21 05:34:20,17.392151195939594,78.44515043837008,Cloudy
3,2022-08-02 05:20:40,12.960394067212276,77.57569000652366,Fog
2,2022-08-18 21:12:33,28.541499995290057,77.03166679218911,Cloudy
2,2023-06-12 20:32:45,28.58999727127897,77.19636194928147,Clear
2,2025-07-05 05:54:26,28.54546612961938,77.34025880422007,Clear
2,2024-10-23 22:09:36,17.40116993082961,78.49078277275055,Snow
2,2023-10-05 21:36:53,17.347975718348643,78.4958268386119,Clear
2,2022-07-08 18:42:09,13.051793070743708,80.31004618747893,Heavy Rain
2,2025-02-13 16:50:27,22.623484408299266,88.34710123750507,Rain
3,2024-07-07 06:00:21,22.58291907412234,88.35704962573206,Clear
1,2022-03-07 14:14:49,13.092411773446813,80.30701133343479,Cloudy
1,2025-02-28 16:07:42,26.78791740224803,80.90390937695193,Cloudy
1,2023-01-30 06:15:05,28.624025662255583,77.24896408247078,Clear
1,2022-11-27 17:58:08,12.973200869515093,77.55792467929038,Cloudy
3,2023-12-25 02:10:33,19.084435109818184,72.8486293317882,Rain
1,2025-12-22 19:17:44,28.560988871166916,77.2862381726219,Rain
2,2025-08-16 15:17:03,19.075850797182465,72.90777949891658,Cloudy
4,2023-12-02 02:30:52,26.880853816805097,80.94651001962842,Clear
3,2024-05-22 02:24:02,28.44411112968785,77.06632628999856,Snow
3,2023-06-02 09:15:20,13.059710758595696,80.23295897266799,Heavy Rain
3,2024-04-04 03:15:17,26.81248236069958,80.98221071045877,Clear
1,2022-12-09 05:53:50,13.05953226870289,80.28466516657355,Clear
1,2025-02-18 22:47:17,28.671221425648834,77.21763548739503,Clear
1,2023-01-27 12:25:25,28.469209738893305,76.99954592980417,Clear
1,2024-01-24 19:05:48,26.812052964044174,80.93883291893121,Cloudy
2,2024-08-04 05:03:14,17.382627086177703,78.44379476800437,Clear
2,2025-04-17 18:33:09,18.972107104941745,72.92493412098419,Fog
2,2024-06-25 01:44:05,12.938350150376811,77.57525372245267,Clear
1,2022-01-21 12:48:00,26.880926789424556,80.92498285730342,Cloudy
2,2023-06-02 19:14:48,26.897461909056567,80.90692473034798,Rain
2,2022-12-28 12:04:33,19.07875006273364,72.85749726652664,Rain
2,2022-12-04 00:41:48,12.916994021120452,77.66870634505298,Clear
2,2024-02-26 23:52:42,22.549066224548575,88.37567749260873,Cloudy
3,2024-11-19 22:51:09,28.673779702968623,77.202182582081,Cloudy
2,2023-10-14 12:38:44,28.546303635291945,77.40732595905394,Cloudy
2,2022-07-26 22:55:38,28.421268229571712,77.03121362064088,Clear
3,2022-04-21 03:04:02,28.483801423340225,77.11664633362356,Snow
2,2025-08-04 07:55:56,28.475643871451286,77.42730100153862,Windy
2,2023-01-29 19:13:43,12.94060001700701,77.57273078835479,Windy
2,2024-02-06 18:13:23,28.435491846113333,77.036206901767,Rain
2,2025-11-07 12:27:28,28.49860630970515,77.31894617598282,Rain
1,2024-12-05 23:55:57,17.430230281140965,78.43784384179378,Clear
1,2025-07-26 10:26:05,26.818592039674833,80.9139281433488,Clear
2,2024-07-06 23:26:46,28.69101584353402,77.23112530703918,Windy
2,2024-09-25 22:37:48,25.44071026989952,81.82331980628285,Clear
2,2022-10-20 00:32:44,28.40974158331793,76.95762475513541,Clear
2,2025-07-14 05:54:13,28.461163012216645,76.99298540778568,Clear
1,2025-05-05 03:12:05,25.396846566247923,81.79504417807063,Cloudy
3,2022-08-09 16:52:46,26.808771695830014,80.94860882801967,Clear
2,2024-09-07 19:00:59,19.06986712616793,72.86536415537618,Rain
2,2023-04-02 04:06:41,26.823560201073313,80.93918000867706,Clear
1,2024-01-23 15:55:39,28.415171140986924,77.06745517510844,Cloudy
1,2023-05-07 20:52:45,28.555380963487263,77.19245577027968,Clear
2,2022-10-02 01:23:03,25.403349995506257,81.799746486602,Heavy Rain
2,2022-06-04 19:05:51,22.51843505720523,88.37103803501306,Windy
2,2023-05-22 16:44:39,19.048223422512134,72.88880405034477,Clear
1,2023-01-13 10:54:02,28.54623764868615,77.31634082737988,Windy
2,2022-05-04 06:26:20,28.584245694156426,77.37854598054088,Cloudy
3,2024-06-30 06:30:48,28.57817812358237,77.18043775340279,Cloudy
2,2025-08-03 05:31:14,28.60048353182712,77.39213493114654,Cloudy
4,2022-02-22 14:57:02,25.39175962651622,81.83868346020488,Windy
1,2025-08-15 13:01:08,25.442345703769288,81.86683187089159,Cloudy
1,2023-12-14 10:24:45,28.553078215212317,77.33421877853472,Rain
1,2025-05-24 00:03:39,12.96204476381921,77.61507574663007,Heavy Rain
2,2023-03-24 15:35:26,25.40994414461433,81.82435402518594,Rain
4,2024-05-15 18:52:23,26.845172828559168,80.93445461096216,Clear
2,2022-07-22 10:48:37,28.375780633865535,77.03874361039095,Clear
2,2024-12-11 05:43:24,28.46874723001089,77.38393789682954,Clear
1,2023-05-14 16:21:34,12.92090754287146,77.58436686264172,Clear
2,2022-07-29 13:59:40,28.47848483893362,76.9982862637476,Clear
2,2025-05-29 13:03:00,28.50030554100857,77.3781542153479,Clear
1,2024-02-18 11:38:22,12.944165539132037,77.58218618740243,Clear
1,2022-03-20 13:39:55,28.610687355361552,77.2269951417672,Clear
1,2022-08-01 22:13:03,26.779857081561936,80.91813218837278,Heavy Rain
2,2024-01-18 07:41:29,26.81244654852923,80.87377385772034,Clear
3,2022-11-02 00:50:40,13.043584488508184,80.32486742707584,Fog
4,2023-07-11 07:58:01,26.815384695019645,80.99697965675063,Cloudy
1,2023-04-24 06:48:54,12.934277292361532,77.59225643883897,Clear
3,2025-10-30 04:45:35,28.64515737394454,77.21416781441881,Clear
2,2023-11-29 01:02:40,28.61614358977326,77.20384555603705,Heavy Rain
2,2025-02-22 06:40:44,28.504789622465207,77.01640926803508,Rain
2,2025-09-23 02:29:17,28.552390182035904,77.21988636728788,Clear
2,2023-07-15 04:23:09,28.468866736839693,77.0201326708575,Rain
1,2023-04-15 00:45:48,22.554003946323594,88.38158028746591,Cloudy
1,2025-09-22 14:23:51,28.6181122470382,77.23421599132766,Rain
2,2023-07-21 07:29:10,26.90185021576308,80.94685766789578,Clear
1,2025-04-17 14:47:57,26.856665744497427,80.93723811733616,Cloudy
1,2022-10-21 17:42:02,12.97651270173523,77.5943762687979,Heavy Rain
3,2024-04-20 21:31:17,17.366269250649133,78.54586584343551,Cloudy
1,2023-04-17 21:21:43,28.6452547808036,77.21220180020921,Windy
2,2023-10-08 06:47:21,17.399468021019565,78.48861141240185,Clear
2,2025-07-04 18:59:23,28.563737091249934,77.41711068581576,Fog
1,2022-08-28 00:57:21,28.671467357617576,77.24246607024463,Clear
2,2022-01-14 08:10:54,13.057595095944453,80.29380905473474,Cloudy
1,2022-05-08 05:46:20,19.09357006611733,72.81795981032325,Clear
2,2023-05-18 11:46:33,28.450157110950112,77.0852607510566,Rain
2,2024-01-23 19:31:40,17.4167175554222,78.46590327053114,Clear
3,2022-04-08 01:44:58,13.080568990808267,80.2773608543889,Clear
1,2024-09-11 04:06:55,28.60227045545625,77.18756071841761,Clear
1,2023-10-01 22:05:44,17.33817537698644,78.4288665580241,Clear
1,2024-04-24 04:42:59,28.545888948799107,77.38353490553149,Rain
1,2022-09-08 20:11:29,19.063008281705848,72.84467855614572,Clear
3,2022-08-20 00:39:10,28.60641257367771,77.17480689912163,Fog
1,2022-11-03 10:00:27,28.55188141035181,77.19060188889647,Clear
2,2022-04-03 16:09:37,17.417385169238994,78.53412125260326,Clear
2,2022-01-21 09:17:57,26.823819028956756,80.97823910396697,Cloudy
2,2024-02-05 16:21:51,22.56651652704879,88.34715716491942,Cloudy
3,2023-02-02 09:26:37,28.60327091336131,77.25004113855601,Cloudy
1,2024-04-17 02:43:50,13.028486560817631,77.54694137393378,Windy
3,2023-03-11 12:06:59,28.59791304621106,77.37130184840458,Clear
3,2024-04-29 04:01:26,28.34372350166259,77.02130229837485,Rain
4,2022-11-26 23:53:49,26.796041136777937,80.92722707557333,Windy
3,2022-10-17 06:44:06,12.921769876345362,77.67796807441955,Fog
3,2022-06-19 02:55:37,19.137715458010486,72.86869392247938,Rain
1,2023-01-18 09:22:14,19.046607090742796,72.8598113175685,Snow
1,2023-09-21 21:38:00,22.60433744933364,88.37810475933425,Fog
3,2023-09-12 08:56:10,28.479257437141662,76.98593870449383,Fog
3,2024-05-06 02:56:51,19.053710417500536,72.90363559329678,Clear
2,2025-07-14 02:37:36,28.62601580373692,77.21139378512228,Cloudy
3,2023-11-28 17:36:03,12.92192154754714,77.60243982391154,Clear
2,2025-08-18 09:43:08,28.49562498442764,77.45053400317958,Snow
1,2022-11-04 01:12:38,28.55630632685436,77.3479945633844,Rain
2,2025-12-26 09:12:02,28.599684700419918,77.1758556032034,Fog
1,2022-07-01 06:11:52,28.557444411524806,77.21143173406774,Rain
2,2024-05-05 15:59:40,28.584276059297782,77.27004361145632,Clear
1,2022-11-04 12:23:38,28.554627673376295,77.3524335009454,Rain
2,2022-05-03 02:14:14,26.883685565077148,80.99646312711637,Heavy Rain
1,2025-10-09 14:29:45,28.577961271593704,77.40965121020795,Clear
2,2023-04-30 08:16:09,25.456534735258558,81.8709332583788,Windy
2,2023-09-25 19:30:23,12.97739220474466,77.62841488813014,Clear
1,2024-04-19 10:40:29,13.038941324534356,77.6265430698143,Clear
3,2022-12-06 13:53:54,13.067179970361774,80.2612405371314,Clear
2,2024-09-10 03:22:52,28.401409262351642,76.98262998855076,Clear
2,2025-07-18 08:13:23,26.825536170245538,80.87315257640017,Clear
2,2022-05-17 23:14:56,25.41647039283521,81.83625944573855,Cloudy
2,2022-08-16 22:26:06,28.512678236403318,77.05215280323881,Snow
3,2024-01-01 06:40:24,26.851719208637494,80.96633748535821,Fog
1,2023-06-15 22:32:56,28.568059380897132,77.2258527670847,Windy
1,2025-01-04 21:10:53,26.789774923437918,80.96074851909339,Rain
2,2025-10-17 07:16:36,25.442217880116615,81.84731972116471,Windy
3,2024-08-05 00:16:39,22.507940997870055,88.35596931085155,Heavy Rain
2,2025-09-27 20:52:39,28.44089029161016,76.98842416797969,Windy
4,2025-09-25 07:05:45,28.559442939257163,77.36413154459933,Snow
1,2022-04-29 23:56:10,28.598464166281676,77.21794948383169,Clear
3,2025-03-11 08:13:38,12.96596832716032,77.5530065365241,Clear
4,2025-08-16 08:30:49,19.0399112881347,72.85974054637725,Clear
2,2023-10-30 21:40:23,12.996251851040165,77.62533748993542,Cloudy
1,2025-09-25 10:38:21,25.452422195582784,81.901648158921,Rain
1,2023-10-04 06:57:30,25.42209152866736,81.78041177369863,Clear
2,2025-05-28 05:17:02,28.540475180438552,77.34521574480597,Cloudy
3,2023-01-08 20:03:37,25.39945107000375,81.88524793684645,Fog
2,2024-09-15 11:57:09,17.36359249891283,78.47709487905597,Cloudy
2,2022-04-03 10:47:10,28.5676220252693,77.4333558133378,Rain
3,2023-05-21 21:38:01,28.64302150660754,77.22135277896457,Rain
2,2023-06-11 13:13:26,17.332596866193054,78.51212790678176,Clear
3,2022-02-05 21:19:19,28.591503424638717,77.44449160472202,Clear
1,2024-11-17 06:38:02,28.551604371212715,77.24624597458194,Cloudy
1,2025-10-17 20:25:35,22.567923029459564,88.33671570814597,Cloudy
1,2024-08-21 17:20:39,28.592884356204397,77.22204685284967,Fog
4,2022-12-17 15:05:39,22.56122997257255,88.39398707753992,Windy
2,2023-08-05 15:36:02,28.566708397315182,77.21609686605682,Cloudy
2,2025-04-16 17:38:58,17.368943160961685,78.47325220848089,Clear
1,2024-12-29 21:53:30,17.386797556558097,78.4581016589476,Clear
3,2024-07-14 04:45:19,28.58945341846254,77.20615521581952,Cloudy
1,2022-01-29 22:41:56,19.089648095978422,72.880321065453,Clear
4,2023-04-20 16:41:34,28.597101531779717,77.39328089193792,Heavy Rain
2,2025-05-24 08:26:27,28.50455872690283,77.41528941341146,Windy
3,2023-10-31 17:10:26,28.620210676796813,77.17553525039645,Clear
1,2022-09-12 12:46:10,28.55225384132278,77.396463175846,Clear
3,2023-05-11 01:34:46,25.481897053728858,81.83993930143012,Rain
1,2024-02-28 14:22:43,28.590749106151723,77.24355330334468,Cloudy
2,2022-12-05 05:33:42,26.83497090262721,80.97121288931682,Clear
3,2023-04-26 23:37:06,12.951987639537906,77.58846246389618,Windy
3,2024-10-01 06:29:07,25.43334837446952,81.87168965895052,Clear
2,2022-06-14 20:39:20,26.877269868698153,80.89829359125414,Cloudy
2,2023-07-07 10:00:37,28.51613239684081,77.09636842252038,Clear
3,2025-05-14 15:12:32,28.54221978260178,77.44672787757771,Clear
2,2023-09-19 20:25:16,28.599201218446858,77.39025231696455,Clear
1,2025-12-19 23:06:41,28.503032769718935,77.38160573315739,Clear
1,2024-09-29 04:11:35,28.548038210790505,77.45693338609148,Clear
3,2023-08-23 23:27:52,28.593955975984315,77.23256974924821,Windy
4,2023-05-18 20:36:39,13.015219197334954,77.58591660326289,Fog
2,2024-05-21 06:34:45,22.582673367392424,88.34349618232584,Clear
1,2025-10-11 20:02:14,19.054725385422426,72.94175057001404,Cloudy
2,2023-09-16 10:18:26,28.51770197792456,76.99612750231617,Clear
2,2022-05-15 07:58:32,26.831042296779355,80.9760205262218,Heavy Rain
2,2024-04-24 05:22:26,17.36985691703112,78.50043596064647,Cloudy
4,2024-02-12 16:48:31,26.795694524934564,81.01761213096174,Snow
1,2023-02-05 21:57:00,26.824249273852573,80.95121895950618,Cloudy
2,2025-07-07 11:45:40,12.981391869770489,77.56102377321733,Snow
3,2022-08-13 07:30:50,17.39943245891801,78.54186603847094,Rain
1,2023-06-09 22:51:42,26.89830095287521,80.9513597854498,Heavy Rain
4,2025-06-14 07:53:36,12.972788490980781,77.58194980312774,Rain
2,2025-07-10 02:21:42,28.635868814625606,77.26726246376882,Clear
1,2024-06-16 01:10:43,12.95252322184543,77.55812762617641,Rain
2,2023-03-21 08:29:23,26.881822670184572,80.85420176008607,Clear
4,2023-12-01 18:53:46,28.66857927887293,77.31208362014773,Clear
3,2025-10-10 07:54:06,28.570672560292376,77.37725196440917,Clear
1,2024-05-29 00:49:47,19.041458058054886,72.87851081280218,Rain
4,2025-11-08 08:19:51,28.59336844925541,77.18630548168645,Clear
4,2024-10-02 05:16:27,13.064101866891852,77.6309361066843,Snow
3,2023-06-17 13:35:21,26.84888564418321,80.96547007577956,Clear
1,2024-10-06 02:32:28,22.561238311396075,88.37222061047672,Snow
2,2024-05-02 13:16:37,28.515509049424697,77.34610561820864,Clear
3,2024-02-12 05:49:39,19.108737243674618,72.87625727398212,Snow
1,2024-08-29 05:47:17,28.566595642562547,77.3878987862778,Cloudy
4,2025-03-08 08:47:04,22.614573714944484,88.37088578730791,Fog
3,2024-09-20 13:22:43,28.638990783718683,77.14277702760452,Cloudy
4,2023-09-28 11:49:43,26.846825391064147,80.93938677067415,Heavy Rain
2,2023-01-10 19:42:29,28.588863685999662,77.39081706908881,Fog
3,2025-05-29 12:40:58,26.8255796757929,80.99970725924986,Cloudy
1,2022-08-19 10:27:56,28.607429025591546,77.18040845618604,Snow
2,2022-04-22 10:58:40,19.100006165975326,72.86852182507161,Clear
2,2022-09-24 20:22:03,26.7999810613844,80.9418572970864,Clear
2,2025-05-25 02:55:46,28.5351114093282,77.44015069268082,Clear
2,2023-06-06 02:20:35,19.109582781995815,72.90422069399735,Rain
3,2022-12-07 09:14:31,28.493363022286175,77.39888398386942,Cloudy
1,2023-02-04 03:13:36,25.352391073661995,81.8379166489081,Clear
1,2025-09-26 07:03:19,19.094242552691608,72.804748393253,Clear
2,2022-03-21 02:21:27,19.059909051172795,72.86583190969156,Clear
3,2022-06-12 16:56:29,28.48042598718134,77.4343838210832,Heavy Rain
2,2023-09-16 08:07:14,28.568009966237458,77.23980749488685,Clear
3,2022-10-07 09:33:28,13.053033047562609,80.29935081164201,Clear
3,2023-10-09 19:01:02,28.627135457746245,77.21376781068318,Clear
2,2024-05-24 20:39:33,12.96571511238828,77.59984982814677,Clear
2,2022-07-03 20:01:18,22.559577748613403,88.37373118943104,Cloudy
4,2025-06-09 15:30:55,28.3790224806317,77.03254393354042,Cloudy
2,2024-04-02 01:36:39,12.960576385564085,77.58221170143142,Cloudy
1,2022-12-03 20:56:48,28.45506675904283,77.00731093159858,Clear
1,2025-07-21 12:16:37,17.33580131173036,78.43292391037589,Clear
1,2022-05-02 09:07:44,17.383743135872656,78.45066523927204,Cloudy
3,2023-01-19 01:29:06,28.53029407498203,77.38587779654412,Clear
2,2023-10-18 18:31:34,28.539641557661437,77.35193775383749,Cloudy
3,2024-12-07 18:59:07,19.134901093613173,72.82564960175016,Clear
2,2025-10-17 00:19:33,13.031127117563933,77.55138218370735,Clear
3,2024-08-15 16:48:08,26.80894687301393,80.95530190804114,Clear
1,2025-12-13 03:34:59,22.556976052541458,88.39769507455776,Cloudy
2,2024-01-12 09:58:12,28.621330486618117,77.21742032652044,Clear
2,2024-10-04 22:01:13,19.123610324753248,72.84669104711341,Snow
2,2023-04-25 18:46:58,17.34342776328705,78.51354654451063,Rain
1,2023-10-25 04:28:40,26.798796512601797,80.98209227551932,Clear
2,2024-04-22 06:04:27,12.959510756685862,77.61545871580908,Clear
4,2024-11-01 13:40:55,28.61858796590332,77.18759074074045,Clear
1,2025-04-20 22:34:14,26.846776425679295,80.89807201683915,Clear
2,2025-06-10 00:25:54,17.43177943101133,78.50532450000513,Heavy Rain
3,2024-12-26 03:07:46,28.557166398269125,77.24475777922702,Clear
4,2025-12-29 21:41:40,19.04328868805934,72.91956525775342,Windy
2,2022-11-30 11:41:00,28.644423156843683,77.20318152746877,Clear
4,2023-12-06 18:55:52,12.944909649967604,77.63113219347406,Rain
1,2025-02-26 10:57:26,19.082205402460158,72.87766251032619,Cloudy
2,2025-09-18 02:45:56,26.89758595709918,81.01836772346013,Clear
2,2024-06-04 10:04:16,28.59483562995081,77.25416788491698,Clear
2,2022-10-06 08:49:13,28.439960116244638,77.06915211647429,Heavy Rain
3,2022-02-13 21:50:41,28.606476861552785,77.22797710524182,Clear
2,2025-05-01 15:11:57,26.891512320729298,81.00015100181913,Cloudy
1,2024-02-08 11:13:25,28.676528105718333,77.19503513495222,Cloudy
3,2025-06-01 08:54:31,28.453366482296246,76.99829220585542,Clear
2,2023-11-15 18:46:50,28.529780746924402,77.39733187363288,Clear
2,2024-07-14 18:31:25,19.053038783461577,72.91660710159493,Clear
3,2022-06-21 14:32:32,28.536681555505567,77.03494320916944,Heavy Rain
4,2024-02-08 08:37:37,22.574276107393633,88.35404090877238,Heavy Rain
2,2022-06-12 05:49:17,28.490806059508678,77.03830311614057,Clear
1,2023-05-20 06:20:18,28.561286717080876,77.41266011155507,Clear
4,2022-06-09 10:55:01,25.347478992312062,81.83576726474604,Fog
3,2023-07-24 16:00:15,28.591258717752602,77.35466625547387,Clear
3,2023-09-30 06:35:15,17.32270618886368,78.4942023272897,Heavy Rain
2,2025-07-11 20:45:54,19.08744188024837,72.87415072595974,Cloudy
2,2025-01-08 01:13:11,28.443722542741728,77.09961924352828,Cloudy
4,2025-04-13 06:00:46,22.59497998147674,88.39514941940118,Fog
4,2025-01-03 17:17:29,22.627581026589827,88.38631179888255,Clear
4,2022-07-26 19:20:31,28.437813168585873,77.05293526702862,Cloudy
2,2024-02-04 05:20:59,22.558772658285548,88.36123343360481,Cloudy
3,2024-11-03 21:21:15,28.525625626990177,77.36891977712608,Rain
4,2022-10-08 02:24:55,12.952346734785039,77.61161110608005,Fog
2,2022-05-21 02:07:24,13.044054909016763,80.23717252561767,Cloudy
2,2024-01-21 03:47:59,26.83265893898884,80.9762422931552,Snow
2,2025-03-29 01:28:51,17.411594977677083,78.47844263021202,Clear
2,2024-09-03 17:16:18,22.628206782813045,88.3196923522316,Rain
1,2022-07-27 19:40:22,17.384207455445228,78.4798297233789,Cloudy
4,2024-05-10 15:46:30,25.463354670259303,81.86238514209089,Clear
4,2023-10-09 19:32:25,26.831698921706792,80.98360467430471,Cloudy
1,2024-01-04 11:59:24,28.509063071309544,77.36395603818191,Clear
2,2024-01-03 23:59:46,26.808064753342574,80.94087261671481,Clear
2,2024-02-12 06:05:02,28.51630611242661,77.40031753410535,Clear
1,2025-07-05 03:22:05,28.4750362493665,77.06934080125015,Fog
3,2025-01-16 14:19:29,22.51900047562149,88.36361732122326,Clear
4,2025-09-29 19:24:17,28.63517581165919,77.16722429525882,Clear
4,2023-05-31 21:51:47,19.02373835657269,72.87179253419045,Fog
2,2024-05-18 18:47:15,19.02398432038877,72.89494517712986,Cloudy
2,2024-10-21 21:52:45,28.522777649363334,76.9893243857775,Fog
2,2022-05-06 22:00:22,26.86860762335905,80.99414538781767,Clear
3,2025-01-13 21:38:47,26.82052232323427,80.94162249985241,Heavy Rain
3,2022-04-12 23:05:00,17.43868159189244,78.52372919612239,Rain
2,2025-12-13 09:18:44,26.827824047673616,80.978977731212,Heavy Rain
3,2023-08-04 11:58:34,22.57906655263988,88.33654781964677,Fog
3,2022-08-21 16:42:15,17.38476624994316,78.51244484144058,Cloudy
2,2024-06-07 22:34:21,19.05684735459069,72.9403426769608,Clear
2,2024-08-02 20:30:00,12.983171464138165,77.57481275166246,Clear
3,2022-12-08 22:06:33,28.493349187361115,77.40580779861136,Clear
4,2023-11-03 20:25:14,17.406497592041937,78.49489823937837,Snow
2,2023-10-24 04:31:19,19.092715608684355,72.84559584252379,Clear
3,2023-09-01 02:21:27,26.855737095714538,80.93609696437623,Clear
3,2022-11-24 13:59:12,28.591955567917992,77.2414657032411,Fog
1,2022-02-07 05:17:27,28.452831194859556,76.98498207024292,Cloudy
1,2025-07-17 07:27:51,17.38897325237673,78.4951377641742,Clear
2,2025-08-15 15:43:45,25.379585769169616,81.86608392696903,Clear
1,2024-05-02 15:10:57,28.548927925835336,77.36026522886702,Clear
1,2023-07-10 17:07:28,17.324252919345074,78.50014811707817,Cloudy
1,2025-11-15 05:54:29,17.400553053754624,78.55468951561623,Rain
2,2022-07-04 15:00:43,22.589502548081217,88.3860208128266,Rain
2,2025-04-20 17:53:13,28.524381570517185,77.39484429252215,Rain
1,2023-09-01 08:50:37,28.533139370450566,77.43277641143105,Rain
2,2022-05-24 10:28:44,26.836638054053328,80.98007226015828,Cloudy
1,2022-05-05 11:34:40,28.59980083000338,77.20307349000097,Rain
3,2024-07-27 10:53:57,28.479703828615634,77.4093126653912,Rain
1,2022-02-14 17:19:18,28.441652476412198,76.96014825290092,Rain
2,2023-12-17 18:37:13,28.615838891912418,77.22422669300742,Clear
1,2024-08-17 22:01:14,17.32886008348358,78.45791574179547,Clear
3,2025-04-18 04:45:48,28.500966442619386,77.02841901043504,Clear
2,2023-10-06 08:56:05,17.42126855242505,78.49907278067433,Clear
2,2025-09-09 01:15:13,22.60005284975197,88.38884816817342,Clear
2,2022-01-16 10:49:03,12.99741348222133,77.6042337040649,Heavy Rain
2,2025-12-17 05:40:46,19.07792625366607,72.78396501649515,Clear
2,2024-04-24 06:52:25,28.57449171863526,77.16550829492694,Rain
3,2023-11-17 05:33:29,28.556319903068903,77.36953758376335,Cloudy
2,2024-07-25 06:22:34,25.461462554316757,81.86857897133265,Clear
4,2024-12-14 10:04:24,13.050756243375645,80.26094702831423,Clear
3,2024-03-16 15:41:10,28.69881623013446,77.22189232013444,Clear
2,2025-11-03 23:59:16,26.86613896012281,80.9841141621703,Clear
1,2023-01-17 11:06:18,12.95940368330233,77.6293900975929,Clear
1,2024-04-08 11:34:01,28.5886450821181,77.21385996113509,Clear
1,2024-05-14 16:28:31,13.085445207751917,80.28047332139964,Clear
2,2022-08-07 09:05:50,17.36335409633672,78.47936042627965,Clear
2,2024-11-09 13:28:08,26.831635485195942,80.99408661583121,Clear
3,2022-05-20 02:13:40,26.847792510638435,81.02030804857472,Rain
1,2024-06-11 14:36:11,28.50161825715576,77.37120565331593,Cloudy
2,2024-05-11 03:34:02,28.495467533616896,77.38719353677095,Clear
2,2024-10-04 09:07:52,28.54869977447421,77.19028297103797,Clear
2,2023-01-14 10:59:58,28.553056084751738,77.19645438337427,Rain
1,2025-10-27 02:27:14,19.10848054807031,72.88499721897016,Clear
4,2023-06-25 19:56:58,28.611989235686057,77.1957559122929,Heavy Rain
1,2022-10-05 19:23:58,28.44644810085669,77.09397951092367,Fog
2,2024-10-02 23:01:46,28.559114514532077,77.45833810810755,Clear
3,2023-12-31 20:30:28,13.012625004630866,80.25462327065817,Heavy Rain
2,2023-01-16 21:06:26,26.80720770318712,80.99042386537788,Fog
4,2022-01-06 11:10:45,13.005238271003124,77.5360420595623,Cloudy
2,2023-08-23 17:15:32,25.413638478122216,81.82792757177269,Rain
1,2022-08-27 23:41:04,28.511489018324962,77.02537388352965,Cloudy
3,2024-08-21 13:35:24,12.982204679983301,77.6298635990871,Clear
2,2025-04-27 13:41:43,28.66084655243424,77.21223474015687,Clear
4,2023-02-23 13:45:54,26.870342838642237,80.8811064688352,Cloudy
2,2024-02-17 07:57:21,12.932769055559383,77.65454489939466,Rain
2,2023-08-26 10:26:32,26.851979870288236,80.93529035250273,Clear
1,2025-12-28 22:32:47,26.88293467981631,81.01803384222424,Fog
4,2022-07-09 04:47:48,28.538462306512972,77.2239781604206,Clear
1,2023-01-16 08:14:41,17.390980573506145,78.4871289400721,Clear
3,2024-02-22 10:42:26,28.51328215812635,77.334540449338,Clear
1,2022-01-03 15:07:38,26.84212548856436,80.91969069704072,Clear
1,2022-08-08 18:08:24,22.565593852712052,88.3950412164985,Cloudy
3,2024-01-04 11:03:46,28.575037604367044,77.16838694578165,Heavy Rain
3,2024-12-09 06:18:04,28.546322782112924,77.00920629034779,Clear
3,2023-10-18 19:39:02,26.83471206572002,80.8657730613525,Rain
1,2025-06-02 16:53:11,28.64001974364774,77.17537853882556,Clear
1,2025-04-22 03:23:16,28.46019984201722,77.01260606429997,Clear
3,2022-02-20 11:46:39,26.847074265912877,80.9586042298616,Clear
1,2025-11-27 09:50:33,28.520105135791486,77.45363035488771,Clear
1,2023-04-20 08:46:14,28.61526130806827,77.21639832291261,Clear
1,2022-12-21 05:45:42,22.512160734819297,88.41988495427248,Cloudy
3,2025-11-04 22:42:28,28.58520940252464,77.23008873779554,Cloudy
1,2025-06-01 17:53:41,13.120409577459826,80.31323640896669,Rain
1,2025-11-08 05:05:05,28.462890311136654,77.09118898884377,Snow
3,2022-05-17 12:58:12,13.01980783025734,77.60784238892735,Clear
3,2024-06-21 18:56:18,22.5837692294654,88.40544679027333,Windy
2,2022-07-26 01:08:12,28.562609715653384,77.39512825598125,Clear
2,2023-10-10 03:42:42,26.77589933449698,80.95727524891993,Clear
1,2023-04-28 18:03:04,25.43399311015618,81.8312565827009,Fog
1,2023-05-13 09:03:55,26.818527227149023,80.88320082003534,Clear
1,2023-11-20 10:34:13,26.813240632936104,80.97867347875003,Clear
1,2024-09-24 01:49:11,13.016034407348162,80.23309852094984,Clear
4,2025-10-27 15:41:20,22.595414455019313,88.38010194728226,Clear
4,2025-12-25 09:31:02,28.553880063057587,77.43859013745504,Heavy Rain
2,2023-12-06 04:25:03,26.76905005119171,81.03085722227597,Clear
3,2024-12-19 15:18:58,25.4593950401792,81.8713691873764,Fog
4,2022-09-20 20:25:09,28.514508601664442,77.4014052069697,Clear
1,2025-03-23 06:24:43,28.59040168447243,77.26745328652041,Rain
2,2024-09-21 12:33:52,12.959646785474815,77.6258577102098,Clear
1,2022-02-23 15:46:08,12.917436414107888,77.61316325421433,Fog
4,2025-07-06 01:44:42,28.47535060143782,77.01728254673577,Fog
1,2024-11-08 20:05:37,17.43340974763724,78.46289466719868,Cloudy
3,2025-04-15 16:08:24,12.986803192270994,77.59920653806455,Clear
3,2024-04-12 15:07:51,28.593120520055447,77.21160793347838,Snow
1,2025-12-27 23:01:01,28.424931958464054,77.0027216351829,Cloudy
1,2024-09-29 20:35:32,19.12101175363522,72.89754430921435,Cloudy
1,2023-04-14 13:58:38,25.462744888522003,81.84641146973267,Cloudy
2,2025-10-25 05:38:10,13.00175771018131,77.61887311824789,Snow
1,2024-05-20 05:12:04,19.151020568649027,72.86871918074738,Windy
3,2023-05-31 07:03:08,17.30744621512428,78.4798597803717,Clear
4,2025-10-24 12:50:52,26.836858209573087,80.93713205793219,Windy
2,2024-08-09 10:19:32,28.65397505174827,77.1968838242642,Fog
2,2025-10-04 17:02:41,28.43080997419964,77.03836920329151,Clear
1,2022-10-11 21:19:09,25.466931483125812,81.88500774116852,Clear
4,2022-12-13 03:53:09,25.47201300794539,81.86332746558563,Clear
1,2024-05-18 20:49:21,25.43615234529829,81.90574605458315,Windy
3,2025-10-24 18:31:47,28.590570531906845,77.23959594551638,Rain
2,2024-03-05 05:51:59,13.018810466469207,77.63572266349198,Clear
2,2024-01-21 09:45:03,13.102076959327539,80.28541084361198,Clear
4,2025-07-06 16:45:28,22.626323119591103,88.38124267843334,Clear
2,2022-11-12 19:32:24,17.40553806477575,78.47728356178392,Clear
3,2022-11-23 20:25:07,26.847357220318578,80.95574776852001,Clear
3,2023-02-06 08:30:49,28.64172611278248,77.24813592952134,Fog
1,2022-01-02 21:56:53,12.95135728145544,77.67392713792437,Cloudy
1,2024-12-09 20:17:09,28.485902905407627,77.01153217486427,Cloudy
2,2024-11-09 02:31:14,28.534719201138063,77.40302441019641,Clear
2,2024-08-11 16:54:19,13.006997889001656,77.61990431795843,Clear
2,2025-03-23 11:12:51,19.109504207666273,72.92704106825194,Clear
2,2025-07-13 22:45:06,26.86211679290855,80.96986658950524,Clear
3,2023-08-20 00:21:49,28.58361762898762,77.23955076324717,Fog
2,2022-07-06 02:24:43,22.484119839384284,88.33470320671442,Clear
3,2025-08-21 15:59:02,28.4706559436155,76.99532966781788,Rain
1,2025-02-02 16:25:19,28.623342437528997,77.20940578507638,Fog
3,2022-11-16 18:04:01,28.65545995030887,77.22724304967257,Cloudy
2,2022-08-10 16:18:51,12.976452225998566,77.61203391984756,Cloudy
2,2025-08-15 19:25:18,28.60696904731409,77.21903396869561,Cloudy
2,2025-10-14 00:30:40,28.511373482617195,77.34163364042556,Windy
1,2025-03-16 07:58:22,28.594411483482002,77.17858047651258,Clear
1,2025-10-04 04:28:10,19.074648400325795,72.85373616876205,Clear
1,2023-11-14 16:30:43,28.62727459465618,77.17432558716624,Rain
3,2024-08-10 19:33:28,13.084771071294618,80.31880018197508,Clear
1,2023-06-20 12:45:47,22.59221852497047,88.33049585822987,Cloudy
2,2025-06-12 23:45:19,13.014596327164824,77.54301556861166,Fog
1,2024-03-01 01:07:02,28.624416338780705,77.17827975518874,Clear
3,2024-05-22 22:50:16,13.074515487470306,80.25403216417533,Clear
1,2025-12-08 10:17:14,17.360038269347186,78.49462064727108,Rain
3,2022-09-26 01:30:10,19.093236921966064,72.86122643992563,Rain
1,2025-02-08 05:04:42,17.392828789377347,78.48252038155377,Rain
2,2024-10-09 11:09:37,13.081324012152507,80.26503800153765,Cloudy
1,2023-11-26 01:16:58,28.573885347267023,77.41508378085416,Cloudy
2,2025-01-12 21:57:53,12.986679610180941,77.60287897677652,Clear
2,2024-06-18 12:12:28,28.64278951092381,77.14858251133148,Cloudy
4,2023-05-12 04:10:06,12.971618877692011,77.60520368076246,Heavy Rain
2,2024-07-03 00:21:12,26.85803437432146,80.91132150541836,Clear
2,2022-04-29 06:02:19,28.591146718564197,77.1931822351698,Clear
3,2023-06-27 16:21:11,12.999303470785472,77.61368116614709,Clear
4,2023-01-27 00:14:54,26.87376695931256,80.93138178784176,Heavy Rain
4,2025-03-04 06:33:13,28.59260470355131,77.22322897483934,Clear
3,2023-07-01 17:13:29,28.600073360174065,77.21981663922584,Cloudy
1,2024-05-23 00:16:22,22.63315408692231,88.30510891357184,Clear
1,2024-08-09 17:36:48,28.546682526824544,77.40795694836955,Rain
2,2025-09-09 05:13:51,28.641058885631374,77.13464441999173,Cloudy
3,2024-01-08 16:42:30,28.47976715504431,77.04294818303978,Clear
2,2022-04-09 23:58:48,19.02193825909874,72.97829289443035,Clear
1,2023-08-25 03:59:32,19.081986382242302,72.88237875933832,Clear
2,2025-04-18 20:41:37,22.529854591538818,88.39415370240924,Windy
1,2023-02-03 05:14:49,28.4256320250099,77.01598587278167,Clear
2,2025-04-07 21:06:41,13.0592110126817,77.57766054811398,Clear
3,2023-12-16 12:39:37,13.14647255029385,80.28583550886485,Windy
2,2023-04-27 17:26:28,12.970399033423757,77.63203920886089,Clear
2,2022-03-07 22:24:42,28.57666789973655,77.34604698085718,Rain
3,2025-08-11 12:13:23,17.426029623586285,78.48343587670604,Clear
3,2024-04-13 17:42:10,17.372154208484744,78.47303567847524,Clear
1,2024-08-23 08:04:21,19.037368450308918,72.88678584763447,Cloudy
2,2024-11-15 08:29:12,22.577908004525078,88.32806854183022,Heavy Rain
1,2025-02-26 18:39:20,19.03269607559939,72.87240043762048,Cloudy
4,2023-09-25 21:40:26,19.04349422895635,72.85141848719155,Windy
1,2024-09-21 16:04:09,26.84027608872942,80.94217671739779,Cloudy
1,2023-12-16 00:55:35,28.68068037978427,77.21807845167051,Rain
2,2024-03-09 15:40:08,28.59467158156175,77.18311713000472,Clear
1,2025-09-22 01:13:32,12.937574322371985,77.59738528412947,Clear
3,2024-05-02 10:50:29,12.946406525715236,77.60866039732042,Rain
3,2025-11-09 03:49:08,28.521324612499225,77.39552975868854,Clear
1,2025-09-30 14:23:53,12.982802036702264,77.54855966069394,Rain
2,2022-04-08 00:51:35,28.695555574638846,77.25435747515509,Rain
3,2024-09-02 09:11:54,28.45391591520404,76.95921968655809,Clear
2,2023-11-01 02:54:57,22.57372404094013,88.40196624448197,Clear
4,2024-01-19 13:14:50,17.395959319601758,78.51006547361668,Clear
2,2024-09-10 17:42:30,28.476763896166755,77.02558844667757,Cloudy
2,2022-02-20 21:34:13,19.057392664045555,72.89230897471379,Clear
2,2023-05-17 18:41:21,12.96781421637129,77.53005241536465,Clear
1,2025-08-29 04:13:34,22.63987129288623,88.36451674588419,Clear
1,2024-03-19 22:31:48,28.664390236028837,77.26370114368873,Cloudy
2,2022-05-10 01:02:22,28.5628220736023,77.37090352261943,Fog
2,2025-07-01 02:52:44,28.6596134549468,77.28146604103739,Clear
2,2024-02-22 14:12:23,17.330928172064244,78.40762148097335,Fog
1,2025-06-08 05:11:58,12.994527730617069,77.60611120378545,Cloudy
3,2024-08-12 22:22:46,12.883384653528333,77.59518475846583,Rain
4,2024-10-04 21:39:36,22.624536155381872,88.34748042493554,Windy
2,2023-11-07 23:26:01,22.589779456892256,88.35948432548574,Clear
2,2024-11-12 14:21:56,28.500541465613367,77.3475246327223,Snow
2,2024-08-06 01:54:20,25.406972490455054,81.82127829535327,Windy
3,2023-08-09 10:05:44,17.392433303010822,78.51752823987195,Heavy Rain
3,2022-10-29 16:41:00,17.36669206011569,78.46116536226484,Windy
2,2024-10-11 00:39:13,12.98816259730342,77.61617380016857,Cloudy
3,2023-08-28 07:26:12,13.001455531588523,77.58486580474718,Cloudy
3,2025-05-03 01:24:37,28.604592797403157,77.2284906152829,Clear
2,2022-08-19 12:44:23,28.42067423636257,76.96426914259719,Clear
2,2023-07-12 20:17:56,19.11852729619571,72.94423110763613,Clear
1,2022-12-26 09:11:18,13.118571025146808,80.2358829898724,Clear
3,2024-01-29 18:30:39,12.895954363979417,77.61148867984375,Rain
1,2024-07-18 18:59:31,28.48131960055104,77.09448122423495,Clear
4,2025-03-30 05:38:03,22.596637092467617,88.34143625086195,Windy
2,2025-05-13 18:59:52,28.62768832031479,77.1787947501699,Fog
2,2023-12-21 05:46:41,13.100489356251218,80.32889471056012,Cloudy
3,2024-07-06 21:33:05,26.7797562559487,80.99250532440479,Rain
1,2023-01-06 07:24:53,28.610910340850843,77.27696111427181,Clear
3,2022-04-09 23:35:06,28.542786175528725,77.20303333478564,Fog
2,2022-11-12 18:02:58,28.398903942246612,76.9790950663101,Windy
2,2022-09-30 17:49:08,19.060374093261075,72.8748392163389,Clear
1,2023-02-02 03:54:06,19.119655627773263,72.88244219803109,Snow
1,2024-06-26 08:13:37,17.409203014725126,78.40750165130582,Clear
3,2025-05-26 19:19:09,13.100184561788723,80.30165548530836,Clear
1,2022-09-23 01:49:48,28.545523536038438,77.38439918097984,Clear
1,2023-03-06 12:42:56,25.439412569091807,81.82137296413023,Clear
2,2024-12-30 21:32:22,28.489798612790857,77.0644460935219,Clear
1,2025-03-15 07:54:09,28.554244394858394,77.41639979284491,Rain
2,2025-05-24 21:34:37,19.065667956141407,72.89920915331778,Clear
1,2024-12-29 08:25:01,17.38338372755693,78.47398577613022,Cloudy
1,2024-08-23 14:40:42,19.066800282684387,72.92928081523267,Snow
3,2023-12-05 02:29:30,28.61391115140128,77.1894951541635,Clear
1,2023-09-12 07:41:34,13.088877699152258,80.26514032015193,Clear
1,2022-07-30 14:26:10,19.023528709873474,72.84962354462738,Rain
4,2022-03-30 01:21:59,22.57426527960035,88.32936292336393,Clear
4,2025-07-31 01:22:48,26.83126842339862,80.90712422006857,Snow
4,2022-05-20 10:57:21,13.04101807597979,77.6027034968076,Snow
3,2024-07-07 05:15:14,25.34231283121206,81.94978420716293,Clear
3,2022-11-20 13:56:27,26.85232139557543,80.94556415915082,Rain
1,2023-02-08 08:03:51,28.601755929141323,77.17829254926959,Fog
2,2025-08-06 21:05:05,12.944061032924274,77.58677725288962,Clear
1,2022-10-09 18:03:55,19.0203433036861,72.87709211973718,Clear
1,2024-02-08 21:01:33,28.594419519565992,77.35614010125636,Rain
3,2025-10-15 09:19:06,28.60257590123557,77.4229839329651,Cloudy
2,2023-09-13 13:44:23,28.636948408685072,77.14640376175956,Clear
2,2023-01-29 00:06:45,17.386246068876677,78.4848730873088,Clear
2,2025-04-12 08:26:08,12.960168517676857,77.66408831383411,Rain
1,2024-01-28 04:15:04,28.634199180193505,77.26094211936272,Rain
2,2023-04-11 01:48:25,28.581387573113876,77.19135549642219,Clear
1,2022-06-26 02:00:13,25.443866095821967,81.86985395721112,Windy
2,2024-05-23 02:21:17,12.940018899589191,77.58294360784913,Clear
3,2023-09-15 23:17:45,26.87995977492209,80.9574716521514,Rain
1,2023-08-15 03:13:39,25.421584320778077,81.83522176450987,Clear
1,2024-10-07 00:49:16,28.54236953184543,77.43693922180191,Rain
1,2025-06-15 12:02:45,26.85644605763066,81.02359350325989,Clear
3,2023-09-17 04:30:27,19.054855159963694,72.84303507732862,Fog
3,2022-01-17 21:04:27,25.41260748121602,81.84075471745555,Fog
2,2023-04-12 11:37:17,22.558735284787208,88.33122280241938,Clear
1,2022-12-06 21:20:40,19.099357434955913,72.88403893011113,Clear
1,2025-10-26 04:28:56,28.46741791984986,76.96828337666908,Rain
1,2022-10-11 22:57:38,25.436638123385723,81.89484359615956,Cloudy
2,2023-06-15 18:54:57,28.455284499807558,77.03912373718819,Clear
2,2025-03-08 03:56:55,28.62051848448684,77.18911492831606,Clear
1,2023-08-25 20:26:26,26.86227003772094,80.94486085511376,Clear
3,2022-03-08 00:53:45,28.40426899960476,77.0310302757353,Fog
2,2023-09-08 16:15:34,26.846177611964496,80.92584949197801,Clear
2,2024-04-02 12:33:53,19.057384347248423,72.86766527873688,Rain
4,2022-01-16 23:36:11,19.110625012673793,72.92278456840403,Rain
2,2023-04-14 18:29:24,22.554606803128703,88.32664842505886,Fog
1,2024-06-30 13:42:15,25.391102040318412,81.80838840436668,Clear
3,2023-04-30 01:35:23,19.095715422855264,72.84894394145759,Snow
1,2023-07-08 12:10:38,28.572119842620594,77.26747514036622,Rain
1,2025-02-08 09:51:36,28.63910572014689,77.21701615362093,Windy
2,2023-12-21 15:23:26,28.59607335723303,77.21621653462896,Cloudy
1,2025-09-26 04:55:40,18.998395070141125,72.85212077851058,Clear
1,2022-09-16 03:58:27,26.834790561271603,81.0143344461828,Clear
2,2022-01-19 04:57:21,26.88214422715928,80.93187922257752,Clear
4,2025-09-21 22:03:53,28.597679848010674,77.16272049824931,Clear
2,2022-12-18 12:23:58,13.139027018146347,80.2117077662496,Fog
2,2025-02-18 11:29:07,19.06258037203109,72.86623282969416,Clear
2,2023-07-29 15:57:21,25.442062610512835,81.84386868819355,Clear
2,2024-12-30 21:48:35,28.599295712213717,77.20608062428387,Clear
2,2023-10-07 14:01:39,19.06289598432004,72.87202130110146,Clear
4,2022-10-03 04:54:49,28.638261480969277,77.26306790712346,Rain
1,2024-04-01 10:59:40,28.53847745298856,77.3965292780447,Clear
1,2023-10-02 04:45:29,28.6053886668173,77.23077227167467,Cloudy
2,2025-04-19 13:50:51,22.606899196412577,88.41260020138027,Windy
2,2025-07-12 02:17:50,12.995017633907374,77.57986732523956,Cloudy
2,2024-03-22 10:39:04,28.48496248771277,77.3916751808131,Clear
3,2024-10-03 10:35:02,28.4392741357049,76.9943292517593,Clear
2,2024-09-23 18:22:09,17.40238108433866,78.45273774680126,Clear
1,2024-05-11 02:08:55,25.397833441947135,81.81460065431484,Clear
2,2024-06-13 03:18:16,28.457807622066703,77.02855599731923,Fog
4,2025-06-04 07:50:54,19.086143391844832,72.88743278584508,Fog
2,2022-12-26 15:21:10,22.62727854737234,88.35838533155562,Rain
2,2022-01-22 21:06:02,26.843223998177276,80.93666505846743,Clear
1,2023-08-12 21:18:05,17.35873564552859,78.41102886950254,Clear
2,2023-12-25 20:20:36,19.11542377074027,72.87424870603483,Fog
3,2022-12-06 16:10:33,26.871103331623658,80.93403662701185,Cloudy
4,2024-10-28 11:56:14,28.641883159717576,77.20789882214267,Snow
3,2023-05-21 09:47:24,28.5905597607715,77.44508292560597,Heavy Rain
2,2025-12-05 03:18:56,28.61932402064948,77.23585286196086,Fog
1,2022-04-20 02:28:36,28.633173776291876,77.23938614178446,Clear
4,2022-03-20 11:34:10,12.942498246448448,77.60961523968058,Cloudy
1,2023-09-18 12:26:28,12.952790776738366,77.62171189723463,Rain
3,2024-01-21 12:37:30,28.47020510947632,76.95687772273125,Rain
2,2022-04-17 17:42:23,22.534729377523533,88.35204658311407,Windy
2,2025-10-23 03:24:16,19.094447491953733,72.85538470497428,Clear
3,2024-09-22 16:57:27,28.598720048265815,77.19665705795975,Cloudy
2,2023-09-07 18:22:25,28.459435993440454,77.03149937337125,Clear
1,2023-09-21 01:35:17,26.889941931932604,80.9684991664144,Rain
1,2023-10-01 07:56:42,19.1318631252268,72.8586415159073,Heavy Rain
2,2024-12-09 12:04:21,28.42967814018251,76.98243283581068,Clear
1,2024-10-01 11:27:05,25.40603021136738,81.89720884613106,Fog
4,2022-11-28 22:12:10,22.566497300725562,88.33850338902029,Rain
3,2025-03-14 16:56:10,28.49197005715625,77.03360119567456,Heavy Rain
2,2023-02-01 02:53:11,28.63076169481758,77.17904573409878,Clear
3,2025-04-06 22:49:38,28.452398185749583,77.04106289073901,Heavy Rain
3,2023-12-02 20:44:42,28.66181900286862,77.19520446662159,Clear
1,2022-12-15 04:22:45,28.59720584490161,77.23303964419723,Rain
1,2022-05-17 17:25:08,26.84397270425125,80.96543510106225,Clear
1,2025-01-04 16:07:06,26.89962237821995,80.9408135779105,Heavy Rain
4,2025-03-04 07:10:45,13.096387852829587,80.26335165257257,Heavy Rain
4,2023-12-04 13:31:27,22.556345937650654,88.41373646280364,Clear
1,2025-03-03 02:00:51,28.67383077049284,77.20450071379652,Clear
2,2024-11-26 14:17:56,12.973872654250044,77.57858560365165,Clear
4,2022-06-29 13:28:30,19.09093765676405,72.8537084501559,Rain
4,2025-12-17 21:29:54,28.630860698259376,77.21836163861144,Heavy Rain
2,2023-09-09 17:09:16,19.110861137615764,72.93979838663141,Windy
1,2024-02-23 16:39:22,28.532703111581498,77.33239078887642,Clear
1,2022-02-17 14:52:35,12.969797178218613,77.60773758936506,Cloudy
3,2025-05-10 18:40:35,22.487510759260996,88.4019779088644,Clear
3,2025-01-03 23:23:21,28.41720312285058,77.0410229212705,Clear
1,2022-04-03 00:26:07,19.022678532174375,72.89257158861253,Cloudy
2,2025-12-08 15:10:55,22.558506612606717,88.34615401080231,Clear
4,2023-06-22 19:28:39,12.93719384546481,77.55737953468083,Heavy Rain
1,2025-03-02 19:53:06,19.103912860740735,72.87005045815816,Clear
1,2023-03-01 17:18:53,26.88025477457366,80.95157417917484,Rain
3,2024-05-30 12:52:48,22.606290719399606,88.38184098289454,Fog
2,2025-03-25 11:04:22,13.124124218590357,80.22993678280207,Fog
2,2025-07-09 10:37:38,28.50130738626183,77.39548376606977,Clear
2,2022-02-01 18:09:47,28.483249237911735,76.96097970205744,Clear
2,2025-03-10 15:35:46,28.619961917494805,77.14510346875024,Cloudy
2,2025-01-17 13:00:55,28.49956810809905,77.37496520535555,Clear
2,2022-11-24 07:54:58,22.595522028454063,88.4675449293933,Clear
1,2025-06-04 17:44:15,26.746047930033008,80.94206270440502,Heavy Rain
3,2025-06-14 20:18:14,28.63064491702921,77.16583380922711,Rain
3,2024-12-30 07:01:46,12.941516071253027,77.55620668709959,Snow
2,2025-12-28 07:06:57,12.994685088509234,77.65980134435898,Clear
2,2024-12-24 13:27:58,28.632059209084836,77.21170053089712,Cloudy
2,2022-08-24 22:58:36,26.890312062372207,80.96369274364177,Rain
1,2022-02-22 07:02:43,19.127806407690866,72.89550671658672,Cloudy
3,2024-11-25 17:39:03,22.603744993312493,88.37862682968814,Snow
2,2023-02-15 15:54:28,28.539823522064438,77.38341438737953,Cloudy
1,2023-05-12 14:24:23,28.481303041064464,77.04905395757277,Clear
2,2022-09-10 12:09:16,28.6384208389047,77.21332101446592,Clear
1,2024-02-25 08:46:39,28.458079285730832,77.0718342415319,Clear
1,2023-06-14 05:55:24,13.110346771139888,80.26018450169104,Clear
2,2023-02-08 18:55:12,28.472062115430923,76.99020723714152,Clear
2,2022-10-09 16:40:10,17.444973540526913,78.43000280688841,Snow
1,2023-06-25 02:58:40,26.818859719569367,80.95115733448475,Heavy Rain
1,2022-01-13 03:15:35,28.54026908797074,77.00057050290832,Rain
2,2025-05-02 20:47:10,19.087580345994223,72.90394183199713,Windy
3,2025-04-26 16:10:51,12.97459170376219,77.58798297277016,Heavy Rain
3,2024-03-26 23:46:19,28.564219838120927,77.17898951496585,Cloudy
2,2022-05-30 10:40:05,28.535691024549845,77.33753466705255,Cloudy
1,2024-08-25 00:52:50,22.569210401866687,88.31893939090038,Clear
1,2024-11-05 04:17:34,28.538077361252906,77.36354453284406,Rain
2,2023-04-25 22:38:37,22.5509879791122,88.36570432761015,Cloudy
1,2023-03-11 20:43:59,26.834093073203025,81.01721814509823,Heavy Rain
2,2022-04-24 20:07:37,28.476465712678912,77.01603705273114,Heavy Rain
2,2022-02-08 18:40:00,26.857064675645994,80.92561464061379,Clear
3,2024-07-02 07:15:56,12.989930471789485,77.6157940393905,Rain
4,2022-10-31 10:05:35,12.94114382354561,77.6489636515341,Clear
2,2022-08-27 23:45:45,26.88937305481572,80.89897606590685,Windy
2,2024-11-11 05:16:27,26.784817156516468,80.90927018585737,Clear
3,2022-05-24 07:01:55,12.923884281031684,77.56780546685314,Clear
3,2023-05-17 06:38:49,19.146633385649242,72.8361339608918,Clear
2,2024-03-03 14:57:18,12.927603142387479,77.58496371151695,Rain
2,2023-04-12 22:08:28,19.052884342119736,72.85041903295618,Clear
2,2025-12-05 08:46:08,28.461265660497105,77.0529211955719,Heavy Rain
3,2024-04-28 01:08:25,13.094927724371884,80.28267348185452,Cloudy
4,2022-03-19 10:00:31,13.054569671868688,80.25425945712287,Clear
2,2023-02-18 04:45:41,13.062247206422247,80.24069141650354,Rain
2,2024-11-13 15:28:58,13.086883729560672,80.24944986519455,Windy
3,2022-03-02 13:29:23,13.024326036995403,80.22220525076352,Clear
1,2023-02-15 14:27:27,28.5130666048777,77.33716009702543,Clear
3,2024-08-13 05:35:20,12.971349007615654,77.50771096049311,Rain
2,2023-03-31 23:09:17,28.541622321360467,77.35120882576604,Clear
1,2022-02-17 00:26:10,28.541172999242637,77.42118367015712,Rain
3,2023-12-31 03:14:33,25.452597648377964,81.86024437884525,Rain
4,2023-01-02 19:36:33,26.84875131210801,80.90322600018801,Clear
2,2022-04-10 13:44:06,28.623538868195013,77.240979907832,Clear
3,2024-02-27 01:19:12,19.06614889720391,72.87748783609793,Rain
2,2025-12-07 00:56:24,28.68580802112917,77.26299823708194,Cloudy
2,2024-03-24 09:46:54,13.109124368043878,80.28951846189435,Fog
1,2024-02-14 07:46:55,28.475518506391776,77.06738049933631,Clear
2,2022-11-02 06:37:32,12.968906241224586,77.56164459617364,Cloudy
3,2024-07-01 18:32:34,26.844910737394343,80.95315110325632,Heavy Rain
1,2023-03-27 10:25:16,17.37153198530594,78.57221208833465,Cloudy
1,2025-04-13 20:58:33,28.59865324474366,77.26199505661704,Clear
2,2024-08-27 20:31:10,19.10954164501398,72.83281051574482,Clear
2,2023-11-27 01:08:33,28.593664273192836,77.20577225946555,Clear
2,2023-09-20 02:59:46,26.798626568244785,80.94938163500227,Windy
2,2022-03-28 15:08:25,28.596804386803147,77.17825598329313,Windy
3,2025-11-04 09:30:45,28.568467558706,77.2729003591509,Rain
4,2024-09-05 02:11:03,28.583992168279455,77.14853536368273,Clear
1,2023-03-09 02:13:33,22.59203529665048,88.41028581490437,Rain
2,2025-03-17 23:31:18,26.875399077482136,80.97931852850654,Windy
1,2023-06-22 23:26:42,12.953726062163152,77.62511035484644,Cloudy
1,2025-09-14 02:23:52,12.90931963761018,77.57594485713608,Clear
2,2024-12-05 11:52:07,26.83606270733346,80.91436217909585,Clear
3,2023-07-30 19:50:21,17.390199163469898,78.44393922706077,Cloudy
3,2024-04-17 07:01:38,17.400582380761993,78.50984133467074,Clear
3,2025-03-10 05:41:45,12.938156843105327,77.5863217819608,Rain
3,2022-12-22 22:50:35,19.10558922948737,72.8964549929871,Clear
4,2023-03-12 17:36:46,25.47573370263279,81.86210818656495,Cloudy
2,2022-11-15 01:20:26,22.506191793431704,88.3811755970056,Snow
1,2025-09-29 15:00:26,28.546346959573683,77.22411987971795,Fog
2,2024-01-18 15:20:58,26.82341840107433,80.94280931454838,Rain
1,2022-04-18 07:32:52,28.529060396896394,77.40869386069161,Fog
1,2023-08-29 09:16:24,22.591233020395386,88.37513275140122,Clear
1,2024-01-02 00:10:38,19.08418702207307,72.86794887038714,Cloudy
2,2025-10-26 10:15:35,19.168675947474497,72.89358775609413,Cloudy
3,2023-12-14 04:32:35,26.901795137511133,80.93409324517667,Heavy Rain
3,2024-05-03 23:18:44,18.97285835232506,72.93386572543032,Clear
1,2023-08-31 03:24:34,28.58836152094348,77.45430320599144,Clear
2,2024-01-20 23:58:10,25.448036536585995,81.85097247966715,Cloudy
3,2024-02-26 08:26:12,17.350811155594364,78.49345115041598,Cloudy
2,2022-02-23 12:16:28,12.967470661688742,77.55410512405174,Rain
1,2025-04-27 19:37:46,26.84660425553681,80.93238901866414,Rain
1,2024-11-13 17:38:15,28.509831005265564,77.02901061238299,Clear
1,2022-09-08 06:22:23,28.50615733419997,77.34855700035818,Rain
3,2023-09-11 11:05:49,28.48086539997609,77.01507112404131,Fog
3,2025-08-22 05:17:18,19.007188305546123,72.89321815937359,Clear
3,2024-01-23 08:39:04,28.528018041317818,77.35588443591587,Clear
2,2023-11-02 07:23:47,13.05513129462515,80.26046889989809,Clear
2,2023-10-13 10:49:26,26.873086922281722,80.96397579457741,Clear
1,2023-07-09 07:53:02,19.05150502041198,72.84754177038195,Clear
2,2025-07-29 08:16:19,28.6825386501952,77.1508976147708,Clear
3,2025-09-15 22:50:53,19.091591771114064,72.87595635841829,Clear
2,2025-02-24 16:48:32,12.95850392453188,77.57426580450739,Snow
1,2023-05-27 12:14:05,28.523873777212422,77.44354469092292,Clear
4,2022-03-05 07:41:17,19.095163428565247,72.90309565614189,Clear
3,2024-08-06 07:01:55,12.953810719887084,77.56842752134719,Rain
1,2025-10-21 09:18:17,26.82400752703871,80.88782757888085,Clear
1,2022-05-20 21:29:28,17.364793029450208,78.43385023902972,Clear
3,2022-02-19 16:40:45,19.074605410202672,72.85696837283011,Cloudy
1,2023-03-04 09:20:45,28.465500470389138,77.31756343878551,Clear
2,2025-10-17 13:33:43,28.566123094492536,77.27715398585325,Cloudy
1,2022-01-30 15:58:38,22.567096726279,88.3618375775917,Fog
3,2025-10-13 01:54:54,28.530718345798284,77.34451737385359,Clear
3,2025-04-08 21:46:09,12.981512873551376,77.56103751062999,Cloudy
1,2022-04-30 05:29:05,28.43669951075477,76.96126547946186,Clear
1,2022-11-19 09:35:00,12.909124095632562,77.58661238629479,Clear
2,2022-01-28 18:50:10,26.856408053304524,80.94220146300643,Clear
1,2025-06-26 09:34:06,22.59379297778935,88.36615426328513,Cloudy
1,2024-03-14 00:10:08,26.847185522526157,80.92666028413272,Cloudy
2,2025-04-25 15:54:17,28.5984716664028,77.16620433610518,Clear
1,2025-08-28 14:06:34,25.44081503351587,81.81981268715427,Snow
1,2024-01-17 10:52:46,19.04880982654825,72.86901121101486,Clear
1,2022-06-25 10:45:09,26.862499833657868,80.95768824481561,Clear
4,2023-04-11 01:08:37,19.060760686028367,72.87045416137599,Heavy Rain
3,2025-07-03 17:08:00,28.57548248227475,77.22677764344867,Clear
3,2024-11-24 11:25:10,28.513464201884766,77.3478593827541,Clear
4,2023-06-01 15:40:09,28.551184839090457,77.1755465036093,Rain
1,2023-10-20 18:24:22,17.405773864523944,78.49580520018725,Fog
2,2023-08-29 23:33:31,25.433532970907073,81.8495527478439,Cloudy
3,2022-04-24 01:02:10,28.61321126503017,77.41221830177237,Clear
1,2023-11-14 09:57:46,17.360468213581605,78.45730129953697,Clear
4,2023-11-04 01:32:35,28.54548486829086,77.40227071678794,Clear
3,2025-07-31 20:25:13,22.58625674137119,88.40324335631456,Clear
2,2022-02-02 18:23:03,12.947117867323225,77.61141853818827,Clear
2,2022-06-02 12:30:51,22.596410050800124,88.3233723205094,Rain
2,2024-01-23 00:16:58,28.67928115237357,77.20886306217467,Windy
1,2023-04-29 09:41:25,28.605122433747628,77.20435613770981,Cloudy
3,2023-05-06 19:01:44,17.443918067005264,78.48088473038952,Cloudy
3,2024-11-10 21:22:32,26.887840422573454,80.8963338931729,Clear
1,2022-10-20 14:34:51,25.523989767597588,81.85102174907183,Clear
1,2023-05-20 21:25:19,28.48976125305936,77.45253952552564,Rain
3,2025-07-29 17:41:30,28.51124798575007,76.98996833121673,Clear
1,2025-09-16 13:29:42,25.5013751737864,81.81503033199563,Clear
1,2023-11-11 18:02:24,26.81439082855172,80.94366498256252,Heavy Rain
2,2022-08-06 10:37:59,26.825134815488756,80.93245638712659,Clear
4,2025-11-14 13:33:49,28.62261271141514,77.21489577694764,Clear
4,2023-01-23 14:35:33,28.406708027834174,77.01780277521254,Fog
2,2022-01-24 16:48:38,22.57415932579499,88.31608600716733,Heavy Rain
1,2025-04-11 08:13:28,12.902314200345161,77.58012964191683,Clear
1,2025-07-06 09:36:24,28.496884754001137,77.3996961847396,Clear
1,2025-05-21 07:29:18,19.032933337963797,72.8921993414927,Fog
3,2024-05-24 12:25:57,13.120444916806553,80.23577847760693,Cloudy
2,2025-08-12 11:01:01,12.959774277858417,77.59467810677569,Clear
2,2023-04-01 05:59:18,25.448554912699738,81.90472364298317,Clear
1,2023-08-14 16:54:33,28.561088879389132,77.36863012737753,Clear
4,2022-06-15 15:39:40,13.08610496327942,80.24015258002512,Clear
4,2024-09-06 05:19:07,28.57911577492573,77.40187934391386,Snow
2,2022-04-21 17:43:08,28.428502166078633,77.03540557712996,Cloudy
1,2023-11-26 19:33:29,25.430102291138766,81.83991996527497,Fog
2,2024-09-13 00:11:51,28.628255304869977,77.17266829965014,Clear
2,2022-06-29 05:21:04,22.521035193948723,88.38093168180448,Clear
3,2025-09-22 21:09:12,28.572545169731416,77.21670452156208,Clear
4,2023-11-10 20:41:19,26.828541998517,80.97182936669749,Clear
3,2022-12-10 00:38:11,28.63476285229464,77.17574634007991,Clear
2,2024-03-27 17:24:21,13.107139293777225,80.27223349674912,Clear
2,2022-01-02 23:17:47,28.523241483278223,77.43647285485213,Fog
2,2024-10-14 06:41:40,13.093897475164567,80.2668372334248,Cloudy
1,2024-01-31 00:49:42,13.022537435546615,80.307343408705,Clear
1,2025-10-01 10:30:09,22.60152585888006,88.33782574313803,Windy
2,2024-03-27 21:12:13,13.008855967284923,77.59036354777764,Cloudy
3,2022-01-19 20:55:30,28.544711245086834,77.19166747156984,Clear
1,2023-07-13 14:44:26,28.60229752140952,77.21181268140872,Clear
2,2023-10-20 07:34:01,13.084487670656278,80.24083736586503,Rain
2,2025-07-24 20:08:14,25.423524550500126,81.87195027418868,Clear
1,2025-09-22 20:08:25,26.763224692071013,80.93986116531585,Cloudy
2,2024-05-31 12:03:53,28.429900821308227,77.05291723498698,Clear
2,2025-02-27 19:29:29,28.42991694630971,77.03188036699791,Clear
1,2024-05-10 07:31:49,19.023599017246077,72.88379616897417,Cloudy
1,2023-12-06 07:19:23,28.588002669501957,77.21792930808432,Cloudy
2,2025-12-29 14:05:55,19.076601434763493,72.90304262677606,Heavy Rain
2,2024-10-01 23:19:23,28.623165125383974,77.21193624167712,Rain
2,2025-04-03 07:14:07,13.133474847344706,80.29750231888181,Clear
1,2025-03-07 09:12:25,26.8612830671192,80.93270543570132,Clear
4,2023-09-29 14:35:46,25.43243257082858,81.8553625649879,Fog
2,2024-03-12 02:36:21,28.578229028254434,77.21423558999497,Rain
2,2023-12-16 08:31:19,28.516946864489828,77.39439142566121,Clear
2,2025-09-11 19:22:30,28.612565290091137,77.20163127708764,Clear
3,2024-05-23 18:43:28,28.484928022155717,77.03909728810612,Fog
2,2023-10-17 13:42:25,22.53680155745746,88.33324765537316,Cloudy
3,2024-06-09 02:32:14,13.133103854202423,80.28303480200346,Clear
1,2023-02-23 11:39:06,28.576774393161557,77.26060611143124,Rain
2,2023-12-26 21:00:45,28.65465626423793,77.20346337170622,Clear
1,2025-04-03 15:27:03,26.830936194571457,80.92943325092621,Cloudy
2,2022-05-07 03:05:02,28.643953220367717,77.22800448208369,Clear
3,2022-09-17 15:54:08,25.386472510010723,81.84293807198405,Fog
3,2022-12-12 01:34:49,22.58217810417244,88.41873991475248,Cloudy
2,2023-10-23 07:04:03,28.587553487610002,77.23736857669763,Heavy Rain
2,2022-09-07 08:40:53,26.834083017065247,80.8784948419334,Cloudy
2,2025-09-22 19:51:26,25.470846414717986,81.84315960482853,Clear
2,2025-08-16 12:05:36,12.96052962122723,77.63515334581695,Clear
1,2023-12-13 12:30:39,28.64532025489608,77.24152590555227,Cloudy
3,2025-12-02 18:31:10,22.630507217534422,88.41646784920795,Clear
1,2024-06-25 05:59:35,22.604140027068524,88.42073514943128,Snow
1,2025-02-06 11:06:06,19.137057344227596,72.8755521885965,Clear
2,2025-07-06 14:19:06,28.45336443642488,77.0242601499857,Cloudy
4,2025-06-19 20:35:10,22.564310178280724,88.359203080875,Cloudy
1,2023-02-06 08:01:43,13.108404904848339,80.32048480343501,Clear
3,2023-02-27 21:14:52,28.537180747030206,77.15922179244727,Cloudy
3,2023-09-18 22:49:04,28.574773698144792,77.18155609630803,Fog
2,2025-08-23 04:36:54,28.663789207633055,77.27425447823511,Clear
1,2023-08-24 22:44:52,28.58184113465222,77.15491698097505,Clear
1,2024-02-17 07:45:36,26.91194169856441,80.87124991918881,Cloudy
2,2022-05-21 23:16:39,28.574704529221584,77.39774379754473,Clear
3,2025-05-22 19:21:59,25.411733134832854,81.80946218812178,Heavy Rain
1,2022-08-27 00:57:45,17.389436971039977,78.51306659101223,Rain
4,2022-08-24 00:02:47,26.847074402249383,80.97948227414824,Fog
2,2025-07-13 19:32:23,19.11245985694899,72.92920079558988,Rain
3,2023-06-23 00:21:55,28.650406488439273,77.22985411525788,Snow
2,2023-10-08 21:09:22,28.625399709031566,77.20109064591296,Heavy Rain
1,2022-07-26 05:28:09,26.848166357240398,81.0384834199681,Rain
2,2023-10-07 21:37:56,13.061118127020832,80.29324896632838,Cloudy
1,2022-07-05 07:02:51,28.52326633605741,76.9965669532729,Cloudy
3,2024-02-04 05:13:17,17.35939283571845,78.49348726812686,Rain
3,2023-10-03 16:56:59,22.545601797078113,88.3751345089245,Clear
2,2025-12-01 20:55:10,26.843367960956062,80.90078000913847,Clear
2,2025-09-16 09:38:01,19.042108244786125,72.88639069165076,Clear
3,2024-07-20 00:03:42,28.55450163498487,77.24545833565791,Clear
2,2022-04-16 23:38:56,28.476790058355604,76.9968511684164,Fog
1,2024-08-17 09:43:01,28.54818038812763,77.37760567006211,Rain
2,2022-07-07 15:13:09,22.588857575782498,88.36098337297815,Clear
3,2023-01-29 02:28:11,12.952123697775251,77.61270235756557,Clear
3,2025-09-30 04:55:50,26.83604449252062,80.98155055010275,Clear
1,2022-04-30 02:47:01,17.393674619866566,78.44923878079719,Heavy Rain
1,2023-01-24 08:37:31,17.367172921628427,78.49351709019699,Cloudy
3,2023-03-31 01:33:27,13.01081576720287,77.59394131125735,Rain
1,2024-04-27 18:34:44,17.3880787497116,78.51856613858581,Clear
2,2025-09-29 09:17:49,28.599454825228186,77.14870471314522,Clear
2,2023-02-08 20:16:34,26.827419988538495,81.0396736381202,Fog
2,2025-08-21 08:54:12,19.108111175375782,72.8334534341403,Snow
1,2022-08-04 07:03:58,28.547141727467334,77.39456080220441,Rain
2,2023-09-26 01:53:21,19.120061017201,72.88101384863148,Rain
4,2022-10-05 13:41:05,28.659336786909382,77.26563373740667,Cloudy
1,2024-04-05 02:32:31,22.555566801743673,88.33638715804172,Clear
1,2023-12-10 04:11:51,26.836146579648073,80.89424463261324,Rain
1,2022-04-27 16:46:16,19.10292216271112,72.8213306379564,Windy
1,2022-12-20 11:07:40,25.458777712911132,81.80033546994618,Cloudy
3,2022-01-08 08:49:22,28.578283770317768,77.44773264748666,Rain
2,2023-07-31 05:37:38,22.50861422752255,88.42050755441058,Rain
2,2023-10-22 05:36:48,25.34820868882874,81.83105840831867,Clear
1,2025-02-07 11:38:45,22.582094556053825,88.39708525041307,Cloudy
2,2025-02-14 02:24:49,19.01024000801899,72.88389357374089,Clear
1,2025-10-26 18:42:16,25.457225667423838,81.88841190753499,Rain
3,2022-05-03 04:29:47,28.67310776429392,77.16710717256662,Cloudy
2,2025-01-18 08:22:32,28.4897507470598,76.98428069600114,Heavy Rain
2,2023-12-30 16:55:00,28.455516288583574,77.02910366137144,Heavy Rain
2,2023-02-18 04:52:43,26.83561522236859,80.88810462524098,Rain
3,2023-09-05 20:49:42,25.49953103070458,81.82102110746612,Rain
3,2025-10-08 12:16:04,19.113623272354637,72.83633487628859,Clear
4,2024-02-01 09:34:33,28.6100801495304,77.19742951315396,Snow
2,2022-10-02 21:40:34,25.425561933225772,81.86978474282311,Clear
1,2024-03-14 08:33:37,12.945173810143134,77.66098114240009,Windy
2,2022-12-14 18:20:13,28.497178755128097,77.18637748619977,Clear
1,2022-08-05 05:15:36,28.67049657235826,77.18203513203018,Clear
4,2022-06-12 14:22:17,26.796611005003005,80.94374895781172,Clear
2,2025-10-10 16:03:14,22.602643063119025,88.3766813364106,Rain
2,2022-02-07 07:45:25,28.471628660138673,77.031507179416,Rain
1,2022-08-10 06:30:22,28.43252837174561,77.0798224033606,Clear
1,2023-07-04 17:27:47,28.47397692322,77.06125436754125,Clear
2,2022-10-12 13:27:11,28.487056885279564,77.3630070721798,Snow
4,2025-12-18 20:15:05,12.98477140851763,77.61582486549369,Snow
4,2022-10-20 05:19:02,13.036528981475877,80.26519875250244,Snow
1,2024-10-17 00:28:47,26.86361998807266,80.92481449768839,Clear
2,2023-02-11 20:16:18,26.821657053185703,80.94464015852012,Snow
3,2025-05-30 00:03:54,28.615116923683306,77.24814894932676,Clear
3,2024-05-23 04:51:48,19.108943973883413,72.85707997590805,Clear
3,2023-03-22 01:24:48,25.480066933437126,81.83505907103347,Clear
2,2024-08-08 15:16:38,25.449016644224702,81.86182865044108,Clear
1,2023-06-19 10:52:15,19.105360480123732,72.83686503545442,Windy
2,2025-07-01 06:54:10,19.060314483342516,72.83735911895738,Clear
2,2023-07-24 03:42:58,19.01662893177093,72.8902559485838,Snow
3,2023-10-30 04:41:15,28.554072230731055,77.38460585816615,Clear
4,2023-07-16 18:17:22,13.005617154283708,77.54686478976166,Clear
1,2022-09-26 13:04:26,22.551085611194733,88.38150096397916,Cloudy
2,2025-07-02 15:33:18,26.787182694648074,80.94725856896862,Rain
1,2023-03-12 20:07:40,25.451425637415667,81.84262494739835,Heavy Rain
2,2025-12-26 20:53:26,13.06595060066488,80.28874812205292,Cloudy
4,2022-01-16 08:53:34,19.048030232970024,72.8900462363019,Fog
2,2024-10-15 22:00:19,22.54605168586573,88.40094410178334,Clear
1,2024-04-17 00:31:34,13.029786833936257,80.23177643371183,Rain
2,2024-05-24 08:28:43,28.672636297274373,77.20644606988415,Rain
1,2024-10-22 18:59:45,25.430671860234597,81.86795129916636,Rain
1,2022-04-18 14:22:08,28.52213152993651,77.41727835835981,Heavy Rain
1,2022-11-17 04:21:56,28.478329690601047,77.42543671543666,Cloudy
1,2022-03-26 23:40:11,28.615079633429012,77.24191398491311,Cloudy
3,2024-06-04 02:32:40,26.79721108033075,80.9069288390282,Clear
2,2025-08-20 02:32:04,28.5892829540059,77.37134707924945,Clear
1,2025-06-12 06:55:10,25.373710877462457,81.81844542641667,Cloudy
2,2024-11-03 01:51:14,28.624924015504437,77.21652439861091,Cloudy
3,2023-07-09 17:39:49,28.617627689049673,77.19000560941342,Cloudy
2,2025-02-21 14:03:19,22.54324817142402,88.40517985638492,Clear
1,2023-01-23 00:18:36,28.604368638650186,77.19959659842569,Windy
1,2023-10-18 09:47:52,28.577721888445126,77.04465018667095,Rain
2,2023-01-24 16:14:57,28.460677748548743,77.0399672584501,Clear
2,2022-07-10 04:36:47,28.457950895790248,77.06668258403,Clear
1,2024-11-02 23:41:22,28.6652254836916,77.15967744706914,Heavy Rain
2,2022-09-30 01:37:50,19.081740122277385,72.86102805570118,Cloudy
2,2025-01-05 19:45:54,13.096722457341896,80.24311733111338,Fog
1,2024-02-07 22:29:54,22.550159227471113,88.3546227251089,Cloudy
2,2024-06-28 18:59:26,12.998336601800148,77.5809361936509,Cloudy
3,2022-01-26 18:27:50,25.41440840242124,81.81716636942608,Clear
3,2022-12-15 05:54:51,28.627021769020526,77.16417857491237,Rain
4,2023-09-22 02:46:10,28.445781621613747,77.01459623072437,Fog
3,2022-02-18 18:12:58,17.34835773874626,78.51042894898137,Clear
3,2024-05-24 15:18:49,17.408485623172123,78.52407992223206,Clear
1,2022-07-19 18:51:01,25.43015405470293,81.79311703316156,Clear
1,2022-05-30 04:59:58,19.05153839912915,72.8427289855004,Clear
2,2024-11-05 14:46:51,28.455586647788472,77.38352985560192,Clear
3,2024-12-17 18:21:57,22.604835904390587,88.34710983861319,Clear
4,2025-07-22 04:12:13,12.999333826379551,77.629408134061,Snow
2,2025-01-11 06:24:56,12.928567669480218,77.58018268679649,Clear
2,2023-02-02 17:05:17,26.798489717254096,80.91250818528374,Rain
4,2025-08-13 21:36:17,22.580903220647087,88.38800318033013,Cloudy
3,2022-11-20 22:21:40,19.056101124328887,72.86764243940476,Cloudy
1,2025-07-22 15:50:09,28.653219955048353,77.23269479340813,Clear
2,2022-02-14 23:57:18,25.424605870755517,81.9023317797161,Clear
2,2025-03-26 12:01:51,28.646908396292257,77.22975582170245,Clear
2,2025-02-27 20:18:36,25.39052310623712,81.83364708096423,Clear
3,2023-09-04 02:30:01,28.615535204209277,77.18451507524976,Fog
2,2022-06-01 13:13:15,28.618777292276462,77.18683345274644,Cloudy
1,2024-05-15 22:47:03,28.646328206452125,77.24234272702924,Windy
2,2025-09-04 04:58:47,26.906862255080306,80.90925435025858,Clear
2,2024-04-20 01:18:45,28.466108078513017,77.42437932964226,Clear
3,2024-10-20 14:14:45,13.145471272370703,80.26225446424046,Cloudy
2,2024-02-09 20:19:11,25.37408621738028,81.81437323550779,Clear
2,2022-05-10 19:10:05,28.461718260410287,77.0214140358336,Clear
2,2025-10-26 19:01:47,28.422574273561796,77.00139024981942,Rain
1,2023-10-04 21:57:53,22.566773004550146,88.32990835458017,Cloudy
2,2023-09-13 10:18:08,22.568382462962184,88.31534497202992,Cloudy
3,2024-03-28 12:22:04,28.598576225699844,77.17750497099277,Clear
2,2022-09-08 21:24:52,28.532418245613975,77.38912590216977,Cloudy
1,2022-05-11 06:00:11,25.47171498411326,81.93614294331353,Clear
2,2025-02-23 20:44:08,12.957096708200236,77.53475812674345,Cloudy
2,2025-11-17 05:13:46,28.600692883592203,77.20826905476314,Clear
1,2022-10-21 13:31:20,17.307361756439068,78.48629565623582,Rain
1,2025-08-20 23:01:52,28.452968537239496,76.99680718129179,Clear
2,2025-10-12 09:36:24,17.371735557407966,78.51504227453965,Rain
3,2022-12-16 13:51:59,19.128229257831627,72.86882258411377,Cloudy
2,2025-01-07 00:13:12,28.570232415593637,77.40157137630813,Clear
2,2023-03-18 03:28:28,12.981895105936118,77.62166414274971,Cloudy
2,2024-02-19 03:28:43,28.585651917909185,77.19733017021012,Fog
3,2025-04-18 04:23:54,12.909905255348544,77.58986553107535,Rain
3,2022-04-28 17:06:29,12.990390525692394,77.50872555499224,Fog
1,2023-05-18 01:46:11,17.359649235267565,78.52158034533461,Clear
4,2022-12-08 13:32:08,25.435546050553704,81.83539023426364,Heavy Rain
4,2025-06-03 01:52:45,28.478513993774097,76.96333436227864,Cloudy
2,2024-01-21 02:52:36,19.057386220366908,72.85611370295469,Rain
1,2023-11-07 13:26:33,26.871082219419986,80.89755434935185,Fog
3,2023-11-19 10:41:09,28.63525467407808,77.22097417970384,Cloudy
4,2022-07-21 06:18:19,28.55249578720154,77.36049712919835,Clear
2,2025-05-16 06:47:50,28.628646152811523,77.3651129833036,Clear
3,2025-11-04 17:14:22,28.608487260270373,77.1455347284794,Fog
1,2025-11-30 16:47:35,19.07752986389472,72.92049827727467,Rain
3,2023-09-04 12:37:14,28.598513434644406,77.21599937699523,Clear
2,2023-09-24 18:27:26,28.440143424729907,77.0371145634843,Cloudy
3,2025-01-03 17:06:16,12.982616689650932,77.55780373650163,Clear
1,2024-03-02 23:26:46,25.45693065556666,81.8682827543915,Fog
3,2022-09-11 07:33:10,17.33619041703359,78.49022364260846,Clear
2,2022-06-25 10:27:11,17.380549538969017,78.52087741959706,Clear
1,2022-12-19 12:07:15,12.972658183095108,77.52195417272928,Rain
2,2023-07-25 07:12:31,28.513096512189907,77.34834511147308,Clear
2,2025-04-17 20:18:22,26.790232111732827,80.94646856176625,Clear
2,2024-06-23 11:54:03,28.423557716865083,77.00029180359932,Rain
2,2023-01-23 11:53:24,28.57585263704728,77.20843912533553,Windy
3,2022-07-10 21:40:18,28.619255188061253,77.21488906858241,Rain
1,2024-12-10 12:48:38,19.11089351185329,72.86003883915804,Clear
2,2023-09-12 02:26:17,22.595760781423394,88.37188655511363,Rain
3,2023-01-12 04:29:38,28.50742736786522,77.03739513333254,Windy
1,2024-02-15 09:31:48,19.064533736586778,72.8898080283793,Windy
2,2025-03-31 08:12:03,13.045686986539732,80.29251698052363,Clear
4,2024-06-15 17:38:00,28.562027435358115,77.2144963709569,Heavy Rain
2,2024-02-23 02:12:20,17.367870501792698,78.39061451562146,Fog
3,2024-06-23 01:50:39,19.12441984274946,72.89426188041288,Clear
2,2024-05-12 11:39:03,25.42890122042219,81.8728322997161,Cloudy
1,2024-06-21 03:14:52,12.978690948356663,77.51971303527563,Rain
3,2025-08-28 16:51:42,28.524664830424708,77.38887407700895,Clear
3,2025-08-26 21:26:00,28.636618268453564,77.2412178351273,Clear
1,2022-12-20 01:37:40,28.600992144728636,77.22136572539397,Clear
4,2025-09-03 03:06:46,19.071932395786202,72.85887600705473,Cloudy
4,2022-11-26 00:23:38,19.1077337661096,72.8636240794912,Clear
3,2025-02-18 06:06:17,19.158096845666375,72.82869750679595,Clear
2,2024-09-30 07:54:18,28.638909241651223,77.21981690533366,Cloudy
2,2022-09-24 16:41:41,28.418856444163186,77.06430759334518,Rain
2,2025-05-25 01:42:44,28.40533027595656,77.03883706895844,Windy
2,2025-09-11 17:38:28,28.6028676436858,77.19317528938168,Clear
1,2022-05-09 08:21:52,28.585223044254292,77.24954651987657,Clear
2,2022-05-27 16:58:46,22.551084206856192,88.35687139679105,Windy
3,2023-01-31 17:30:03,28.580206601295686,77.18682260469313,Heavy Rain
1,2023-09-20 13:48:06,13.15623455164346,80.20912495429859,Fog
1,2023-02-02 18:49:17,28.59920535514591,77.20975995564697,Heavy Rain
2,2023-08-31 23:02:51,26.868265643068018,80.98245811491103,Clear
2,2025-01-28 14:51:02,28.569696297209646,77.14210942361589,Rain
1,2025-03-24 17:03:17,26.880688091843375,80.89707055653392,Clear
1,2023-02-04 18:14:51,28.414079506851156,76.97542613406816,Clear
3,2023-07-12 22:14:22,28.419726372724366,77.08154018555973,Cloudy
3,2023-09-06 11:24:25,13.14811732762874,80.24429956535876,Clear
2,2024-11-23 09:45:49,28.444268233373077,76.9959828321511,Cloudy
1,2022-03-23 07:07:57,28.59526371120975,77.24208041574835,Snow
3,2025-06-28 21:27:35,28.512235468319712,77.38676235986634,Clear
1,2024-10-01 15:51:45,28.459334668279155,77.02722388826267,Cloudy
4,2023-06-09 10:57:21,28.482798826980254,77.42039805889098,Cloudy
2,2022-07-16 20:43:56,28.59223539190033,77.236606391536,Clear
2,2025-04-29 01:11:25,19.056161533876917,72.90608198204156,Clear
1,2024-08-22 10:42:19,22.532693098078536,88.31807121190984,Clear
4,2024-03-02 06:57:18,12.984189223651097,77.62430313332602,Clear
1,2024-05-29 17:12:47,28.501081814696796,77.35766605652044,Cloudy
1,2022-08-07 08:08:13,28.48996120575477,77.42445584464883,Clear
1,2022-04-03 08:16:16,19.034435639162876,72.89796184363243,Clear
1,2022-06-23 19:25:51,13.117889385541886,80.22268835046494,Clear
2,2024-04-21 09:40:26,28.457112911438355,76.97736481986041,Clear
3,2024-07-30 14:12:22,26.85184537917645,80.9859970601016,Fog
3,2025-09-29 16:00:37,19.102538567165418,72.81627952019602,Fog
1,2023-10-23 09:21:15,28.637591087156824,77.20517393099674,Clear
1,2022-08-26 00:09:08,28.596578084434505,77.24273829378691,Snow
2,2023-04-24 09:07:41,22.569144768694052,88.39282478134672,Clear
4,2022-04-14 22:51:37,12.98982717556569,77.59475534829134,Rain
1,2023-01-09 12:04:02,28.527212277659302,77.22653815032581,Clear
4,2024-12-17 20:40:19,28.444382346073063,77.0405022908546,Cloudy
1,2023-07-02 09:13:46,25.43556886313308,81.84546546811524,Cloudy
2,2024-06-14 23:33:36,17.399813218088138,78.41783620201208,Clear
3,2025-01-18 00:55:16,19.062765639687065,72.83747623182835,Windy
4,2025-01-19 01:55:13,28.51124698694485,77.41117963921782,Clear
1,2022-02-01 01:24:56,22.56018022440269,88.33033800684979,Clear
4,2022-10-11 09:41:34,28.607302831242993,77.43673159742534,Rain
3,2024-09-28 22:02:53,28.66395106361225,77.21603666824986,Clear
1,2025-09-21 22:01:04,17.418972178541402,78.44213605918677,Cloudy
1,2022-02-12 04:12:17,26.803736651507656,80.94773315948126,Cloudy
1,2023-10-02 00:05:20,22.6182355951076,88.3524011972269,Cloudy
2,2023-01-31 02:49:55,28.544570115337667,77.19626452205378,Cloudy
1,2024-01-14 15:09:40,26.86467026652218,80.91429842224568,Clear
3,2022-05-20 12:52:24,26.930645724995582,80.96478797958416,Rain
1,2023-07-27 02:40:53,28.56558764726054,77.23087886911871,Cloudy
2,2022-10-13 02:24:13,28.64280832731241,77.23500533929176,Heavy Rain
4,2022-07-18 17:03:35,25.40775728740655,81.86226711617032,Clear
3,2022-09-09 15:29:32,17.429211619305633,78.5371907067506,Heavy Rain
3,2022-04-27 22:27:56,26.798652306258873,80.92856242620135,Cloudy
1,2022-07-27 03:13:29,28.631743626795643,77.29267268470176,Clear
3,2022-06-11 21:17:40,28.633197869474895,77.25127217721214,Cloudy
1,2023-01-05 16:20:22,26.88458325489632,81.00275935879714,Heavy Rain
4,2022-03-24 12:35:18,26.8889606115387,80.96173514307557,Clear
2,2024-03-13 14:02:29,12.992799017389522,77.59286384210944,Clear
2,2024-02-20 00:32:27,28.642083395026656,77.20772434379097,Heavy Rain
4,2023-10-14 12:27:34,22.56974279739961,88.35106891005564,Snow
2,2025-06-22 12:48:18,28.480048534775307,77.44084991949958,Windy
2,2022-11-21 07:45:51,17.393087069237904,78.49654236854846,Windy
4,2024-03-14 16:11:11,19.11950862522469,72.8444752172653,Clear
1,2022-09-19 08:21:28,22.58752887515093,88.41605502585593,Cloudy
3,2024-10-14 14:46:28,12.976493747548139,77.60294746239856,Clear
1,2025-03-15 15:39:58,28.61460951622428,77.1553722374466,Clear
1,2024-04-04 17:38:06,12.951858178538885,77.57483327964198,Cloudy
1,2023-01-12 10:21:28,28.579656247095542,77.18953023272954,Clear
2,2025-04-10 01:04:07,26.871367630485363,80.97453396608886,Clear
1,2022-08-23 20:17:07,28.57489224561671,77.1536238710995,Clear
2,2024-06-25 08:15:01,25.402187643175026,81.7848714289055,Rain
1,2024-05-06 15:56:59,13.079273765818977,80.22756409632095,Rain
1,2025-10-26 08:57:19,28.634104182852035,77.15821804749922,Cloudy
2,2025-12-01 18:50:06,26.836559201960167,80.93924965368129,Clear
3,2022-10-01 05:03:14,17.346175813273245,78.4765556037563,Windy
3,2022-04-09 19:39:29,17.392894670598587,78.5029833376025,Cloudy
2,2023-09-05 15:03:11,25.389990465529895,81.84451787943813,Cloudy
3,2025-12-12 08:12:47,13.097706644060828,80.29766622584906,Snow
2,2022-06-25 09:04:40,28.584696923569673,77.20078973396333,Clear
2,2024-02-05 12:33:25,25.42678993165612,81.81089504035035,Clear
4,2024-01-10 14:41:15,28.62838139710316,77.21748575632226,Clear
3,2022-05-27 02:59:49,22.559598829261933,88.30174062135633,Clear
2,2025-05-13 14:52:20,13.038044515003433,80.26952838163857,Clear
2,2022-05-04 22:04:16,19.069609529255565,72.85828923658487,Heavy Rain
2,2025-02-24 15:24:29,25.39127168304688,81.87125590476515,Cloudy
2,2022-03-29 23:12:34,22.640957089343896,88.32908002766364,Clear
2,2023-12-17 08:27:54,22.511962689176144,88.35013796487112,Fog
1,2023-01-25 09:01:23,22.606940233179028,88.38153607549827,Clear
4,2024-05-08 06:31:10,12.999030598886351,77.54566656948613,Clear
1,2022-02-19 12:40:37,28.520053834845996,77.42353176717327,Clear
2,2022-07-10 18:58:22,13.106828389004148,80.26512244988353,Heavy Rain
2,2024-09-16 01:11:56,28.5266050789012,77.05561844540064,Heavy Rain
2,2025-05-15 01:03:00,28.49514968294585,77.3772786045956,Clear
1,2025-06-14 14:51:47,19.055551981738276,72.98412404339558,Clear
3,2025-11-03 02:09:07,28.530261361909535,77.39777698878214,Cloudy
1,2023-09-12 03:10:42,28.58274318993722,77.18404785564151,Cloudy
2,2023-11-16 00:43:39,28.51825889951142,77.42958844347596,Windy
3,2025-08-15 10:48:31,26.842985379733566,80.92953302938604,Clear
3,2024-08-28 02:30:41,12.951697519117095,77.62331533504572,Clear
3,2024-09-14 15:25:26,19.129036133301334,72.8587379367396,Rain
4,2024-08-01 09:43:35,25.398467132087845,81.84150148171634,Snow
1,2022-08-21 02:59:54,25.444236514725173,81.86743709645192,Clear
4,2023-07-06 13:38:56,25.405893672280655,81.844606033228,Rain
1,2022-07-13 21:01:03,19.112859250838333,72.86039257091647,Fog
2,2025-07-14 00:12:33,13.071363190137443,80.27811577125901,Rain
2,2023-03-11 04:59:24,26.87420909346029,80.96680911830397,Clear
1,2025-02-24 19:46:43,28.501701623015347,77.38533473321249,Clear
1,2025-10-03 16:43:53,28.68410189030784,77.25320598244359,Fog
1,2022-04-13 00:59:04,13.086642283863899,80.27233386069567,Clear
2,2024-08-13 21:03:47,26.889990516273137,80.92714990973957,Clear
1,2024-04-10 20:40:14,12.973568586815063,77.54547164428823,Cloudy
2,2025-01-03 15:26:49,28.57255831707915,77.23758186601418,Cloudy
2,2024-03-18 12:10:00,19.077820722765388,72.8821510871718,Heavy Rain
1,2023-08-31 18:31:08,28.514339696932105,77.42123447327737,Clear
2,2022-03-10 23:18:53,19.020412051545225,72.84729089792387,Cloudy
2,2024-12-02 08:22:28,28.468448052893404,77.00398131167324,Cloudy
1,2024-04-25 04:26:39,28.604643187793098,77.18996694415885,Heavy Rain
3,2024-03-04 20:02:45,28.64778070961531,77.23900397878316,Clear
2,2023-03-22 20:42:52,25.425442536092692,81.8021774559404,Heavy Rain
2,2022-04-02 20:56:30,28.59929678076666,77.25697771418321,Rain
1,2025-02-11 20:25:24,22.567523820796506,88.35964089600094,Clear
2,2024-04-28 14:46:09,28.468040212209996,77.00868713952218,Clear
2,2022-07-06 00:08:35,19.079271047211822,72.8914215576354,Clear
4,2023-10-19 08:03:05,19.07686245483233,72.8741218026541,Cloudy
2,2022-06-10 15:09:59,26.872244506229023,80.93992351902445,Clear
2,2024-07-17 10:17:55,28.482714568344257,77.1176867956206,Fog
1,2022-11-06 20:48:14,12.930213971846413,77.6447648760452,Cloudy
1,2023-09-18 23:43:00,28.59110882971379,77.21747854813714,Clear
2,2022-09-10 08:40:47,28.626772576117297,77.21692313209941,Rain
3,2024-11-12 19:33:44,17.346068373921586,78.4044861874851,Clear
1,2023-04-01 15:26:32,28.517506891847123,77.42241795200775,Clear
2,2025-03-20 21:46:04,28.5337130955534,77.4574714862293,Clear
3,2024-09-30 03:32:20,28.57833277678796,77.42422537744314,Rain
2,2024-12-17 09:31:35,19.101462157145487,72.800492268703,Clear
2,2023-08-05 08:14:12,17.38201649748012,78.50776232111545,Cloudy
1,2022-11-17 08:39:17,28.63910047361427,77.1947318797502,Rain
3,2023-11-16 12:27:10,25.44833170935998,81.79933972148253,Heavy Rain
2,2024-08-01 20:10:05,22.562670264507236,88.40556662448178,Clear
2,2022-07-15 01:14:01,28.419770820320604,76.99626444183332,Cloudy
3,2022-07-16 15:04:54,19.11915215053371,72.86591399394833,Rain
1,2023-08-09 03:58:20,12.95103951448016,77.5482671594391,Clear
2,2023-06-29 04:58:05,13.083191180685866,80.2462146056226,Clear
2,2025-09-02 23:02:40,12.950357393042559,77.68330863990121,Clear
2,2025-12-13 10:08:21,12.991743064254043,77.61204993918514,Rain
3,2024-12-29 15:45:37,28.684366233113412,77.19067561900805,Rain
2,2022-06-15 20:29:53,19.077833049390374,72.91842232498941,Clear
2,2025-11-18 00:48:28,28.590975542898697,77.15761924229315,Clear
3,2024-06-07 08:04:40,13.132805611682494,80.24540269105945,Rain
3,2022-03-18 19:36:55,28.549904800170747,77.35805088908494,Heavy Rain
2,2025-09-13 00:31:49,28.45514946713925,77.02384364898144,Clear
2,2023-12-27 12:14:26,28.55125191349148,77.37036473514225,Cloudy
1,2022-01-03 21:35:42,28.57033086828055,77.42380785949888,Clear
2,2024-03-19 13:29:42,13.015751128139609,77.67997669975517,Clear
1,2024-11-28 02:28:57,28.6075048538365,77.26771894318149,Clear
2,2023-10-06 13:51:39,26.833134668806053,80.88791153766157,Rain
2,2024-05-26 06:01:32,19.12445767369279,72.88652118929772,Fog
1,2025-12-17 19:39:43,26.81117792002203,80.92522440239817,Cloudy
3,2024-11-21 08:26:01,28.45431009017254,77.06222285891626,Clear
2,2024-12-14 15:39:42,13.100483070004728,80.21502039500994,Cloudy
3,2022-04-02 17:15:38,28.627228924642086,77.25599526514729,Heavy Rain
1,2023-03-18 01:50:32,26.820414061761333,80.97754110782863,Windy
2,2023-10-01 00:20:08,28.54679347207597,77.42969576008514,Heavy Rain
1,2024-02-05 07:18:03,22.548801165677382,88.3815165070846,Cloudy
1,2024-06-06 08:00:12,22.610785976821703,88.37265517006124,Clear
4,2022-11-15 15:30:13,26.870804946059415,80.96754082031678,Rain
2,2024-07-03 05:54:34,13.003813865643908,77.6319749837053,Windy
1,2024-08-12 15:11:01,28.57010130777247,77.37766018061643,Clear
3,2023-09-06 09:30:20,25.434807172344964,81.80607858214087,Clear
4,2024-09-13 18:16:34,17.345013133565857,78.50379820484659,Clear
1,2023-07-07 02:18:47,12.964058314934249,77.61430427136666,Clear
4,2022-08-15 04:23:17,19.121705138016537,72.91179414638819,Cloudy
1,2025-12-12 16:21:14,22.537277889664693,88.44155601751358,Clear
1,2025-04-01 13:39:58,28.57242690921299,77.37930275506768,Cloudy
1,2023-04-05 13:12:10,22.64298160623947,88.35059812222899,Clear
2,2024-06-11 05:43:25,19.115778719952118,72.92474369928141,Clear
3,2024-03-23 01:10:37,17.401256361440325,78.52695478812879,Clear
2,2025-08-26 22:09:06,28.586140286773514,77.16732389697422,Clear
1,2025-10-15 15:44:47,28.557974262610358,77.39121879107545,Clear
2,2024-10-03 22:16:58,28.487976159767832,77.41277493407952,Clear
1,2023-04-30 21:57:18,28.656475658554697,77.21444290613172,Clear
2,2022-09-10 03:02:20,22.553866400362086,88.35643461985288,Heavy Rain
2,2024-12-13 10:19:56,28.440305871155775,77.0484792159719,Clear
2,2025-12-20 16:03:00,28.517642364175707,77.41352738976366,Heavy Rain
1,2023-08-09 14:44:23,17.358757844373887,78.56070902118054,Clear
1,2022-04-16 21:52:36,26.869949632148998,80.95398357349472,Clear
2,2022-06-02 23:22:33,22.594232397287552,88.37602844564096,Fog
3,2023-10-29 12:51:15,25.455429515009175,81.81419776562828,Clear
1,2023-10-07 15:39:49,25.42077540219944,81.87809088644241,Clear
1,2024-08-17 00:52:57,19.049335125959637,72.86195764378908,Heavy Rain
2,2022-05-31 17:32:35,28.60469911344376,77.2170992222947,Cloudy
2,2024-06-26 15:03:55,17.307256827472873,78.48445072050497,Cloudy
2,2023-06-18 06:55:56,28.589339542869144,77.1976860066433,Clear
4,2023-07-27 03:01:34,12.980883995825314,77.57932984331521,Clear
1,2025-08-28 07:35:10,28.65437462200241,77.18274672198791,Clear
2,2022-09-19 16:24:16,19.070119761774265,72.82649927571174,Fog
4,2024-06-27 18:26:40,28.573487706789034,77.17817877390765,Clear
1,2022-12-31 12:48:01,25.39276259685802,81.90748144380989,Clear
2,2023-09-23 11:38:54,22.55354596431474,88.40057471699114,Clear
1,2022-10-30 13:55:30,28.59770797531925,77.2249311484454,Rain
1,2022-07-30 20:03:02,25.39969055880811,81.86395204611203,Cloudy
3,2023-10-01 02:05:39,17.36300955277938,78.4797864988498,Clear
2,2023-11-07 14:52:47,28.58316574037381,77.1745268856209,Clear
4,2024-03-02 00:57:59,28.62835103251835,77.23833783847365,Clear
4,2024-05-08 03:29:46,28.590372339460668,77.25294871340094,Clear
2,2025-09-20 16:02:27,28.525654722156563,77.38685130180899,Cloudy
1,2025-12-19 01:05:28,28.53545712365921,77.35931603440783,Clear
1,2022-04-28 21:18:15,22.592138123740742,88.3578580776447,Cloudy
1,2025-07-08 20:20:24,25.488145010776886,81.8910452235288,Clear
1,2025-07-13 22:03:04,22.54064290916789,88.33192400610389,Heavy Rain
2,2025-07-02 18:42:44,17.419963874236082,78.50597599420364,Rain
1,2025-01-10 15:22:15,19.04630717122519,72.85728299734926,Rain
4,2022-12-02 23:00:16,13.05134810605846,77.58709638738081,Clear
3,2025-09-11 10:19:03,28.63055441318954,77.16429598160461,Windy
4,2025-02-01 10:49:20,17.39177845064219,78.50917973898349,Clear
1,2023-11-26 13:03:17,19.108339393769207,72.85843291089064,Cloudy
1,2022-08-06 22:14:01,28.617558978594225,77.20393599837402,Clear
1,2022-10-23 06:30:26,19.00096116089323,72.88128337694218,Clear
2,2022-12-09 14:24:43,28.46514903320393,77.4354530151688,Rain
3,2025-05-06 00:38:02,28.621586058863475,77.20974315730216,Clear
1,2022-08-25 21:04:23,26.798128642164947,80.98605446313432,Clear
1,2023-03-03 16:40:47,28.571258055486926,77.39308790977525,Clear
1,2024-11-01 04:38:11,19.080213059513444,72.88522445877165,Clear
2,2024-02-03 16:41:03,28.656021101991517,77.22769475797931,Clear
1,2024-04-30 04:23:22,12.901496805514718,77.58001229221016,Clear
2,2023-06-16 01:21:55,19.129903773831042,72.91159745809188,Clear
1,2023-10-12 23:38:40,28.582494738650155,77.19409805445287,Clear
1,2025-12-02 13:09:42,28.322215991193357,77.03653258097434,Windy
2,2023-05-18 14:17:46,17.354931350408247,78.4613413705838,Clear
1,2025-04-07 21:51:57,28.54541444825513,77.42623186210588,Rain
2,2023-05-06 06:33:17,26.84161277021901,80.95835891202522,Clear
3,2022-08-29 01:31:54,13.048119901369898,80.26554825372313,Snow
1,2025-07-03 15:39:53,25.513092189251896,81.77941619225427,Clear
1,2022-08-17 14:15:24,28.635103232729055,77.18492576823303,Clear
3,2023-03-20 01:41:34,22.61804894654192,88.3853912692385,Windy
2,2022-08-06 18:22:25,17.318778824963005,78.48452523767358,Clear
1,2023-10-31 04:42:54,28.466727696880103,77.02972299004063,Clear
2,2024-09-03 21:22:23,13.096604321746753,80.29821337120366,Fog
1,2022-02-28 21:04:56,12.965712412976387,77.60414858562973,Clear
2,2022-02-03 18:33:25,28.631666413803014,77.24751375122976,Clear
2,2024-09-29 11:39:37,19.089343562930672,72.87627878189126,Rain
2,2023-07-26 08:51:02,28.61816304628097,77.21949406624448,Clear
1,2025-12-20 02:45:37,26.781987174292006,80.97713901449376,Rain
1,2022-10-20 05:59:55,17.371315019546675,78.47171467114192,Clear
1,2024-04-22 05:32:10,25.425688765498307,81.84683856475755,Windy
2,2022-11-22 09:23:50,25.418628571809066,81.83640342353297,Cloudy
2,2023-10-08 19:09:17,26.847321339116064,80.92350174296735,Clear
1,2022-06-28 13:45:46,26.88612518008611,81.00226974291148,Clear
2,2023-09-18 00:54:43,19.035043452359517,72.88284021233098,Clear
2,2024-07-21 04:47:40,28.63172533632747,77.18743750746323,Snow
4,2025-09-01 10:00:26,28.568452505234134,77.22252731711848,Rain
3,2023-10-10 01:36:14,28.49300774169246,77.31192533399977,Cloudy
1,2023-06-12 11:12:17,22.562769576397084,88.41636354619337,Clear
1,2025-11-01 14:27:55,28.641207060241513,77.1679029196498,Clear
1,2024-10-14 04:38:53,13.151993161110932,80.26752437011982,Clear
3,2022-11-24 02:44:36,12.989323536153151,77.61807405097542,Windy
1,2022-03-13 21:58:55,28.630650688845442,77.23061672850193,Clear
2,2024-08-25 05:08:37,28.49986111345038,77.35299128902405,Windy
4,2024-02-08 05:58:51,28.572726635091957,77.18610229085353,Cloudy
2,2024-10-29 04:26:43,19.072669756419042,72.92103991237995,Heavy Rain
1,2022-07-27 22:13:59,13.097755004101039,80.28849873611695,Cloudy
2,2022-03-30 07:34:55,26.865969492648915,80.91934283799218,Snow
4,2023-03-04 13:46:00,28.45333530308012,76.97290563572929,Fog
2,2025-04-06 20:33:49,26.876611955869272,80.92298931684668,Cloudy
2,2025-12-11 20:55:42,28.651542500739573,77.21325425289749,Clear
2,2022-08-28 07:12:13,26.88398963137031,80.90412268333331,Cloudy
1,2023-04-05 21:45:26,28.588323400693962,77.40437410097074,Cloudy
1,2022-02-23 00:20:41,22.558463462081484,88.39132009153253,Clear
2,2022-04-14 01:59:14,25.460079713938768,81.9017573031305,Windy
1,2022-06-15 04:44:53,19.079766120267802,72.85639928680509,Cloudy
4,2022-07-31 05:17:05,28.55436649068719,77.39630628240256,Heavy Rain
1,2023-11-19 10:18:30,28.65203703330182,77.19642501434927,Clear
2,2024-11-17 14:52:59,25.515454955865692,81.87534369186221,Clear
4,2022-12-05 15:58:34,22.596343201987562,88.32069522397768,Cloudy
3,2022-11-07 20:50:01,12.939303800275248,77.59451924291105,Cloudy
4,2025-10-05 00:03:43,28.590824533710236,77.200734590125,Snow
1,2024-09-09 19:57:04,28.59499099597695,77.41071915261568,Clear
1,2025-02-21 05:37:31,13.022539046820418,77.57401935183371,Rain
1,2022-11-01 23:29:24,25.45117096485513,81.86883695536036,Clear
1,2023-11-16 14:25:59,12.963740573544328,77.55755423287026,Heavy Rain
1,2022-06-05 00:56:22,28.607948170867438,77.42090292621224,Clear
1,2023-06-28 10:02:38,28.638292572223698,77.12434285865257,Clear
4,2024-10-25 04:01:39,28.59068315867707,77.1608697712786,Clear
1,2025-05-30 14:11:27,19.088008873220097,72.90610891881644,Cloudy
2,2024-12-25 04:51:13,28.664096196278212,77.14812011645188,Clear
3,2022-12-12 06:52:15,28.4845185840968,76.96156562451932,Clear
4,2022-07-29 06:33:30,26.838919966420853,80.99584697614112,Clear
1,2023-05-18 05:15:58,28.63140834227444,77.16530940193458,Clear
3,2024-03-14 06:36:26,28.615555456009506,77.23331341934416,Heavy Rain
2,2024-04-29 17:41:11,28.593194441269308,77.41744115998549,Fog
2,2025-05-31 20:27:19,28.65940617843846,77.12832999895913,Cloudy
2,2022-08-17 20:21:50,28.614102479018936,77.2121538650231,Clear
2,2025-11-30 17:38:48,28.438695520549768,76.98652262292312,Fog
4,2024-04-13 07:21:03,28.425007493574686,76.99108229089583,Fog
1,2025-07-15 11:54:26,28.399518974905476,77.010260060636,Rain
2,2024-04-16 17:25:42,13.014907942774727,77.58557964034448,Heavy Rain
1,2025-08-22 12:11:18,28.62320473769779,77.22050308243604,Cloudy
2,2024-01-10 00:56:18,26.80022704642822,80.93610134847614,Windy
4,2025-08-05 15:55:13,26.862132158973292,80.9372848423505,Snow
2,2022-01-13 20:06:05,19.05631952852868,72.90373385612216,Windy
1,2025-09-09 02:12:51,13.09442941465758,80.28346106312968,Clear
3,2023-08-24 19:38:53,17.38703565990965,78.48065102155132,Rain
1,2023-06-01 11:46:13,25.43956948071873,81.88123761795902,Clear
1,2025-09-12 21:08:42,28.56792652705761,77.21038494034468,Clear
2,2022-02-08 19:34:22,22.557427086257878,88.38348815496136,Clear
1,2025-07-14 17:25:03,28.66456879966649,77.21997679486695,Rain
2,2025-10-19 10:35:26,28.587714472194552,77.2045574779975,Rain
1,2023-02-16 22:18:36,28.652670238359388,77.22883107519375,Clear
1,2025-06-22 03:20:09,17.28204300348827,78.46615300715317,Rain
4,2023-11-02 07:03:20,28.61950388117239,77.23547089517413,Cloudy
1,2025-12-21 20:49:28,25.410076684310763,81.81469814975333,Cloudy
1,2024-10-07 15:45:26,13.000485763103411,77.58531716470924,Clear
1,2023-06-24 20:33:45,19.095816208676958,72.91154091958646,Cloudy
3,2023-07-13 04:44:45,28.425905239422427,77.01872781611557,Clear
4,2023-09-07 11:42:41,28.653254495248984,77.25145443749923,Fog
2,2024-05-18 17:34:55,28.53578960730198,77.36397177425305,Rain
3,2022-09-21 05:48:21,22.596697359109655,88.35569223626989,Cloudy
1,2022-09-30 00:00:59,19.08120696222373,72.94265926226323,Fog
2,2023-07-05 01:23:21,25.397931894228737,81.81294609082724,Fog
3,2024-12-01 00:32:22,26.85851621778655,80.94499920751997,Cloudy
2,2025-01-27 15:58:16,22.55127452119228,88.40996893256893,Clear
1,2023-09-12 01:12:37,12.943844533562345,77.6322018257187,Heavy Rain
3,2025-01-23 08:26:45,22.64368337660722,88.31857591090663,Heavy Rain
1,2024-01-21 19:19:10,12.995771613275098,77.63273265608471,Windy
1,2023-07-28 22:32:31,13.050189113955645,80.24728519486462,Clear
2,2023-12-03 09:22:47,28.46397745208311,77.04885042842542,Clear
1,2022-12-27 04:53:59,22.590504443498272,88.37669011449887,Heavy Rain
1,2024-10-08 01:04:35,28.553915208879317,77.36980160663846,Cloudy
3,2024-07-29 06:15:27,28.53826667307526,77.38091453893212,Clear
1,2024-02-13 14:44:05,28.522991431736784,77.41355864405597,Rain
3,2022-10-24 18:16:40,12.947246663628084,77.58902349978717,Clear
4,2025-05-09 06:37:42,28.551023944759052,77.22681988164851,Cloudy
3,2023-10-04 21:34:38,26.816756356553302,80.98748383936628,Cloudy
2,2023-06-12 20:39:50,26.8355693032898,80.89297562644181,Fog
2,2025-11-07 12:40:17,28.63075089370346,77.26388513469502,Clear
2,2024-10-24 00:15:01,17.378309101500147,78.46470948095417,Rain
1,2024-11-14 07:09:25,28.543384440270525,77.41223667525723,Rain
2,2025-11-06 02:46:59,26.79008176683784,80.91775163286535,Clear
4,2024-10-23 08:26:46,26.856208925457498,81.001877850976,Cloudy
2,2024-04-24 23:58:21,28.551139627414106,77.2073088112443,Fog
2,2023-06-05 08:16:24,26.851744072697286,80.97384062436213,Windy
4,2023-02-21 12:17:42,12.961534554834277,77.58736359587998,Rain
2,2025-06-23 07:19:23,26.84129044130393,80.94942218034413,Clear
2,2023-01-11 04:11:54,19.071308293172425,72.88100495285238,Heavy Rain
2,2022-10-09 10:58:45,12.951483645587741,77.56539108066485,Clear
4,2022-04-02 01:16:09,28.638316506615055,77.20127281887396,Snow
3,2024-01-18 18:13:40,28.486667992036097,77.28222345000663,Cloudy
1,2022-04-10 03:07:40,28.62184555079346,77.18833505660791,Windy
1,2025-05-12 19:11:31,26.718771971971353,80.92917628809232,Clear
2,2022-11-15 12:38:27,28.56928019501457,77.21431366824604,Clear
3,2023-12-17 07:18:52,28.545489244843086,77.19813611186855,Rain
1,2023-01-09 20:56:49,28.566004458820085,77.40245096935072,Clear
2,2024-12-11 10:05:53,17.390553916326656,78.47283706118722,Clear
2,2025-03-19 06:33:04,28.52938732190114,77.43860588457899,Heavy Rain
2,2025-06-22 10:44:12,19.106816488689994,72.86255569387872,Cloudy
3,2024-08-27 03:39:24,12.965609008166547,77.60057469189641,Heavy Rain
2,2023-09-25 15:53:13,19.07589796970048,72.84977622574951,Windy
1,2023-06-17 05:47:27,26.812525106109394,80.98033675072111,Clear
1,2023-02-17 21:47:11,28.54330023986736,77.409056718061,Windy
1,2022-09-21 10:04:52,28.439177765208655,77.05814818507501,Clear
1,2022-12-05 08:05:48,28.61777927325423,77.15907376310017,Cloudy
2,2023-12-22 17:52:07,17.37975117980902,78.44766029987645,Cloudy
2,2022-09-26 06:10:30,19.147280382483522,72.86325395670225,Fog
3,2024-12-07 03:22:33,22.572452932961312,88.42358768247796,Heavy Rain
1,2023-08-07 22:24:05,28.473075014019543,77.05532018840842,Clear
4,2022-10-15 10:44:54,26.819840885474125,80.95926674385461,Clear
2,2022-02-12 12:44:06,28.41281116791542,77.04632087325605,Clear
3,2023-06-21 10:16:40,28.422258392546404,77.020349620567,Cloudy
2,2022-02-12 02:23:29,28.503931115156757,77.38455431111603,Clear
3,2025-04-01 13:25:08,28.455019056671553,77.45403658187888,Clear
4,2025-10-31 13:59:28,28.488526818333224,77.39400390440046,Rain
3,2024-09-15 14:49:37,28.448309092500637,76.98690553181326,Clear
3,2025-11-14 00:21:22,28.613891758027982,77.23109260821779,Rain
3,2022-01-23 03:07:49,28.565683102037777,77.15473680951742,Clear
1,2023-04-21 18:59:01,28.57608668822021,77.14035028568034,Clear
1,2025-04-21 05:14:13,28.489208191020598,77.0243452230148,Cloudy
2,2025-04-06 10:29:18,26.8909681266376,80.89083043243538,Heavy Rain
3,2024-03-17 16:45:01,17.25002686347658,78.5242995654097,Clear
3,2022-12-06 12:44:29,28.62154991111058,77.26740828284552,Rain
3,2022-08-23 20:12:48,19.045160054189278,72.84250004568521,Clear
2,2022-07-10 03:06:43,28.59362848505986,77.23779947256257,Clear
1,2023-07-14 22:05:58,19.06309188571839,72.91080793362238,Rain
2,2022-07-16 13:51:02,26.809239415449987,80.92773928384761,Clear
1,2024-05-04 16:29:14,25.412894399325705,81.86833167739901,Cloudy
2,2022-10-30 02:56:13,25.453306419753723,81.87616083868895,Rain
4,2022-05-29 10:19:40,13.100773883372531,80.22712320717737,Heavy Rain
2,2025-07-21 02:53:39,25.420657686928326,81.92280057158528,Heavy Rain
4,2023-09-08 22:35:59,25.451166184214337,81.79256183042484,Clear
1,2023-05-26 12:42:35,28.555424024932847,77.40810433010117,Cloudy
1,2022-08-16 22:59:01,28.40514370746706,76.9872345326203,Rain
2,2025-01-05 15:05:51,13.009576828415483,80.26064068465611,Cloudy
3,2025-12-18 18:16:12,28.497357931361936,77.00616161806154,Clear
4,2025-04-14 20:01:17,26.85022461249119,80.86556542606792,Heavy Rain
2,2025-10-31 21:21:08,17.402838208769857,78.50344433891703,Clear
3,2024-02-10 23:38:26,13.085941965578213,80.31420018970005,Clear
3,2025-10-20 02:32:39,26.866803522289683,80.9287920663401,Cloudy
1,2024-07-18 16:07:50,25.415833036002564,81.82952334346123,Clear
3,2023-01-11 07:37:42,19.041361924937107,72.84561764573228,Clear
2,2022-09-15 11:02:17,26.835325749204095,80.98803148908411,Cloudy
2,2022-12-16 03:39:51,28.45089016315755,77.04223462637832,Cloudy
2,2025-08-31 18:09:18,12.981730787549774,77.54478321217915,Clear
3,2023-03-15 02:33:40,28.6328790786937,77.20777637563464,Clear
2,2022-11-17 19:43:46,28.62273280734641,77.1944558104995,Cloudy
2,2022-06-17 02:40:55,28.52222766645257,77.3851257598667,Cloudy
1,2025-06-26 14:51:29,28.50357152118054,77.41922441167917,Clear
1,2025-11-01 14:40:20,17.38847999603802,78.52928928769985,Rain
2,2023-04-20 01:51:00,26.87989187477652,80.91884540492714,Heavy Rain
2,2023-06-29 21:23:57,25.446060502886304,81.89367080465166,Cloudy
2,2024-08-29 00:37:00,28.665019482245427,77.24966680168698,Rain
2,2023-04-21 11:27:23,28.41522200406656,77.060828775455,Cloudy
3,2023-09-10 23:31:39,19.087169457007416,72.93934908924777,Clear
2,2025-07-14 19:52:11,26.850824551414945,80.90980111469341,Clear
2,2025-01-15 16:31:04,19.11559546675874,72.82896206015016,Snow
2,2022-11-07 04:48:10,17.36753471074496,78.42507772448319,Cloudy
1,2024-02-01 18:06:16,28.588558080120297,77.34107308951826,Clear
4,2024-04-15 01:29:24,19.118295260034,72.96909365580836,Clear
2,2022-12-26 07:10:31,26.795413086579426,80.96910040877161,Clear
4,2025-05-31 21:44:53,28.61103440379832,77.22872857789946,Clear
1,2022-11-20 21:01:38,17.362676857638288,78.53342681533779,Clear
2,2024-11-22 13:10:21,22.600289900152458,88.35393215551734,Clear
2,2024-09-23 17:05:46,22.626967414466957,88.36529298089407,Rain
2,2022-09-25 08:52:34,22.5757441942745,88.33560639069698,Clear
1,2025-01-16 08:48:39,19.115873463642714,72.86697418699961,Windy
3,2023-04-20 01:22:15,28.502844021020554,77.35448528420613,Cloudy
2,2025-07-18 21:18:52,12.963391697587166,77.55269108097949,Heavy Rain
4,2023-12-20 06:02:03,13.060711908757998,77.65453066406032,Cloudy
3,2022-01-17 12:24:27,13.025589152398094,77.54490429925052,Cloudy
2,2025-11-29 06:32:32,22.568047520555076,88.39502612675653,Clear
3,2024-02-15 05:02:54,12.981262765194186,77.63622869825146,Clear
1,2022-07-14 05:40:01,28.612595157369316,77.12681996029585,Clear
1,2024-12-26 16:47:37,22.5713602950758,88.3454526858616,Windy
1,2024-08-22 02:33:54,28.61132217908098,77.18421362779854,Clear
2,2025-09-10 03:04:40,28.430091188238347,77.00655871035383,Fog
1,2024-04-14 01:58:34,25.45466645238635,81.8350295810284,Clear
1,2024-10-27 10:51:38,17.370055686997265,78.44819941752739,Cloudy
1,2023-06-14 23:59:06,28.451770100195464,76.99484166665329,Clear
3,2022-01-10 00:26:30,19.027842088680465,72.86663779599269,Windy
2,2023-10-09 16:11:42,17.340603930767706,78.45388131491463,Fog
3,2025-10-22 02:10:29,26.857520520183108,80.92225838893674,Cloudy
1,2024-08-28 04:28:58,28.49036749755966,77.38044470672732,Rain
3,2025-02-06 23:38:23,19.077129268376993,72.84641583727763,Cloudy
3,2022-10-10 21:24:17,13.106417298567372,80.27043140777104,Rain
3,2025-07-02 10:27:14,26.823653424165855,80.95228732291913,Fog
1,2023-04-13 19:05:52,19.071912541597825,72.89290020114605,Clear
3,2025-05-09 05:14:16,28.485727363540096,77.41150360541137,Clear
3,2025-10-02 04:03:02,13.091870580102547,80.30336980340665,Clear
2,2024-11-15 20:49:32,22.548027775317564,88.41649546882797,Heavy Rain
1,2022-02-04 21:23:51,28.560661984302115,77.34969916300656,Cloudy
2,2024-09-11 02:19:50,25.49225423597076,81.87182329322587,Windy
1,2025-06-16 00:39:01,12.952702032984824,77.5955542577672,Clear
4,2022-11-23 17:28:40,19.072366563045897,72.83638388301688,Windy
2,2022-01-12 20:06:21,12.99408401478915,77.53597792607286,Snow
1,2022-02-09 21:41:32,28.510849690068053,77.41049858564277,Windy
2,2023-03-07 19:09:00,28.593184337677993,77.2535995290557,Snow
4,2023-08-13 21:53:24,19.042409368280847,72.81947085076312,Clear
1,2022-04-17 17:21:53,22.635062246243244,88.37799513662445,Clear
2,2024-11-09 18:54:01,25.420550120866533,81.84514939301967,Rain
1,2023-12-23 04:02:06,25.406491627047764,81.8339723938386,Clear
1,2025-02-06 20:10:36,26.864821523549807,80.92264544732922,Cloudy
2,2022-06-28 11:53:49,28.431383030864833,77.09066639662495,Cloudy
2,2022-05-29 23:44:51,28.496655617875554,77.35586742645877,Fog
1,2024-02-28 12:48:01,28.599371803214616,77.23368020306285,Clear
2,2025-10-21 12:48:09,26.833093093734963,80.90203428948246,Clear
1,2022-10-16 08:13:22,28.61687029104264,77.23299667809765,Cloudy
1,2024-11-30 05:16:11,13.008238031622197,77.5997561600661,Cloudy
3,2024-05-23 23:27:21,13.017506071040337,77.5649923225964,Fog
1,2025-09-17 04:56:27,28.613883244867605,77.21019503626691,Clear
2,2022-01-19 09:56:07,26.8316115003666,80.97341424179335,Clear
2,2024-03-09 06:19:24,28.443304217320126,77.01585330806762,Rain
3,2023-12-24 04:29:27,28.596553031416626,77.23677003808959,Windy
1,2025-07-05 04:16:08,13.149616295757411,80.2710271511728,Clear
2,2023-10-19 04:55:38,19.02777209382044,72.8321585553615,Cloudy
2,2022-02-10 03:26:58,26.837708850562628,80.9322063934124,Clear
2,2023-09-09 19:11:46,28.670746696470275,77.19810571749935,Cloudy
1,2022-03-07 05:30:38,19.026227952599122,72.88522611800302,Clear
2,2022-08-12 19:02:44,19.098165543268948,72.88169928305221,Rain
1,2025-01-19 08:41:21,22.53217395558572,88.39049694951117,Clear
2,2022-05-10 17:54:35,28.443198631242286,77.04751120002585,Clear
2,2022-01-14 10:00:29,28.600083763288264,77.1790512361716,Clear
1,2022-11-04 02:15:43,13.010467404768205,77.55016217068645,Fog
3,2023-12-04 09:02:07,19.049951482156555,72.84879808165861,Cloudy
2,2025-09-12 23:20:26,28.653413922049072,77.20558011885471,Clear
2,2023-10-26 02:32:08,25.48744089458648,81.7956635012785,Clear
1,2025-06-06 14:36:07,22.56913945810192,88.33989229236177,Clear
1,2022-06-10 19:37:29,19.02499542196302,72.93810993007331,Clear
3,2022-10-16 00:56:55,28.610484213844597,77.1500816253435,Clear
2,2022-04-21 23:22:35,22.594640155344162,88.36073515647637,Clear
2,2023-10-31 22:32:10,19.04191115345128,72.8540289447748,Clear
1,2024-02-14 03:50:35,25.440026966294297,81.82393271335089,Fog
1,2025-01-29 16:40:43,28.608192855209555,77.23546403116613,Rain
3,2022-02-24 12:32:15,26.851882009486175,80.92368973564571,Snow
3,2025-03-22 23:08:08,28.59341483140393,77.19764336948762,Cloudy
2,2024-05-18 15:40:28,28.45204574702074,77.01762755250014,Heavy Rain
1,2024-08-18 11:56:07,26.877381205794475,80.93528750493604,Rain
2,2024-07-03 07:35:06,28.451612698023453,77.08493321407296,Cloudy
2,2024-05-10 18:01:28,28.48049787843483,77.33340707142062,Clear
3,2025-12-29 00:44:08,25.45145852037657,81.83207751020204,Snow
2,2025-11-21 01:48:03,26.80656259154807,80.89261753286206,Fog
3,2024-09-18 08:13:39,17.333916681908054,78.49012281739869,Heavy Rain
2,2023-10-17 01:49:00,28.622196442835207,77.23658630032008,Rain
2,2024-11-26 07:10:03,19.034969914665837,72.87580974793283,Clear
2,2024-02-25 21:21:13,28.541406457639475,77.19634426949757,Cloudy
1,2024-08-15 04:15:38,17.362009435119734,78.53550186682192,Cloudy
1,2023-01-27 18:52:00,25.430019605694007,81.90007111508363,Clear
4,2024-06-10 08:37:21,19.048121604869387,72.86154054495444,Clear
4,2022-05-22 19:26:10,28.41118780876579,76.99799711926097,Fog
2,2023-10-22 11:32:30,13.097768536408697,80.25815771736757,Snow
1,2024-12-16 18:35:28,22.52934272392718,88.35142404747054,Clear
2,2024-06-14 23:54:23,12.979637506944874,77.54846032977895,Snow
1,2022-06-08 07:24:47,13.012582647514213,77.55157817666675,Clear
1,2024-08-28 18:07:04,13.118664344978631,80.22620505128101,Clear
2,2022-03-10 16:40:53,28.441648663891996,77.01053831925567,Fog
2,2025-01-24 01:42:35,28.443300931679936,77.05013584713852,Rain
3,2025-09-03 18:03:06,12.90165792614994,77.56991391466295,Heavy Rain
2,2024-07-14 09:24:02,26.826218495159022,80.95992953843277,Clear
1,2022-02-07 10:18:47,28.59478418635237,77.15949379460218,Clear
3,2022-05-01 08:18:57,19.114166525916996,72.91427431732967,Cloudy
2,2023-09-03 12:57:49,13.10191424624713,80.30417460223074,Clear
3,2022-11-13 04:29:24,17.399374335982216,78.445147285659,Fog
1,2025-03-27 15:30:32,28.59922690173854,77.25758308828242,Snow
3,2023-07-23 22:20:56,28.607449884935857,77.20179560490276,Clear
4,2022-05-06 22:02:39,28.54754467966898,77.41282598344682,Fog
2,2023-07-23 07:24:03,28.60783524730973,77.20871999831033,Heavy Rain
3,2023-08-30 00:04:30,28.51267677228817,77.03068316129094,Rain
2,2025-03-24 07:23:58,19.07306311854256,72.87664255456255,Cloudy
3,2024-10-08 18:57:29,25.41835375711107,81.85318981742662,Rain
4,2025-09-24 01:52:48,28.459561161109594,77.0488329967577,Cloudy
2,2024-04-16 17:29:48,26.795698955555267,80.94055002356886,Fog
3,2024-03-31 19:01:45,25.41788826151432,81.86649210131412,Fog
1,2024-07-07 11:06:10,28.694532450822614,77.22786829364892,Cloudy
2,2022-07-19 09:21:47,22.592182189522312,88.40183171585913,Cloudy
2,2025-08-07 15:54:52,25.383576429399913,81.89163224754344,Heavy Rain
2,2024-02-26 15:28:05,28.672547270284596,77.20221018226017,Clear
3,2025-05-07 14:42:40,19.024994333085505,72.89252104161407,Heavy Rain
1,2022-01-26 21:29:16,22.606010644417864,88.33422930195609,Windy
1,2022-01-26 10:20:43,28.606676032989583,77.21323484020273,Clear
3,2024-09-18 02:21:08,12.99258289344075,77.63171959573322,Clear
3,2023-08-30 05:58:11,19.106106444207633,72.87368140361231,Clear
3,2025-01-06 02:10:47,22.51309747422576,88.26302953228912,Clear
2,2022-10-21 01:04:36,13.001968104936948,77.59332252528938,Clear
2,2025-09-18 13:08:21,19.041379591870246,72.86321664584824,Rain
1,2023-07-04 22:48:28,13.01298667982574,77.61585594032339,Clear
4,2023-12-06 10:50:14,26.770710646785524,80.94965952279364,Clear
1,2023-07-14 16:46:20,28.6864639847339,77.20517208267563,Rain
4,2024-11-17 05:31:13,28.637302041534642,77.23338775361736,Clear
3,2023-06-17 11:26:20,25.412092321994738,81.85362740155657,Clear
2,2024-11-22 00:53:36,19.032708738435026,72.87588359146127,Windy
2,2024-06-09 01:37:17,22.575166547488774,88.39430300342575,Clear
4,2022-10-18 21:28:55,26.84697791830581,80.94695239169916,Cloudy
2,2022-04-08 21:49:28,28.552917077081208,77.16714642470836,Cloudy
1,2025-12-06 23:39:47,28.59659155204417,77.18144766092753,Clear
1,2022-09-01 16:17:12,12.973907588800262,77.50167212937421,Cloudy
3,2024-05-25 12:53:49,25.488018007070657,81.78060362958794,Cloudy
2,2022-02-11 04:22:58,22.60463047181267,88.35861849755972,Clear
2,2022-03-28 13:51:19,28.587126007677565,77.21745144289973,Clear
2,2024-06-08 14:23:58,28.450675689442974,77.02736906535871,Cloudy
1,2025-11-25 09:07:10,22.540803748186704,88.31782005724895,Clear
1,2025-03-23 20:15:52,12.94159896691379,77.61181350403808,Rain
1,2022-08-06 15:13:37,28.436782328325165,76.99400921587281,Clear
2,2024-03-29 14:08:04,28.65506038448192,77.24871690152034,Clear
1,2025-03-22 11:52:54,28.46896622280557,77.02736935434253,Rain
2,2025-05-20 17:43:39,28.606743600985183,77.46072330426242,Rain
2,2022-09-13 18:19:02,28.501464227680955,77.40731233618976,Cloudy
4,2025-01-03 08:02:04,28.553332548398853,77.35458364422387,Clear
1,2022-01-12 05:15:04,19.08260208785488,72.93398235365105,Cloudy
3,2024-05-08 23:20:52,19.100783924906462,72.90618444442413,Clear
4,2023-07-08 07:03:43,26.870390174806705,81.0083046486508,Cloudy
1,2022-12-10 02:25:26,13.059044184736225,80.2526475576368,Clear
1,2023-08-13 23:40:35,28.592554548770604,77.40396190935651,Clear
3,2024-10-09 08:05:43,26.86147866245654,80.94388511567838,Rain
1,2024-01-27 08:32:19,19.07750175641587,72.87760599959479,Windy
2,2022-08-23 17:32:01,13.019253837099685,77.59516723098194,Clear
4,2025-01-26 06:03:53,25.448261415539584,81.79681590479014,Fog
2,2023-07-16 01:47:53,28.466923256546163,77.02597487546588,Snow
1,2024-02-06 19:05:57,17.38108535135698,78.47085584480216,Clear
1,2022-10-24 04:25:07,19.131311891978804,72.90977986648222,Cloudy
3,2023-07-24 23:22:37,13.061760223303077,80.24029313593995,Rain
2,2023-09-17 10:24:25,17.395533893182485,78.45883539730599,Clear
3,2022-12-21 09:56:45,13.100890665709827,80.22714731305476,Fog
2,2023-03-28 21:23:00,13.036564682979181,77.55263236388268,Clear
4,2023-02-15 07:42:52,19.09091547958762,72.84338641119808,Rain
4,2023-09-02 23:13:42,26.866003130296434,80.95999894924734,Clear
3,2022-09-13 11:08:24,28.566955909546714,77.22784761048237,Fog
3,2023-06-05 11:54:07,28.586405993484792,77.34359974757857,Clear
3,2024-08-03 13:38:22,26.8266122878424,80.94652515239073,Windy
2,2024-01-24 05:35:12,26.815350902090646,80.97267935152459,Clear
4,2022-09-01 20:01:53,25.38922728209428,81.81931503455134,Clear
1,2023-03-15 00:47:28,28.50301302000368,77.02723327185463,Rain
3,2023-04-21 05:49:49,28.410056127654755,77.00223200668698,Clear
3,2024-07-11 13:59:59,26.830689920687206,80.90067782033381,Rain
3,2022-04-12 11:04:18,28.43055368522378,77.02673867633924,Cloudy
4,2022-05-22 06:42:08,26.852788152294448,80.9245638735265,Rain
1,2023-11-28 03:56:54,13.078724634611923,80.22004165332879,Cloudy
1,2024-05-11 11:21:13,28.501696063018642,77.39928509923593,Clear
1,2024-06-25 13:26:02,19.082488898093178,72.88008341205212,Cloudy
1,2025-03-09 07:11:20,28.595094884618767,77.25842243007833,Windy
2,2024-07-16 12:18:41,22.541865272442458,88.42762030938927,Snow
1,2025-01-31 12:23:48,26.931612996484855,80.92772798434191,Fog
1,2025-04-27 06:15:22,22.62242709136365,88.29598494210721,Cloudy
2,2025-05-09 04:39:49,17.371305629978238,78.4555876316829,Clear
2,2022-12-12 20:27:54,25.39198272088343,81.91372208920023,Clear
1,2022-05-23 14:34:22,28.485876038820592,76.9557623936156,Clear
2,2024-03-26 14:40:13,28.59132750388872,77.23676418735843,Cloudy
2,2022-05-06 01:21:44,17.384573155169214,78.46058523927564,Cloudy
3,2023-05-06 18:38:00,26.836949534668513,80.95855637369453,Clear
4,2023-09-01 05:23:01,19.009994738374754,72.86466032018002,Heavy Rain
3,2025-08-08 01:50:57,17.38663230782981,78.46846874836336,Rain
1,2023-05-13 16:47:35,13.11599470861068,80.25922646414163,Clear
1,2024-02-11 15:55:16,28.650551182925106,77.20703699958025,Clear
2,2023-02-04 09:28:40,18.999707396851342,72.87571071017275,Clear
1,2025-02-03 06:48:42,28.661492016266493,77.20743519351342,Cloudy
1,2025-11-08 09:20:45,28.54757475872408,77.24846172505562,Rain
1,2025-04-14 15:48:17,26.85399600259683,80.86791741963728,Rain
4,2025-11-23 09:22:06,12.973930608941602,77.59676258945804,Snow
3,2023-12-10 17:35:36,28.51197891231735,77.34751137598471,Cloudy
1,2022-08-18 22:14:42,28.636428406355787,77.28170702038496,Cloudy
4,2024-07-13 20:44:12,28.611251512457002,77.26281429616621,Heavy Rain
1,2023-09-23 14:05:57,28.61462480392899,77.17159455660278,Clear
4,2022-03-28 09:04:20,28.585200663062242,77.14131723518945,Rain
4,2025-07-11 03:59:58,25.423916444516692,81.87993262625129,Clear
2,2024-07-12 18:45:00,28.493500154696722,77.37310807705036,Rain
2,2025-12-18 05:09:41,28.556255714922486,77.04280837280099,Cloudy
2,2025-08-03 22:26:08,26.790806537350527,80.93968910178779,Clear
1,2022-10-22 22:08:00,28.498224221073688,77.01823217530325,Cloudy
2,2023-04-13 13:10:27,28.566301112521472,77.22311095583221,Clear
4,2023-01-23 12:22:48,13.037449419372843,80.26475943294501,Clear
4,2025-02-08 01:03:04,28.59193828804666,77.20437433866756,Cloudy
2,2024-05-13 04:20:40,26.8212387317741,80.98881418076827,Rain
3,2022-11-12 05:48:23,25.397757666422482,81.90977123500545,Windy
3,2023-03-03 06:48:29,28.54423633103734,77.30557535948287,Clear
1,2025-08-19 16:37:13,12.988906327092334,77.54616599186264,Cloudy
2,2022-10-04 00:24:10,12.915935491213371,77.5966819728999,Clear
1,2023-01-13 11:02:10,28.6185816200919,77.24616246684354,Rain
1,2022-08-30 16:24:49,13.022548620011044,77.57005351649516,Clear
3,2022-08-11 16:19:36,28.67354453703365,77.1690203871128,Fog
3,2023-12-27 12:34:36,28.633433478034235,77.17399683384855,Clear
3,2025-01-18 13:29:15,22.617687366487313,88.3932351413914,Clear
3,2023-01-27 02:47:17,28.685632756136425,77.17509664528026,Clear
2,2023-08-24 16:33:17,22.59604538132667,88.33086052446282,Heavy Rain
4,2024-04-26 12:41:52,12.987066812275748,77.6005503576643,Rain
2,2023-09-10 03:27:11,28.6301303070145,77.16813747116417,Cloudy
3,2023-01-11 12:39:06,25.468663931404667,81.8440642758509,Rain
3,2025-10-16 08:47:09,13.00052015436178,77.59371060207374,Rain
3,2023-04-10 01:50:51,26.85961210210179,80.94660780976899,Cloudy
3,2025-03-25 23:25:03,28.479331849118566,77.39692910762193,Clear
2,2024-04-22 06:16:17,28.543765699754164,76.98872819589727,Fog
2,2024-08-31 07:59:53,28.569453009516206,77.3594601913244,Fog
2,2024-07-03 05:17:37,28.562297061836006,77.3742725105928,Rain
2,2023-11-07 13:25:57,22.573928730487374,88.36894182810343,Clear
4,2022-10-15 06:11:53,28.52885856458111,77.21725254724693,Clear
3,2022-09-29 16:11:50,28.629288440279556,77.24063619902226,Snow
1,2023-09-16 12:45:30,22.56002799692817,88.36921716023149,Cloudy
1,2024-12-15 11:26:25,19.10581803224387,72.84841355081142,Clear
4,2024-05-02 18:42:54,28.607023577140698,77.2354142812608,Fog
1,2024-12-31 23:42:44,12.872890672379977,77.57367177292437,Clear
1,2022-09-17 00:49:02,19.05720127546053,72.84174924391093,Clear
4,2023-09-16 14:14:22,17.358230277009216,78.42384060428955,Heavy Rain
2,2022-05-08 11:33:02,17.386005504236497,78.57040084319982,Heavy Rain
2,2025-03-28 16:58:26,22.61998621507632,88.36056973207802,Fog
3,2023-10-29 08:06:20,28.65333532728725,77.15696485355332,Cloudy
2,2023-04-06 12:21:02,13.013219542350871,77.65606355563928,Clear
1,2022-06-05 04:39:06,12.928967835409619,77.61433585435341,Rain
2,2023-09-16 00:05:14,22.558853436665412,88.31133570763795,Snow
1,2025-08-04 09:07:44,22.566418667144294,88.39164588912647,Clear
1,2022-12-30 15:22:13,28.576975244425405,77.42815282050115,Clear
1,2022-02-05 13:41:29,12.967061443178999,77.54082142583663,Clear
2,2022-10-01 20:45:21,28.62924771544981,77.23132601200993,Clear
3,2024-06-06 06:27:48,28.415415304489557,77.03910175076483,Rain
3,2024-10-12 19:37:04,28.633726291943834,77.21860876656542,Heavy Rain
1,2023-08-13 09:31:55,28.64726116890153,77.236617632049,Rain
2,2024-10-02 08:00:33,26.85388944440265,80.94480627983597,Fog
1,2022-11-28 03:11:39,25.482873588316096,81.82483185300343,Clear
3,2023-10-05 06:55:57,12.986709702486252,77.58650071994214,Clear
2,2023-09-24 03:06:23,25.436997163958832,81.81638813753857,Rain
1,2023-06-04 01:16:38,19.043736172028794,72.88119958573179,Clear
3,2022-12-26 02:36:00,22.59932293985112,88.40676535826684,Clear
2,2022-11-05 18:35:35,28.641328116597936,77.22448176909917,Clear
1,2025-09-28 17:34:23,28.60287895933779,77.41861131207746,Rain
1,2025-02-08 20:52:02,28.531837037732732,77.36711359308441,Heavy Rain
1,2024-01-06 23:11:31,25.44545950472972,81.91935452566278,Cloudy
1,2022-03-17 04:43:10,19.10491509656142,72.8889578430857,Cloudy
2,2023-09-11 19:02:48,28.584274446881444,77.2041688730886,Heavy Rain
2,2023-02-01 22:59:38,28.643375524273296,77.26851010248043,Fog
2,2022-06-19 20:15:34,28.535931968272337,77.30527214639888,Heavy Rain
2,2023-09-11 22:41:14,28.510919597538305,77.40942000540387,Heavy Rain
2,2023-08-18 07:53:49,28.66309766591278,77.21602584892655,Clear
2,2023-11-16 02:10:18,19.060016634353335,72.88022177975654,Clear
1,2025-01-09 09:33:06,28.629633378085607,77.15484654408914,Cloudy
2,2025-12-17 18:13:36,26.857858291886988,80.9454677636916,Heavy Rain
2,2024-08-12 15:57:19,28.49130672173435,77.05444904570429,Clear
3,2025-10-17 12:13:54,19.05704844477225,72.87412978019555,Clear
3,2022-12-21 01:40:38,22.56308944860456,88.29845939183157,Clear
2,2023-12-23 11:39:43,19.111597294038955,72.88209454828657,Cloudy
2,2024-04-16 13:51:04,26.86319869419677,80.99071648408984,Windy
1,2023-01-27 03:39:03,28.65992668208335,77.18906294732088,Clear
3,2023-10-19 15:22:19,28.54859560856788,77.20999641291534,Clear
1,2022-12-05 21:54:17,28.45662124696713,76.97173573699081,Cloudy
1,2025-09-16 10:52:08,28.622361841145953,77.21856618755793,Clear
4,2024-11-01 23:05:10,25.43399004110422,81.8157533625224,Rain
1,2024-05-22 05:42:55,28.58799363263878,77.1878354350716,Clear
2,2024-06-07 23:32:01,28.47403590170341,77.07635261498316,Cloudy
2,2025-12-30 05:48:01,28.56445958861096,77.21960557023662,Clear
3,2022-11-05 01:39:30,26.80909255636194,80.98191336559623,Cloudy
3,2025-12-07 18:44:19,28.578461138229784,77.39811346558575,Cloudy
1,2024-04-19 13:35:47,25.420582185731973,81.87484579856087,Clear
2,2023-06-26 08:48:11,17.426857966760238,78.5175611240266,Cloudy
2,2024-01-07 09:52:33,28.584909718387806,77.21320694955611,Cloudy
2,2024-04-23 04:47:54,17.40439890666093,78.51501690011807,Fog
4,2025-07-07 20:05:35,28.4830099816182,77.3902657014905,Clear
2,2023-05-22 09:10:33,28.613218323714452,77.14146812080809,Rain
1,2024-09-23 03:42:32,26.85587203638951,80.89639139111912,Cloudy
1,2024-07-18 07:51:47,12.972051545344891,77.58384485564639,Clear
2,2025-06-26 22:56:14,28.610415726088526,77.1870165757722,Rain
1,2025-06-21 03:49:24,13.108349463244918,80.2915253080738,Clear
1,2022-03-24 20:34:27,28.667846240068048,77.25568993650569,Clear
1,2025-03-17 06:55:22,25.350137670017762,81.84287119937662,Cloudy
4,2022-02-23 05:21:48,28.4776873113894,77.02166021124692,Cloudy
2,2025-10-27 00:08:03,28.53377890544905,77.40298858464054,Clear
2,2024-11-17 21:48:56,28.456054414003813,77.07360528293077,Clear
2,2024-02-10 01:04:00,28.59725803405837,77.1857658414011,Clear
3,2025-01-02 12:35:24,19.050865181943305,72.85616126859858,Heavy Rain
1,2022-08-09 00:25:58,28.64181519721425,77.28950107398006,Clear
2,2025-08-09 00:12:22,25.38999275934299,81.8807732536052,Clear
1,2022-06-30 06:57:07,28.59873255955903,77.22885345973825,Cloudy
2,2024-07-17 04:12:47,22.584662362881506,88.35665510953304,Clear
2,2022-11-12 04:02:31,28.627912890131192,77.21748019150309,Rain
2,2022-09-03 15:21:20,28.673986696221455,77.18600347059545,Clear
4,2022-01-17 02:15:51,28.708430326434236,77.20633350155168,Fog
3,2024-08-13 06:02:59,17.41786811302709,78.46597600575328,Fog
1,2022-06-13 22:22:00,28.596503925826696,77.17563948733357,Cloudy
1,2025-04-07 03:53:29,26.858348249383774,80.9490506532062,Clear
1,2024-08-02 23:47:18,13.09389223143944,80.26729915127697,Clear
3,2024-03-19 20:53:55,19.008366976937648,72.8661570610034,Clear
1,2022-09-20 18:32:15,12.909622895209313,77.62990632250894,Clear
2,2022-08-10 04:34:41,26.835490166732285,80.94275269578547,Cloudy
3,2024-12-01 04:02:32,28.447426773967493,76.9626581393612,Clear
1,2022-03-19 04:09:59,22.566413603632284,88.33247167818467,Clear
2,2022-01-27 00:34:13,26.82243345333893,80.86765364602412,Clear
4,2022-01-18 22:32:27,28.490581849891583,77.00710254322323,Snow
1,2022-11-15 06:06:50,28.630839305668818,77.21334555113465,Clear
1,2022-04-12 15:57:55,26.78761879861808,80.92517382242765,Snow
1,2024-09-05 10:30:10,13.118095340679053,80.29683396996332,Fog
2,2024-05-31 21:48:38,12.938508608100188,77.65095266431163,Clear
2,2025-05-26 06:12:01,12.969247016113481,80.2811006008333,Cloudy
1,2023-08-14 11:20:39,28.565758055301902,77.40496280179586,Cloudy
4,2025-12-11 08:07:15,28.50797959081188,77.39188359701787,Snow
2,2023-12-29 06:47:25,13.076572019740421,80.2736330825864,Fog
3,2024-11-10 03:56:38,17.38789066809064,78.48215572859527,Rain
3,2025-07-13 05:18:41,25.42716419518063,81.83191727231991,Fog
2,2023-09-14 18:45:44,26.80582471424479,80.93470686592042,Snow
2,2024-09-27 02:31:03,28.63281598816762,77.17226587391814,Clear
2,2023-01-28 12:55:41,28.58498405159638,77.22388930202965,Clear
1,2024-03-06 02:49:45,12.938800081671165,77.59682914843994,Heavy Rain
1,2022-07-05 01:06:11,28.55535653653466,77.21103141057225,Clear
1,2023-02-22 10:00:49,28.65128563622066,77.24264761259366,Clear
2,2025-09-13 03:24:30,19.099630754034592,72.77353886340967,Heavy Rain
1,2025-10-19 03:13:15,13.03872021324191,80.31582210679925,Clear
2,2023-10-02 04:39:32,26.85783893363042,80.93470017193115,Cloudy
3,2024-07-29 01:25:21,28.6156183155957,77.16169023637914,Clear
3,2023-08-21 07:26:22,22.550451734027224,88.41311813257418,Clear
1,2023-02-06 13:54:26,12.974839621601001,77.6419470961514,Cloudy
3,2024-11-06 17:49:41,12.994240466271387,77.66943193240719,Snow
3,2025-07-12 03:05:51,12.982162717572852,77.57666273131917,Clear
1,2022-09-27 07:45:57,28.63625046331205,77.18631042560396,Clear
2,2024-04-10 23:47:03,28.473113548761408,77.04976788544248,Clear
3,2024-06-19 14:12:51,22.587912440374296,88.3502296190573,Clear
3,2025-05-13 00:48:48,13.039070331184421,80.21361263311817,Clear
1,2023-09-26 10:11:54,28.456378989607533,77.3841328286112,Windy
1,2022-05-30 12:16:13,26.85991991160398,81.00756813195535,Heavy Rain
2,2023-04-02 02:24:22,17.389231707028014,78.49477471547601,Clear
1,2024-08-21 21:23:01,28.658249484995366,77.16021684439352,Cloudy
1,2022-11-14 09:18:11,28.590102241933458,77.16955035957113,Clear
1,2025-07-08 19:46:21,28.595815181169954,77.20131656961435,Clear
2,2023-05-09 03:14:59,13.083130121913387,77.6416551867829,Cloudy
1,2024-07-31 22:36:50,28.630952636812065,77.23585575769108,Clear
1,2022-09-22 19:22:23,28.486747357684397,77.37015783576176,Clear
1,2022-11-02 09:47:33,17.395868887326998,78.44766739702102,Heavy Rain
1,2024-03-14 00:03:24,19.05971640997908,72.85805251418667,Clear
2,2024-07-15 03:36:43,28.648700968359787,77.16722765448688,Cloudy
3,2022-10-15 13:27:58,13.121294221612605,80.27692404298969,Heavy Rain
1,2023-10-28 22:57:01,28.49221291475678,77.03954739645516,Clear
3,2022-10-13 01:23:57,28.587139074530562,77.21386546133706,Clear
2,2023-06-21 00:57:31,25.479081690975004,81.83010743403415,Cloudy
2,2023-05-10 04:00:06,22.622827289420076,88.41502865514012,Clear
2,2022-06-30 06:06:22,17.38170045489692,78.49305113722183,Clear
4,2024-03-28 18:21:32,28.66712324605434,77.19979587800945,Rain
3,2023-07-23 03:54:55,26.76474643567131,80.98950419048072,Cloudy
2,2025-07-13 01:39:21,13.073043649749595,80.22784592275335,Heavy Rain
1,2025-12-27 17:09:35,25.45250536030833,81.85391297235786,Windy
2,2025-03-22 15:11:27,12.996675057128009,77.63505064492423,Cloudy
4,2023-07-12 05:24:45,26.842571134554095,80.92725908161252,Fog
2,2022-03-09 10:45:39,13.007524678199712,77.67573357911623,Fog
2,2023-10-28 13:47:44,28.665337536033046,77.20280396904299,Clear
2,2023-05-01 15:54:36,17.434928765404234,78.442865608543,Clear
3,2024-12-04 13:28:35,28.613155186694495,77.20711208449724,Cloudy
1,2025-07-04 16:10:01,28.526866082134404,77.40683005080243,Clear
3,2022-10-21 09:10:54,28.64295564803212,77.22204947870296,Clear
1,2022-12-17 05:34:58,28.6181361857476,77.20180218308514,Rain
2,2023-06-18 10:06:00,26.821725522817143,80.95476346221749,Clear
2,2024-11-10 07:09:06,12.93034581038713,77.60692135145354,Clear
3,2025-12-25 21:05:20,28.61317546489091,77.257265813434,Cloudy
2,2024-04-24 14:33:41,19.038520940892486,72.89902000234737,Cloudy
1,2022-09-23 07:18:30,12.945595423406477,77.56780456725421,Clear
4,2024-07-04 04:35:42,25.43291439142978,81.8703499107101,Snow
2,2022-06-22 21:21:37,13.008158425043636,77.59970985700095,Clear
1,2022-09-09 12:30:52,19.0648032452699,72.92637917418618,Clear
1,2022-01-09 02:10:34,28.647706474257276,77.24374727550324,Cloudy
4,2025-10-05 19:13:10,17.34583930450616,78.4044071620528,Snow
1,2024-05-27 23:11:12,28.604084660159184,77.23662278746713,Clear
1,2025-03-08 22:23:42,19.044220289023766,72.88986339229093,Cloudy
1,2024-04-08 22:46:28,28.60516144612671,77.20334088121912,Clear
1,2025-03-23 22:33:02,28.55330363973933,77.19153574399304,Rain
3,2022-01-27 06:18:05,18.993550377845544,72.93281052252169,Clear
1,2024-11-19 20:02:49,17.391680438752108,78.48266149904182,Cloudy
3,2022-08-21 07:44:03,28.60407768822403,77.1227710556633,Cloudy
2,2024-10-15 14:10:24,28.5676239465176,77.21793740197393,Cloudy
2,2023-07-12 21:18:20,28.645731071037417,77.18576887436905,Clear
3,2023-06-14 16:54:18,26.85376789661674,80.89553882100405,Cloudy
1,2022-06-29 09:20:29,17.309850376501192,78.52164065990024,Windy
2,2023-08-19 10:06:27,13.006170498057362,77.56745377734968,Clear
2,2025-10-01 09:37:46,28.67953288859692,77.21265799126266,Cloudy
1,2024-01-26 22:58:16,26.81638879441718,80.95595610139456,Clear
4,2022-11-29 17:39:54,12.962709280184027,77.61557419888902,Clear
2,2023-04-08 01:43:10,12.97472156940335,77.60168823089569,Cloudy
3,2023-05-08 20:02:31,13.06054510386963,80.30372600184782,Clear
2,2023-04-29 15:24:03,22.581756884225328,88.37251411972318,Clear
3,2025-12-12 21:23:17,25.432844712477557,81.82345423000528,Cloudy
1,2025-11-22 06:38:07,28.657171136289726,77.220487313895,Clear
2,2024-01-25 11:37:33,28.545270420048613,77.21035585132171,Rain
1,2025-08-08 12:47:12,28.62309392102814,77.19112439112943,Clear
3,2022-02-25 20:06:47,25.414464894607942,81.85034025675904,Rain
2,2022-04-05 00:47:58,19.060208513968067,72.91616394985367,Clear
4,2023-05-03 11:20:41,28.425707773315068,77.0413869617677,Cloudy
1,2022-08-13 06:24:22,28.453486633766904,77.02146788790847,Windy
2,2024-06-15 19:52:18,28.47818932790965,76.9643629045352,Fog
2,2022-06-23 20:38:43,28.564443112133,77.4339136604867,Clear
2,2024-03-08 09:53:52,13.116391475114908,80.27217136629491,Rain
1,2022-08-11 02:06:58,26.834056943247994,80.95048718238812,Clear
4,2022-07-23 04:02:27,28.485565839440035,77.06266108434158,Clear
3,2022-08-04 02:57:04,25.43011152123633,81.8580326421176,Clear
1,2023-06-19 11:04:44,17.36833964999927,78.48327717510205,Fog
1,2024-06-27 21:35:41,26.809120750383087,80.96224112786939,Cloudy
3,2025-04-16 05:38:03,28.647781036251875,77.2908588029535,Cloudy
4,2022-01-23 11:34:04,28.551543615348496,77.35233288642256,Fog
2,2024-06-07 09:59:46,25.47166709392986,81.88720031274957,Clear
1,2024-12-21 12:23:32,28.579219873609414,77.18776676207374,Clear
1,2025-06-19 21:10:05,28.601737489510295,77.17951964991305,Clear
2,2023-03-06 15:48:17,13.117514260296252,80.27065423630108,Rain
3,2025-11-14 01:30:28,26.834788083099095,80.93829970789358,Heavy Rain
2,2022-09-20 05:05:59,19.054614960656863,72.90557190069121,Clear
4,2022-01-06 12:03:13,19.10359276802721,72.86509890365622,Cloudy
3,2022-12-27 05:37:43,19.068889101485535,72.87207713497719,Cloudy
1,2025-01-02 01:06:49,28.43036331823968,77.02993725960165,Clear
4,2022-01-15 12:20:39,28.637769765473895,77.24546064984291,Clear
2,2024-11-24 23:42:48,19.077519819308574,72.83095079674075,Clear
3,2024-08-11 12:24:04,22.557924043915545,88.34644602416223,Clear
4,2022-06-25 16:36:38,28.612185141097584,77.252156785157,Fog
1,2024-05-27 19:43:55,25.383647106354818,81.82340354859839,Clear
3,2024-04-02 06:46:50,13.001037853851225,77.63760548193301,Clear
1,2022-05-12 02:34:13,13.069470358890518,80.20016723330987,Rain
2,2022-12-30 16:41:01,12.910570692252998,77.61943603574905,Fog
1,2023-05-10 06:57:16,28.581013454655235,77.17227748308476,Clear
1,2025-06-08 03:03:53,17.399781367910748,78.44719779199673,Rain
1,2023-10-17 04:02:38,28.46674924469748,77.03311166992529,Rain
1,2023-08-25 01:11:41,17.4071988506765,78.44243734546997,Rain
2,2025-10-19 19:07:39,26.853377647784036,80.88965439555362,Clear
2,2023-11-12 07:46:59,28.457214125091465,77.00342340083132,Clear
4,2024-11-09 23:30:42,28.627601082427674,77.23642771954547,Heavy Rain
2,2022-04-20 04:16:05,28.512420058947427,77.39114004410828,Clear
1,2022-01-08 00:36:03,28.602509098488326,77.22285317292555,Windy
2,2023-04-25 05:42:41,28.534655481134074,77.40887102416437,Fog
2,2025-01-10 12:47:29,28.5084245507461,77.0682910565729,Rain
1,2023-07-27 12:05:03,17.35451768555455,78.46063353451254,Clear
1,2023-03-02 17:48:16,26.86434540928326,80.96288147274569,Clear
2,2023-10-08 05:21:31,19.06092443372619,72.89772271673517,Rain
2,2022-02-11 22:52:12,28.618702850237877,77.40214920141797,Cloudy
2,2025-06-26 05:34:58,19.027832257285848,72.86537632520495,Clear
3,2023-04-17 23:16:23,28.424821032254904,77.02604144795474,Rain
1,2023-04-07 15:47:40,12.97617603506564,77.61353678444216,Clear
1,2025-09-23 09:11:23,28.446274569111353,77.03219423731679,Clear
4,2023-11-27 15:24:30,17.38025395660347,78.51420974844461,Fog
3,2024-03-24 21:58:43,19.05415579219966,72.82294843857429,Clear
2,2022-04-18 11:46:03,28.56880770032786,77.17153221528777,Cloudy
3,2024-04-10 22:36:17,28.42831550953163,77.04958820399783,Rain
2,2024-02-04 17:26:54,19.05442873038119,72.88352534390798,Heavy Rain
3,2023-11-19 14:40:46,19.11174771322149,72.90959245863284,Clear
2,2024-05-06 09:11:25,22.60321588675531,88.35311483296914,Clear
2,2025-07-08 04:37:39,28.457902500133315,77.02732945187482,Rain
3,2023-05-21 13:27:25,28.427782463378346,77.0315692969856,Windy
3,2023-12-27 09:04:20,17.410535664734457,78.48996854395529,Clear
4,2023-01-24 11:51:28,28.435246504841405,77.0625130604336,Snow
4,2023-04-01 13:49:18,28.681424449881746,77.20540313884794,Clear
2,2024-06-08 22:11:54,13.012242399084407,77.65088269974088,Clear
2,2023-02-23 14:48:49,28.622541712219583,77.16961807602918,Clear
1,2023-06-20 16:30:38,26.856348382661267,80.96138902281213,Rain
3,2024-01-03 00:07:24,28.60500245223992,77.18625194966424,Rain
2,2024-09-27 16:20:59,26.855017492970497,80.90382400806799,Snow
1,2025-02-15 13:49:18,17.419374035925777,78.52085351287609,Cloudy
1,2024-10-05 14:15:36,28.615153091001254,77.21383516447287,Cloudy
1,2023-10-29 16:25:18,28.5880554853319,77.21730718418213,Clear
2,2025-09-25 06:17:54,28.46244035668235,76.99897636917899,Clear
2,2023-12-24 11:30:56,13.004955332437492,77.58410428839262,Cloudy
3,2024-05-02 07:08:06,13.084095247262207,80.29812138371732,Cloudy
1,2024-10-09 19:01:34,19.103350012181295,72.86281824663546,Windy
2,2023-10-09 15:41:17,28.577899962627136,77.37330934766213,Cloudy
1,2025-02-11 11:57:44,22.581938915987816,88.34012483881304,Rain
2,2025-10-23 17:51:05,25.42657053269444,81.84995002127813,Fog
3,2025-11-01 14:55:32,22.552482237047464,88.40868649417122,Cloudy
1,2022-01-08 06:28:49,12.987687306132619,77.62657625261488,Cloudy
4,2025-01-04 09:53:24,28.44607656842788,77.04162917780316,Rain
1,2025-12-06 11:52:03,26.826987659308507,80.92163149455968,Clear
4,2023-09-27 15:47:57,12.995279206614104,77.5742692301638,Clear
2,2025-04-08 23:53:51,28.53811198034359,77.36905372217976,Windy
3,2024-02-05 05:12:46,25.432369966162582,81.87464516947048,Snow
2,2022-04-15 05:08:51,28.625618010189882,77.25461763160254,Cloudy
2,2022-04-22 03:20:46,28.511491707924538,76.95493969849802,Rain
3,2025-04-07 11:50:44,28.541718134876415,77.38495888633342,Clear
2,2023-04-30 15:20:25,22.59406429406314,88.40372218732341,Clear
2,2022-06-05 02:10:03,25.463410247554826,81.88510718311075,Clear
2,2025-12-09 03:23:41,22.627991666530693,88.36686791718697,Clear
2,2022-06-15 04:49:31,28.532969756909992,77.35630820238315,Clear
1,2023-05-23 17:49:24,19.022023248703448,72.90869345803071,Heavy Rain
1,2024-08-11 21:33:15,13.11556350123822,80.21715790719618,Clear
3,2023-01-21 09:26:54,28.44276346559682,77.02648884501315,Heavy Rain
2,2024-07-28 09:51:05,26.84770971131776,80.93552565450531,Fog
1,2022-01-28 04:34:13,19.053377131537893,72.87972940313061,Clear
2,2022-10-09 15:36:03,25.444124033926542,81.8630868861843,Cloudy
2,2023-09-12 01:36:48,28.643633269544797,77.1786643565269,Clear
3,2022-11-10 05:17:52,17.331499420620773,78.54120153213319,Cloudy
3,2024-08-01 02:00:58,26.825722550323142,80.9894401121515,Clear
2,2023-08-05 11:06:58,19.085430973726933,72.89295290467297,Clear
2,2025-03-01 21:34:04,22.60818908111545,88.38585648420958,Rain
1,2022-03-24 10:39:44,28.53990733371699,77.40873227592182,Clear
2,2025-11-05 19:58:05,26.857743302932207,80.94452493753217,Clear
3,2023-11-20 18:33:05,28.554912354784612,77.33416287551006,Cloudy
3,2024-06-19 04:04:13,25.383470111953063,81.80646082527646,Cloudy
3,2024-06-05 02:18:49,25.414385991414104,81.81786665258585,Cloudy
2,2023-05-09 12:22:30,28.554007200561806,77.38659422354121,Heavy Rain
1,2022-01-09 06:02:19,17.390245526927735,78.50758778220657,Windy
2,2022-01-29 02:30:02,28.586100135350275,77.24732393493936,Clear
2,2024-05-01 23:50:14,28.578748176079714,77.21343886397973,Clear
3,2024-06-13 20:51:57,19.075365301477216,72.88796495501518,Heavy Rain
2,2024-03-12 08:07:15,28.56336260585242,77.22456987381452,Windy
1,2022-03-18 17:22:06,28.65602523190867,77.1568750507446,Clear
3,2023-01-11 07:56:49,19.106237324248685,72.90461975227585,Cloudy
3,2025-09-09 01:00:08,28.604507092030193,77.21184519987649,Clear
1,2022-01-27 21:42:23,22.61320288793395,88.4115616319669,Clear
1,2024-11-13 12:06:01,22.577146908543522,88.36600847109703,Rain
1,2025-04-16 10:21:19,19.11697375760473,72.84091353173997,Clear
1,2024-02-23 10:42:17,28.42276140594851,77.0109645596997,Rain
1,2023-01-22 17:01:15,28.603123641223654,77.23329070304713,Clear
1,2024-06-18 15:04:33,25.43036021486153,81.80585023487791,Cloudy
1,2022-12-22 02:28:36,28.391071986012864,76.99448344038127,Rain
1,2022-06-16 12:03:25,17.412313845810484,78.45080855544606,Fog
1,2025-05-17 17:46:05,26.82407150321832,80.97583698881529,Snow
2,2024-11-23 02:15:42,28.636521205709755,77.26060740786497,Clear
3,2022-12-29 04:44:53,28.62344217300118,77.22097789527986,Clear
1,2025-03-08 07:13:54,28.47493965820365,77.32971119879447,Cloudy
3,2025-03-01 15:55:19,28.529539950599037,77.32097592420862,Clear
2,2025-11-12 02:52:02,25.413345158375765,81.75862378936814,Rain
1,2023-04-22 11:52:52,28.42578112805805,76.95897771945181,Cloudy
3,2023-05-04 08:29:44,13.096792994357651,80.2682338880837,Clear
3,2023-04-09 09:59:52,22.570155184613572,88.33598800759297,Clear
2,2024-01-03 09:09:43,26.85926692827181,80.99289802179605,Rain
1,2022-04-07 11:13:16,25.471548918934413,81.88171669543124,Windy
4,2022-09-02 18:38:32,28.630955960706867,77.23674590617071,Snow
3,2022-11-06 15:43:05,17.432516687156756,78.48167464439507,Clear
3,2025-05-24 07:23:21,12.953312418034102,77.58716574016637,Rain
3,2024-02-02 11:07:22,17.381478941369537,78.47982008380241,Clear
3,2024-10-17 13:29:13,26.907225530311564,80.89401220267361,Clear
3,2024-06-13 02:42:26,25.479915028972815,81.9049822369223,Fog
3,2023-06-04 01:35:25,13.096308661859231,80.2296144335793,Cloudy
3,2025-09-08 21:25:08,28.441578967000925,77.04661984730875,Snow
3,2025-08-26 17:19:57,25.469140667778323,81.85987395697032,Cloudy
1,2022-08-24 15:19:26,17.313152614839034,78.4613278229988,Clear
1,2023-10-14 15:05:37,28.429008351617536,77.04848641921535,Windy
1,2025-01-24 10:44:32,28.61951967414041,77.22873357957853,Clear
1,2025-03-19 12:50:34,13.043675367416105,80.27236069857227,Heavy Rain
3,2024-09-04 20:07:57,25.441728211447995,81.81914749037406,Clear
2,2022-08-23 15:07:43,28.45389739296871,77.01808063941013,Clear
2,2022-09-05 14:12:48,19.10334753419323,72.87953304690546,Rain
1,2024-02-17 10:44:43,12.991594906860751,77.53784915814067,Cloudy
4,2023-02-26 09:02:16,28.5461191634709,77.40258765618468,Clear
3,2024-10-28 06:44:50,28.616607730559945,77.24012421986657,Clear
3,2022-11-04 23:28:50,28.414246189565876,76.99099641207496,Clear
2,2025-02-19 22:40:10,28.386710603769888,76.9730707296869,Clear
2,2022-08-10 23:17:35,25.450290452968066,81.80071403706027,Fog
1,2022-02-24 08:06:46,25.48214972170954,81.80360241850035,Rain
2,2025-07-22 05:31:26,28.41069324976653,77.02158376260024,Clear
1,2023-03-16 05:26:37,28.57161326395747,77.15685689271223,Clear
2,2024-07-31 16:36:19,28.614481734347684,77.23993941061644,Fog
1,2022-12-24 17:17:47,28.50411950607735,77.41107066226745,Clear
2,2024-10-31 19:17:14,17.378694436167372,78.47264515627451,Cloudy
1,2025-11-20 03:28:11,28.53880551639245,77.3987424385471,Rain
2,2022-04-15 00:04:11,12.98144172062686,77.65873964341246,Clear
3,2022-11-28 16:15:30,28.446945281573182,77.00909408159191,Clear
3,2022-07-16 13:42:58,12.942617648237091,77.60617555122842,Cloudy
1,2024-03-06 13:12:52,19.050178129427106,72.83815279072519,Cloudy
2,2022-05-09 20:26:47,12.922921801627869,77.54944997206171,Clear
1,2022-03-03 15:47:27,26.730460990554377,80.9255422311793,Clear
2,2025-04-04 00:44:00,25.487990824149808,81.83578124051874,Cloudy
3,2022-03-27 14:29:59,28.650896519670788,77.18464595187628,Snow
1,2023-05-10 04:33:40,26.81385365129906,80.92707573331877,Clear
3,2025-12-24 02:49:10,28.67593527901536,77.1608123911265,Clear
2,2023-05-14 19:27:19,25.467522013238902,81.85367224058253,Clear
1,2024-09-27 17:15:03,28.52559223242406,77.4004924016348,Clear
2,2022-06-10 17:07:17,28.620039477463926,77.221147319527,Clear
2,2024-10-10 06:57:02,12.938045369479974,77.65833385288431,Cloudy
2,2024-03-23 17:37:02,19.037873007680076,72.9164955610603,Fog
4,2022-02-24 05:44:26,22.52686469607758,88.4117049818866,Heavy Rain
2,2022-01-04 01:11:49,28.496137050908345,77.37365229364923,Clear
1,2025-12-01 01:24:51,12.947852684432947,77.58390751879313,Cloudy
1,2023-06-16 06:40:35,28.55723266884649,77.43333359903977,Rain
3,2024-08-09 09:20:01,28.630740106176784,77.21905538004623,Fog
3,2023-11-01 21:57:26,22.594927618601936,88.30942120730295,Clear
3,2022-10-17 00:33:47,28.594066703810686,77.18417830546203,Clear
2,2024-01-23 22:23:13,17.383169600185017,78.47590675357682,Fog
3,2025-08-23 15:59:33,17.418031907467977,78.5190602253052,Fog
1,2024-06-17 05:38:41,12.967522907657914,77.61172241386325,Cloudy
3,2022-04-09 16:57:17,25.39974667232287,81.85143214056761,Snow
1,2022-05-01 16:20:21,28.465729119196553,77.01150391022965,Snow
4,2022-05-05 23:20:21,28.55299271056739,77.4411812511975,Clear
2,2023-07-31 15:27:58,17.386707908243324,78.51836877416918,Clear
2,2023-01-12 04:08:49,22.52328637386228,88.37352508044022,Snow
1,2022-07-07 23:21:50,22.529082320876206,88.32702858380743,Rain
2,2022-11-15 06:12:24,28.474247608900733,76.99106476690126,Clear
3,2024-05-04 15:04:25,28.532134949922643,77.41739657863614,Clear
2,2024-09-10 18:07:44,25.468457331200234,81.84852396665963,Clear
3,2025-02-04 15:37:25,26.86438741208471,80.9299578114455,Rain
2,2024-04-04 16:08:16,26.827851574125102,80.99923117377053,Fog
2,2022-10-13 13:25:44,22.583669582309092,88.4117175174822,Clear
1,2025-04-14 06:02:29,28.57144515441257,77.39086880131694,Rain
3,2024-01-07 18:15:32,13.105312832817322,80.28761622375191,Clear
1,2022-07-28 17:38:57,17.34816169307509,78.41366030147394,Windy
4,2025-10-27 07:15:35,28.5258643146689,76.97897077575946,Windy
1,2025-09-25 21:28:15,25.49879084021045,81.82707274680796,Clear
2,2025-01-03 16:21:11,22.571038033192675,88.35810473596014,Cloudy
3,2025-06-13 05:35:30,13.155676038669124,80.19057704575356,Heavy Rain
4,2022-02-21 20:53:51,13.01964623831871,77.55019371473395,Fog
2,2024-12-21 01:43:06,22.567420393836702,88.42374171380825,Rain
1,2022-03-02 22:50:26,19.083823331688954,72.82576073291864,Clear
1,2023-05-08 03:02:42,26.86375372755678,80.95695677100684,Clear
3,2024-05-06 07:27:57,19.099559679228154,72.88837798916474,Rain
1,2024-03-23 03:08:20,25.41114738865227,81.85347000550762,Clear
2,2023-02-09 15:30:37,22.538179258278273,88.37495017978038,Clear
2,2023-09-11 19:49:17,19.041424693145107,72.9030063278853,Clear
3,2024-09-21 09:26:29,28.54747752138731,77.06828100765033,Clear
1,2024-10-12 04:33:07,28.49233983144609,77.05233762893248,Clear
2,2024-09-25 09:16:18,19.110932946041128,72.879212141704,Rain
1,2025-08-21 20:53:10,26.894269818915568,80.90789089087085,Clear
2,2022-10-08 12:24:12,12.954051486882296,77.60449218496909,Windy
3,2024-01-30 08:53:13,17.348164532568497,78.49209101257564,Clear
2,2025-09-03 13:19:41,28.55026890875017,77.36213431071742,Cloudy
1,2023-07-06 17:12:10,19.114685986552267,72.87925757288117,Rain
3,2025-11-04 17:37:52,28.608964449852863,77.22566927560398,Clear
1,2024-03-23 06:38:03,12.941549482102952,77.65394305367374,Rain
3,2025-05-19 08:05:10,28.57550751679185,77.2372471196773,Clear
3,2022-10-12 09:36:05,25.4007646659431,81.8824616452527,Rain
2,2025-03-06 04:43:41,22.580148197562014,88.37914890891736,Fog
3,2022-08-18 12:58:12,28.46963092321007,77.05925155813884,Clear
1,2023-04-13 11:49:06,12.98179492829916,77.622433198724,Clear
4,2024-12-10 23:49:16,25.42014762422094,81.83655373501986,Heavy Rain
2,2024-06-21 23:11:12,12.929758559916708,77.6164612325713,Cloudy
2,2025-11-01 07:18:59,25.350774746131428,81.84069641552078,Clear
2,2023-12-22 09:37:47,28.4285239978708,77.03027765899229,Cloudy
3,2023-11-02 05:16:41,19.008418212981795,72.894742779509,Heavy Rain
2,2023-06-23 21:38:04,25.420197164016063,81.82866971821097,Clear
2,2023-10-21 06:02:18,26.92112546396342,80.94199305797444,Cloudy
2,2022-10-15 20:07:25,28.599112643659865,77.24497015620729,Rain
3,2024-06-10 17:13:46,28.671830329113646,77.15123287857593,Snow
3,2022-06-19 03:33:47,17.333804893260044,78.48972165565755,Clear
2,2022-06-05 05:11:43,22.534054972855607,88.38952529291191,Clear
1,2024-08-01 17:24:31,28.464103295552732,77.02046171104877,Clear
1,2023-12-23 07:47:39,17.372167814246588,78.46446431206324,Rain
2,2024-01-31 18:17:20,12.985715486145839,77.53070197015174,Fog
4,2024-08-18 20:16:22,28.657211260710675,77.2642419937124,Rain
1,2023-06-17 09:32:44,28.471776917738023,77.3829818463816,Heavy Rain
1,2024-01-25 23:58:55,28.494148279904003,77.07998561522261,Rain
2,2022-12-16 04:58:24,12.994503584692128,77.60474689109132,Snow
1,2023-08-30 19:18:27,28.542005725926778,77.41326631710395,Clear
3,2022-12-06 05:52:07,22.602950359516424,88.36729267690058,Rain
2,2023-08-20 01:59:00,28.564773432612487,77.24222421109988,Clear
1,2024-04-26 23:35:10,12.994000931643452,77.6070744404237,Clear
3,2025-09-14 21:42:08,28.688377132616505,77.18292945251534,Clear
3,2025-09-29 22:15:50,28.633889943471335,77.1836779682153,Clear
3,2024-03-30 15:19:19,28.513744208419023,77.34433740311172,Cloudy
4,2022-10-03 19:55:13,25.5142214242061,81.81785954200106,Heavy Rain
1,2024-12-06 06:39:58,12.908794474521889,77.55535521429813,Rain
1,2024-10-05 04:32:40,25.441111219934143,81.82383545083442,Cloudy
1,2024-10-05 11:28:36,28.586571826694737,77.19191041963562,Cloudy
2,2022-05-06 11:55:50,25.41982349694173,81.83274610810653,Fog
4,2023-10-31 19:03:07,28.569911246834966,77.39143365266679,Clear
1,2022-09-29 02:12:17,26.86256459147466,80.92876328277545,Rain
3,2023-10-21 19:44:13,28.525670354769954,77.21420830665879,Cloudy
2,2024-05-09 10:46:14,22.58206124360452,88.35929141761406,Clear
3,2024-05-03 01:10:46,28.47171129797097,77.35292232894798,Clear
2,2025-04-30 22:28:53,25.449612542917485,81.85884049352265,Cloudy
1,2022-01-18 02:29:18,19.116509768109786,72.917931697129,Fog
1,2022-04-26 17:33:29,12.993482996480559,77.63535665464676,Rain
2,2022-05-05 08:05:51,28.594760654068185,77.17442496742288,Clear
1,2022-03-30 01:49:48,26.882468697183732,80.95359232897286,Rain
2,2024-05-24 20:42:55,22.61775560083181,88.4103694252026,Cloudy
1,2022-04-21 02:28:25,26.829521773672624,80.906615441403,Clear
3,2023-10-06 12:06:18,12.918374746462806,77.60804560622886,Fog
1,2024-05-25 09:57:06,25.445169368902555,81.87615885925574,Windy
3,2024-03-13 22:48:33,26.851486127592693,80.93486067022549,Fog
2,2022-02-24 04:40:15,28.641991866602748,77.18911672569432,Clear
2,2025-01-21 04:59:37,17.39732040568818,78.4792212990294,Cloudy
2,2025-05-21 17:56:36,25.443796876220137,81.84328432635651,Snow
2,2024-11-24 23:19:54,17.41079747347162,78.4762371911043,Windy
4,2024-02-03 15:08:34,13.020156135205717,80.23928438483351,Clear
1,2025-04-05 10:37:33,13.10159828152643,80.25565030069849,Rain
1,2024-11-19 23:12:47,28.472966775761986,76.98762079697191,Clear
2,2024-03-12 06:34:27,28.514256279394456,77.43772894337314,Windy
3,2025-05-15 02:18:07,28.601540793699915,77.2100797322465,Cloudy
3,2024-09-21 13:13:34,28.65822155937847,77.23384764618515,Clear
1,2022-12-22 01:56:03,26.852734694823198,80.95482932334241,Windy
1,2024-06-19 10:41:24,17.341884595915342,78.50697545257779,Rain
2,2022-05-29 07:48:12,13.092921250260583,80.36690738455685,Clear
2,2025-09-05 15:40:07,28.556925488243444,77.3595394166193,Heavy Rain
2,2022-12-19 18:54:46,22.55534734561437,88.34177997883884,Rain
4,2022-05-05 18:02:42,28.561998043558773,77.20880445031112,Snow
1,2025-10-02 19:55:55,28.49515185785118,77.05673842961524,Clear
1,2024-01-03 13:40:12,26.872286313388493,80.97603544426875,Cloudy
4,2025-09-15 04:28:03,22.57176451610917,88.33794500593874,Clear
1,2024-04-01 07:53:45,28.584913680264428,77.23299797373798,Clear
2,2022-12-19 11:31:29,28.58148349432516,77.23213983046683,Clear
2,2024-08-22 11:21:27,26.77417527093662,80.93902736340155,Heavy Rain
3,2023-08-30 20:53:41,28.438112804990222,77.08327598928707,Rain
4,2023-07-12 14:13:16,28.64567512231966,77.20960949871494,Clear
3,2023-09-14 17:27:19,28.614730326932136,77.20694860024395,Heavy Rain
2,2024-01-28 06:26:55,28.682277986179187,77.21885935698396,Clear
2,2025-04-17 19:41:05,25.317654731493786,81.8305622432155,Windy
1,2025-03-23 08:05:36,26.885426000330312,80.93759530888947,Heavy Rain
3,2025-01-24 07:55:52,28.663051069869823,77.2175832546763,Clear
1,2023-06-07 22:02:46,22.56603044379441,88.32754429480431,Cloudy
1,2024-05-18 18:54:37,17.321708028109153,78.48181700900834,Clear
1,2022-02-24 11:47:23,12.944306766349184,77.62931742084605,Clear
2,2024-07-17 01:35:17,28.517189968874547,77.36401372900507,Clear
2,2025-08-04 12:47:09,22.615666952472544,88.31705842806129,Cloudy
1,2024-07-11 15:42:17,28.58447155194541,77.20652081323662,Clear
1,2025-03-20 11:13:27,28.55076430810694,77.36469273051434,Clear
2,2024-05-09 17:52:02,28.498102232874682,77.36457995063792,Clear
2,2022-01-30 23:08:26,26.841055009821858,80.99422976197063,Clear
3,2022-07-15 08:53:47,19.10628812397088,72.85716570715756,Clear
2,2024-04-27 17:42:59,28.554025497688027,77.43846373499737,Clear
1,2025-03-19 07:26:29,13.090310367825406,80.27301493903022,Windy
1,2025-09-18 08:38:15,28.578648175436555,77.21488806894143,Fog
3,2025-10-09 17:26:58,28.592395458190857,77.20308027637648,Snow
1,2022-10-23 03:57:24,19.077227044625488,72.87948387011599,Clear
1,2022-06-01 03:02:28,19.083928996282584,72.92312707769813,Cloudy
2,2024-12-04 20:29:06,22.543074118561393,88.356110222523,Rain
1,2023-08-03 03:42:35,28.469764498140517,76.96600426166145,Rain
1,2023-01-02 06:18:28,28.56403320211975,77.20156419040505,Heavy Rain
1,2024-01-05 21:34:03,22.619826337473377,88.41773056986516,Clear
2,2024-08-28 18:09:37,25.413836099903957,81.77442797079705,Clear
4,2024-12-05 11:44:17,26.830301802475898,80.91842033971743,Cloudy
3,2022-01-18 04:47:37,26.828158130292692,80.9743699578363,Clear
1,2025-11-22 01:41:24,26.83919241016115,80.96548943114304,Clear
1,2023-09-26 09:45:48,19.0652420388106,72.92123796737381,Clear
1,2023-08-08 14:29:58,28.527849692856922,77.37172546913115,Rain
3,2023-07-08 09:02:30,28.507738044633452,77.06346504968833,Rain
1,2024-02-21 21:27:11,22.555240026063267,88.36889630555713,Cloudy
1,2022-06-17 08:36:04,28.612168670003687,77.20018774641258,Rain
2,2025-07-09 13:08:45,17.402820693802685,78.46007973943487,Rain
1,2025-10-14 00:11:25,26.863745313873284,80.94943859871094,Cloudy
3,2024-05-15 07:02:03,17.419274091050045,78.47796205616234,Cloudy
2,2023-07-05 21:56:32,25.451726578298477,81.9100837491393,Clear
1,2025-09-18 12:41:17,28.625956745429647,77.25178904535265,Cloudy
1,2024-03-08 22:18:26,13.068119208402175,80.2746723021179,Clear
2,2023-06-07 10:49:40,28.54432672527443,77.36095279399142,Clear
3,2024-10-08 00:25:53,19.06495513076129,72.9108291984701,Clear
3,2023-05-14 15:00:22,28.58224598241842,77.18044742961911,Clear
2,2025-08-22 01:47:51,28.550541936766674,77.45611667236173,Clear
2,2022-07-05 20:29:23,13.005064501200936,77.55491632821861,Cloudy
2,2024-12-29 12:47:20,28.452603709890308,77.02279823707387,Cloudy
2,2024-07-20 21:05:24,28.583674056254388,77.19174151886584,Clear
3,2023-03-21 17:49:35,28.635041807572257,77.19464897059615,Clear
2,2024-01-19 01:47:20,28.62414094560093,77.20638881138085,Cloudy
1,2022-07-20 05:05:21,13.085426000444324,80.32474324322335,Rain
3,2024-02-09 04:53:08,22.6213502641413,88.45048157049894,Cloudy
1,2022-05-28 16:01:47,13.005038599991295,77.55268636910571,Clear
1,2025-11-21 12:32:37,26.887818492015498,80.88043566693362,Cloudy
2,2023-01-23 03:57:22,28.639187351930502,77.19791697823422,Clear
3,2022-05-30 18:13:47,28.504491310120002,77.32954812497847,Heavy Rain
4,2024-02-25 08:39:50,22.548292555641318,88.37912125369371,Clear
2,2023-09-11 03:47:07,12.969957298595753,77.54031090294903,Rain
2,2022-07-23 10:39:14,28.615580623600533,77.24705614325306,Clear
2,2025-08-11 17:43:49,28.479227201390508,77.00936455156275,Clear
2,2025-05-11 03:30:42,22.619178137047395,88.35202324544544,Rain
3,2023-02-14 15:08:02,12.952560580531957,77.60955816159148,Clear
1,2024-05-23 01:15:26,28.612573965464236,77.23773384987595,Clear
2,2025-07-13 19:47:10,12.963321191582102,77.54869578017355,Fog
2,2024-08-09 03:55:21,26.84716006759959,80.9181027813796,Clear
4,2022-10-19 19:02:43,26.817821594501904,80.9478261445604,Heavy Rain
2,2025-01-18 01:39:22,28.47329752898467,77.39189809471846,Fog
3,2025-06-02 21:23:33,19.07624236523653,72.84537997779975,Rain
2,2023-05-03 18:50:51,13.004898474422527,77.53965781603483,Clear
2,2024-02-28 20:06:15,28.591537600715753,77.42221442028583,Clear
1,2022-03-13 15:47:24,26.904906479085863,80.96509032879085,Rain
4,2024-09-26 05:05:00,28.54085611134734,77.33393204928257,Cloudy
1,2024-01-06 19:45:13,28.608808844375552,77.26718283343637,Clear
1,2023-04-17 04:29:20,25.397040123403976,81.8499401898102,Cloudy
2,2025-06-13 15:44:15,12.943104636019084,77.55381793000122,Windy
2,2023-08-26 02:45:56,17.39522884133517,78.49148961027957,Clear
2,2022-01-31 10:42:09,19.118324783861116,72.8890660162123,Clear
3,2024-03-01 11:11:49,17.395395045299267,78.52451245304458,Clear
1,2022-03-14 21:54:46,28.42914049847663,77.01362912488787,Cloudy
2,2025-10-26 03:21:26,28.598202834919675,77.24044039049221,Fog
4,2022-04-21 06:14:58,28.649454978164755,77.15765381169965,Fog
1,2025-10-08 09:55:01,12.9967471604061,77.60478196905574,Rain
3,2024-09-27 06:48:38,26.841740194740435,80.97692391109338,Rain
3,2023-12-02 07:14:29,28.41705497234704,77.05813025541921,Snow
3,2022-01-25 06:48:43,22.618456819961903,88.39416046771132,Cloudy
2,2023-03-20 03:26:56,19.028122261486804,72.89832556320805,Clear
4,2024-08-07 13:53:57,28.589964892882875,77.14510707618554,Cloudy
2,2025-01-23 21:27:51,22.508260559296094,88.36773537876535,Cloudy
1,2025-05-30 16:46:07,12.972118560347567,77.62734230385574,Clear
1,2023-11-15 10:32:04,12.991567013012789,77.62940450848727,Rain
3,2023-05-03 13:52:47,28.598703083371966,77.16905215593513,Cloudy
3,2024-05-01 21:22:40,13.063063220179222,80.26192082148661,Windy
1,2022-09-09 15:32:35,28.656294292377257,77.23694767166155,Fog
3,2025-10-17 17:47:48,28.628844428935174,77.18609022704415,Rain
2,2023-12-14 05:40:03,26.926293274920013,80.97911293910182,Heavy Rain
3,2023-01-06 01:07:36,25.478161334747956,81.83321976953283,Fog
3,2024-08-21 14:13:01,13.048607894507864,80.20238900868463,Cloudy
1,2023-03-02 01:30:27,28.608651329198633,77.23277172496735,Fog
2,2023-08-08 20:26:58,25.403372036082708,81.82762597309619,Clear
4,2025-10-26 09:20:08,17.409076572901235,78.47454934811536,Clear
2,2023-01-24 10:58:43,13.09517002919086,80.23952120662,Clear
1,2023-10-06 01:45:02,28.540459912661113,77.423715121104,Cloudy
3,2025-01-27 23:37:09,19.042618271694487,72.83342870270414,Clear
4,2023-09-11 19:14:04,19.053956131851375,72.92886974908039,Cloudy
1,2025-05-28 06:59:35,13.043355734939874,80.27428895039361,Fog
3,2024-05-14 22:07:56,28.526617487348776,77.3718707261351,Clear
2,2022-04-21 23:02:52,26.85547003711762,80.91731553091813,Rain
4,2025-05-26 22:21:09,26.87708191289797,80.96358455642849,Clear
2,2023-09-12 20:17:02,26.851897335703036,80.95946427768273,Cloudy
1,2022-01-08 04:19:14,28.65192856952646,77.22731060116908,Fog
2,2023-12-05 18:01:50,28.52948017550988,77.3760839832352,Rain
2,2025-10-30 18:17:29,22.576016284939474,88.33230830730201,Clear
4,2025-11-12 02:54:14,26.871567993049265,80.95667941783061,Clear
4,2025-11-06 08:19:16,19.118710492405178,72.86291876296615,Clear
2,2025-08-30 04:31:22,28.683049678543053,77.20638135528773,Cloudy
1,2022-03-21 00:12:43,17.41240071436161,78.4859554502629,Clear
1,2022-07-24 04:35:43,28.49996610043288,77.39696564676446,Rain
3,2024-03-24 08:27:14,25.45367376091081,81.78997495196595,Cloudy
3,2024-07-10 11:00:18,25.44116974184264,81.80431326669257,Clear
3,2023-08-07 17:04:56,28.65566347962995,77.19915756381991,Heavy Rain
1,2025-09-06 06:39:37,28.682313189021187,77.1654447383288,Rain
2,2022-03-20 19:59:04,25.43022976849618,81.82122619972047,Clear
2,2025-06-25 21:35:03,28.619147119607025,77.16823864041959,Clear
1,2022-11-26 10:40:28,28.599279017153545,77.18322502056822,Rain
2,2022-01-13 23:03:02,26.847273098467593,80.91165700422245,Rain
4,2023-10-02 19:46:23,28.4163099957741,76.96479589763389,Rain
2,2023-05-21 18:26:35,26.82964914859398,80.86858368219468,Clear
3,2024-02-25 17:47:28,28.52959589687303,77.35459879152448,Cloudy
3,2025-03-28 15:16:02,19.06503209790502,72.89822499755807,Clear
2,2022-01-03 00:41:36,28.44552344919849,76.95802864369425,Fog
3,2024-02-26 07:17:37,28.456213375095043,77.06730503393969,Clear
1,2023-01-29 03:37:35,26.844280325228915,80.96960234996789,Rain
2,2022-11-08 12:21:47,25.412142181731866,81.89258919619911,Cloudy
2,2023-04-14 17:46:37,25.456324315348947,81.81398045312534,Clear
1,2023-05-28 19:06:41,19.06863852794971,72.84384608417066,Clear
1,2024-08-01 04:41:06,22.549822222072606,88.33736426631751,Clear
2,2022-03-07 01:24:36,19.08464104155363,72.86022482932181,Fog
4,2022-08-04 02:46:52,28.490755152886987,77.02349087507044,Cloudy
2,2024-05-30 19:24:35,28.484859096163376,77.44187719528063,Clear
1,2022-06-28 07:40:30,25.404856180063952,81.84091751921989,Windy
3,2022-02-28 04:28:15,26.86172723846722,80.95903922040912,Clear
1,2024-03-06 17:37:45,13.059265668576847,80.21700366637596,Clear
2,2022-09-26 06:02:21,28.44773349687323,77.03328781528214,Clear
4,2023-08-11 21:35:36,28.583207202700475,77.19358190694741,Clear
1,2024-05-29 15:47:56,12.961539942712083,77.58448078504917,Cloudy
1,2022-08-12 22:29:48,17.372339905426397,78.49295344213267,Clear
3,2025-01-22 09:11:58,26.763221020545743,80.92641594412764,Cloudy
2,2022-01-30 03:38:06,13.053818799530877,77.62784611738873,Clear
4,2023-10-22 15:40:57,19.031748194438318,72.88638789275937,Cloudy
2,2025-08-27 10:06:48,22.54247417040344,88.41129738238358,Cloudy
3,2025-09-27 00:39:26,28.585194557058056,77.40046797164133,Rain
2,2022-11-28 08:18:14,12.931135542149715,77.55579322866083,Clear
2,2023-02-01 00:22:13,26.820258871951246,81.02435905709963,Fog
1,2025-01-07 22:14:06,19.067882855829936,72.88014673290607,Cloudy
3,2022-01-11 12:17:24,26.868129443353688,80.89161974773059,Cloudy
2,2025-10-16 17:31:56,19.06109637005717,72.81969997452038,Clear
4,2022-06-02 18:13:34,28.637958063478315,77.25931413628264,Clear
2,2025-04-25 08:57:18,25.44927398434619,81.81105391973016,Clear
1,2024-07-18 16:25:40,28.477800494342,76.99992631823143,Cloudy
2,2023-06-10 06:59:54,28.5735281114189,77.19604871856012,Rain
2,2022-07-11 06:59:46,13.155278246140183,80.25774250892873,Clear
2,2024-12-07 23:50:03,26.80944133028734,80.96842958636431,Cloudy
3,2025-12-01 19:18:09,26.854157813859004,80.9431331758811,Clear
1,2025-02-05 05:42:34,26.829308533349657,80.96527252158627,Heavy Rain
1,2025-04-27 18:09:13,28.53771142840827,77.39946702445125,Clear
1,2022-05-16 03:53:30,25.483788458486917,81.84692894702557,Windy
4,2024-02-07 13:34:26,13.052564191272912,80.21694473651971,Snow
2,2023-07-01 15:42:54,28.66292720466685,77.22495889399582,Cloudy
2,2022-02-23 09:05:01,13.12781961424031,80.29367422979216,Cloudy
1,2025-12-02 05:39:50,25.431837394583134,81.8703464382161,Snow
3,2023-04-30 02:42:40,25.420726370502674,81.88630359079214,Rain
3,2022-10-28 19:35:32,26.795497512741314,80.96394344373913,Clear
1,2025-01-25 16:30:51,26.868760707076007,80.98140060785713,Fog
1,2025-03-08 15:11:08,26.854768678352396,80.91908605798177,Snow
1,2023-12-25 06:41:54,12.999957974130586,77.58741388243193,Clear
2,2025-06-26 19:45:30,12.951324314199734,77.55571066817545,Rain
2,2023-11-20 16:11:37,28.59733760840424,77.1641654226692,Fog
3,2024-03-14 04:56:40,26.777532437746338,80.93916122716487,Clear
2,2022-11-13 16:46:56,25.476514874647798,81.84543426027192,Fog
2,2023-02-27 22:19:38,19.045452526626534,72.84549467189899,Clear
2,2022-06-18 08:44:52,28.464773948009814,76.99968324623447,Rain
2,2022-07-19 12:22:18,13.064435931047916,80.23880904789914,Fog
1,2022-02-28 21:44:36,28.514672514120182,77.07952170153513,Cloudy
1,2024-06-27 11:32:11,22.535564715263526,88.37758044677307,Clear
1,2025-03-23 04:15:00,28.38358990540041,76.97575476841136,Clear
1,2024-05-01 15:20:41,25.42837954876829,81.8064647274221,Rain
1,2025-01-18 18:22:40,19.02597565921151,72.9065634018642,Clear
3,2022-01-30 04:26:06,26.84149446442639,80.9630213925337,Cloudy
2,2023-06-25 11:10:35,26.844588354715295,80.97029730924937,Fog
1,2025-05-04 12:09:19,26.842064434810514,80.98136092534936,Rain
2,2025-10-15 19:02:02,28.481201815367367,77.05888780788118,Clear
3,2022-12-26 00:50:27,26.83158870887391,80.89957143946329,Snow
4,2025-08-20 07:18:49,17.352115219146114,78.42340966350251,Cloudy
3,2024-02-18 09:12:32,28.460049346464654,77.06169017402011,Windy
1,2024-10-03 14:14:33,13.007213599837572,77.57839792671798,Clear
2,2025-07-30 03:34:17,26.790028943021944,80.96824088300431,Fog
1,2024-10-19 02:14:00,28.423351495667212,77.01975891199147,Clear
1,2024-05-02 19:59:42,25.477280706100377,81.87774058923911,Windy
1,2024-12-26 11:40:34,28.599384524152878,77.22012043454234,Cloudy
1,2023-11-19 05:20:03,28.615741774550607,77.21460504577205,Windy
3,2023-01-18 16:59:07,28.385919311302924,77.03148471034875,Cloudy
3,2024-12-04 17:15:47,13.01213903982723,77.62420212722546,Clear
1,2022-01-28 02:56:47,26.88737913886999,81.08418158537823,Cloudy
3,2024-12-08 02:04:56,28.462246236270694,77.04543463922737,Clear
1,2025-05-14 04:57:25,19.030740721235826,72.88063553756163,Clear
1,2023-11-08 18:00:29,26.83254426111358,80.95559616649534,Clear
4,2024-01-01 23:54:14,19.047387712057482,72.90621590090366,Clear
4,2025-04-06 17:25:06,26.835227173044288,80.94474189918166,Clear
3,2023-01-29 04:30:15,19.044349668467195,72.9053716201594,Rain
1,2024-01-03 21:49:21,17.412220726653675,78.48931400449229,Clear
2,2023-03-20 22:18:08,19.08942755347394,72.87351909595603,Clear
2,2025-02-16 12:03:06,28.440441058666572,77.04809516929133,Cloudy
2,2023-12-18 10:24:57,19.093220141893603,72.83811259795227,Clear
2,2025-07-31 06:19:50,28.559858948014845,77.40335249201516,Clear
2,2022-07-09 16:36:03,25.427828354895066,81.90149761878145,Clear
3,2024-06-13 06:15:35,28.617369402736667,77.2103774514248,Fog
4,2023-11-12 19:27:00,26.888586712874314,80.96132420853944,Clear
1,2023-02-12 10:07:10,28.487094376693943,77.31773876921632,Cloudy
2,2024-10-20 21:55:53,25.337094091221577,81.87549194081473,Heavy Rain
1,2023-01-30 00:24:46,19.077648664421577,72.96250871457148,Heavy Rain
4,2023-01-27 08:13:48,12.97165795494677,77.60692086900762,Clear
1,2022-03-05 18:35:10,28.47430836853977,77.01779258198603,Clear
1,2024-09-18 15:56:27,12.955634107838199,77.612190117103,Cloudy
3,2025-11-25 11:50:29,25.452582869702947,81.86518791710208,Rain
3,2023-03-04 11:50:45,28.562199245429067,77.19113980941529,Cloudy
3,2022-11-16 00:25:38,28.527983396002536,77.03288859064612,Cloudy
1,2022-07-18 17:37:14,12.998232710209477,77.60698853489926,Clear
4,2025-01-04 16:06:27,26.834653383185955,80.87180912407196,Cloudy
1,2023-10-05 22:23:35,26.831653496317724,81.00491689047547,Cloudy
3,2023-10-19 00:06:11,26.832570379810072,80.97522021622709,Fog
4,2024-08-28 09:12:48,28.466733716998867,77.02207458900376,Clear
3,2024-06-04 05:21:25,28.577182537414327,77.18103251301082,Clear
2,2023-05-27 16:54:33,28.458886892298647,76.97045576456354,Clear
2,2024-12-27 19:08:55,12.976619614353345,77.53937234256512,Cloudy
1,2023-10-08 16:15:16,13.087268980234994,80.27822026483123,Clear
2,2025-09-23 09:51:19,26.827270619546873,80.87070371461719,Clear
1,2023-04-21 04:24:51,28.4974816120647,77.0131396144698,Clear
2,2025-01-16 23:28:25,17.40023753444669,78.50596062859032,Windy
4,2022-11-21 20:43:37,25.401239233594676,81.86373926475186,Fog
2,2024-06-16 11:00:46,12.938440198674355,77.5857045914194,Cloudy
4,2022-08-09 00:03:39,28.496008045040696,77.43553691657971,Cloudy
3,2022-03-14 09:58:55,19.093978632552766,72.85454792401515,Heavy Rain
1,2025-05-26 19:39:08,28.5883501164947,77.24003949308211,Heavy Rain
4,2024-07-09 06:05:04,19.050237717351077,72.80338175115607,Rain
3,2025-11-16 15:54:18,25.423737780704716,81.82403101077549,Fog
3,2025-02-06 10:36:28,26.92409665600105,80.98592234985598,Heavy Rain
1,2022-07-27 09:19:43,25.422250895424707,81.83452914840923,Cloudy
2,2025-05-09 12:10:09,12.978354637462052,77.65327592366701,Cloudy
2,2023-03-11 04:44:12,28.584801682270605,77.38659887958765,Cloudy
2,2025-10-23 07:17:36,28.552939918304688,77.1790991622355,Clear
2,2025-03-14 17:55:14,28.493963684318857,77.0729932899274,Clear
1,2024-10-11 20:06:19,28.562428536531314,77.42287453398586,Fog
3,2024-03-19 22:58:48,28.463431828205632,77.11031556863101,Snow
1,2023-01-28 18:58:40,22.551760146516497,88.36876023962202,Clear
1,2023-08-26 19:35:55,19.1035106051785,72.83747871392242,Clear
1,2022-08-01 04:10:11,26.86745327832988,80.91987179122154,Rain
3,2024-09-04 15:37:26,22.57267439397553,88.38025828494044,Snow
1,2023-06-15 05:53:36,25.384607778369382,81.84381198535252,Clear
1,2024-12-20 14:01:02,22.544265161926866,88.43046696020319,Cloudy
2,2023-03-30 21:46:54,28.548011456504703,77.40269441865685,Clear
1,2025-06-13 09:14:19,28.53160085526092,77.38751330175769,Clear
3,2023-07-20 03:26:07,17.45290890027187,78.48892296414482,Cloudy
3,2025-02-13 18:19:01,12.952725735107043,77.54847661720534,Windy
4,2024-01-29 04:50:27,26.8877512997521,80.94679740888199,Clear
3,2025-04-10 09:27:06,19.093643284118038,72.88307771952539,Rain
3,2025-06-10 03:12:30,28.486906431755024,77.02158204072599,Clear
4,2024-12-30 20:25:21,13.007875132451082,77.60330699060165,Cloudy
1,2022-07-25 09:52:48,28.650280448728072,77.21917116440416,Clear
1,2024-02-02 01:15:30,28.630350478143633,77.21261836986743,Cloudy
2,2022-02-04 06:44:19,22.620085497174927,88.37973014973998,Fog
3,2022-01-30 06:25:57,28.503100377716102,77.06070397743555,Clear
3,2023-05-12 23:21:15,22.561650723443197,88.39998217684284,Clear
2,2025-01-03 23:19:07,19.00354042594203,72.87914128309322,Clear
2,2022-07-27 01:23:39,26.876112725984417,80.93654129162408,Clear
2,2024-09-08 10:56:30,28.61346719216152,77.19750876700583,Clear
1,2022-11-28 11:27:49,28.466287251690936,77.02881177613476,Clear
2,2023-10-09 18:46:40,28.538222451969197,77.42957967843049,Fog
2,2024-06-03 22:44:40,19.068280311295688,72.83022092316997,Heavy Rain
3,2025-01-06 22:08:05,28.595528431299584,77.22900630487825,Heavy Rain
1,2022-11-06 12:22:05,26.91287554470079,80.97094706004404,Cloudy
4,2022-05-22 06:10:30,13.048415213987791,80.24263738122171,Rain
2,2024-11-08 10:21:56,17.375640551793904,78.47708313419686,Heavy Rain
1,2024-09-21 09:11:56,28.48725365619059,77.0465160338041,Rain
2,2023-07-01 07:40:05,26.841227918927526,80.94755006346918,Clear
3,2025-08-08 09:28:15,28.568207064684596,77.17180549035653,Snow
1,2023-03-02 09:12:35,28.539506662058656,77.38720152551024,Clear
2,2025-01-20 08:41:37,12.986694933591021,77.55350501696316,Rain
1,2022-09-04 08:37:41,25.459193767970678,81.82080261429718,Heavy Rain
3,2025-09-13 23:59:26,25.486713250198477,81.82156823854153,Cloudy
1,2024-04-19 14:54:30,22.59056238676473,88.36156992927344,Cloudy
1,2025-04-03 03:42:21,12.952296540996443,77.59645288138822,Clear
2,2025-01-09 15:12:21,13.117815965948523,80.31499330224965,Snow
1,2022-03-31 20:39:02,19.075570321327426,72.88763747606617,Clear
1,2023-10-20 18:41:25,28.61252751651265,77.1722246881682,Clear
1,2023-12-14 23:06:06,19.156697289307854,72.84215465171224,Rain
3,2024-06-23 06:13:49,26.83500533664048,80.95153992370594,Fog
2,2023-08-05 03:25:10,17.3783316183633,78.49689810596836,Cloudy
3,2024-11-26 06:03:50,25.425217765178388,81.87575712895178,Fog
2,2025-04-25 11:00:18,22.524641019377725,88.36366843145463,Clear
2,2025-12-17 16:12:04,26.845735542221952,80.9119950308785,Rain
3,2023-06-08 02:48:05,28.598440846345003,77.18639528540972,Rain
2,2023-07-21 07:56:21,13.043857303644529,77.61783312525472,Clear
3,2023-10-19 03:45:56,19.094266193194727,72.86794673300014,Clear
1,2022-11-24 22:25:40,26.857431692544367,80.95139622885415,Cloudy
2,2023-03-05 07:54:27,19.061139064189227,72.89161731256218,Clear
4,2022-02-07 23:42:55,19.138886371289928,72.89308200397986,Clear
1,2022-09-12 12:26:43,12.930516370101556,77.53594559424069,Cloudy
4,2022-05-02 01:24:47,19.060063015189915,72.8653149363013,Clear
3,2025-02-24 11:57:57,17.396514484761664,78.50277159830121,Clear
1,2023-06-27 03:43:35,28.452953755022737,77.43576058176451,Heavy Rain
2,2025-05-16 17:03:42,19.05679011491287,72.8606727584559,Clear
3,2025-11-08 01:46:11,28.63128399667566,77.1856480420527,Cloudy
3,2024-07-28 23:31:42,22.588030835398808,88.36899328722737,Cloudy
2,2022-08-31 18:27:42,13.102020290861054,80.29062555837614,Cloudy
3,2024-08-29 10:34:20,12.97838331529159,77.59437597365888,Clear
1,2025-07-26 22:26:31,28.654179212738953,77.2059765255477,Cloudy
3,2025-01-24 05:21:28,19.07891708728413,72.86603169805373,Clear
2,2022-12-26 09:30:04,19.079465505732056,72.8594154845068,Rain
1,2025-10-14 01:34:11,17.364542527453235,78.53353873707667,Cloudy
2,2024-12-16 13:38:24,28.4779728050223,77.39015832612151,Cloudy
2,2022-08-09 02:00:19,28.665454425217046,77.15928943769752,Clear
1,2025-06-12 14:49:39,22.56890801214948,88.38174759344749,Cloudy
1,2025-09-24 00:15:43,12.982675636550377,77.59756170169378,Rain
1,2023-01-25 20:55:28,13.042461146570474,80.28529078292013,Clear
2,2022-04-01 11:12:58,26.878884619140198,80.97552488281688,Clear
3,2023-12-14 07:44:26,28.621187940175375,77.19794096651225,Clear
3,2025-07-21 19:41:34,17.35422539382718,78.45791181245364,Cloudy
1,2023-03-22 02:22:03,19.073410532646232,72.86337379248947,Clear
3,2023-05-20 07:34:45,12.948534166066912,77.64110262440406,Clear
3,2025-09-21 14:37:22,12.99033253016634,77.5795263262814,Snow
2,2025-05-03 09:31:05,13.063437624426307,80.30021842085468,Clear
2,2025-10-31 03:12:26,25.423702122018803,81.87331476700324,Clear
3,2024-04-15 20:16:25,22.472901551897195,88.36126434527407,Clear
2,2023-01-01 18:25:13,26.88305547649702,80.90286435994827,Rain
2,2023-03-19 16:08:34,19.097227241915558,72.88014567342589,Heavy Rain
3,2022-06-27 03:12:32,26.846653447269077,80.96815804345657,Clear
4,2022-03-27 06:15:43,28.695556244673902,77.2231379145624,Fog
2,2022-03-31 04:22:14,25.393181501783772,81.8706344229481,Clear
3,2024-07-25 14:24:29,25.465699364655244,81.87789496018998,Clear
3,2023-06-03 20:22:14,26.890132871558468,80.97582229991721,Clear
2,2024-01-21 19:54:02,28.44646885762503,77.08139091309857,Clear
3,2022-06-04 07:44:38,17.340147815949592,78.46049159151417,Clear
1,2024-10-15 17:10:22,19.124855159410824,72.95508357239456,Cloudy
2,2022-06-14 20:47:32,17.42997208747063,78.4701140995575,Clear
2,2024-04-14 17:28:33,28.436141558097393,77.03920458329472,Windy
1,2025-10-19 14:44:29,19.070384248485702,72.86789611472875,Rain
1,2023-10-24 20:17:13,22.574268551311782,88.30627210146893,Clear
2,2024-08-22 12:50:04,13.10844882673159,80.25074322408057,Rain
4,2024-07-11 14:54:31,19.08105180680374,72.8774060693933,Fog
4,2025-07-04 11:12:28,25.415052026838747,81.84548121139146,Clear
2,2022-10-26 17:52:51,28.576441059599496,77.23682241061859,Clear
2,2023-02-04 05:25:01,28.481469583809314,77.01641424844202,Rain
2,2024-02-20 16:43:16,28.562794740827677,77.19934515498768,Clear
3,2025-10-24 00:23:04,25.40702731567634,81.78970722469205,Clear
1,2025-07-02 00:51:13,13.14299196812466,80.16533171192903,Clear
4,2024-11-26 08:46:43,28.630173657592714,77.2169781541722,Clear
1,2022-10-13 12:31:47,26.868486916709653,81.01647958372646,Clear
1,2025-04-21 13:10:56,17.343908117689562,78.5039737008959,Clear
1,2024-07-14 23:31:33,12.9539452060846,77.54140375201334,Cloudy
1,2023-01-16 17:52:12,13.032142558560968,77.56574518489678,Cloudy
2,2023-09-19 06:50:58,28.63155116554476,77.22250375202513,Cloudy
2,2022-12-24 06:34:34,25.437509693762333,81.82296741824646,Cloudy
2,2022-03-14 18:25:13,28.440645756148616,77.01291407887821,Clear
2,2025-08-14 18:03:49,12.981654377519229,77.59327298626535,Heavy Rain
1,2022-10-06 03:38:45,28.520435030541975,77.46129655538437,Cloudy
2,2024-10-30 02:36:35,25.433373320214773,81.87060909431854,Clear
2,2022-05-31 07:45:22,19.0892894887096,72.86679864817853,Rain
2,2022-07-05 17:54:45,28.611058923638915,77.28220829023445,Clear
1,2022-10-29 03:53:23,12.97853199240598,77.52339754462405,Cloudy
2,2022-09-21 11:00:57,26.8255637222099,80.92049878238542,Heavy Rain
3,2022-12-09 16:15:58,22.623518916095133,88.30662589432778,Fog
2,2025-09-23 11:38:01,12.977746124243154,77.58928171067848,Clear
1,2023-05-17 00:13:07,26.82137969718929,80.83422573741758,Clear
1,2022-04-18 02:03:36,28.501041257715855,77.07368146293712,Fog
2,2024-11-29 21:04:17,26.810197510836694,80.95911682170065,Cloudy
4,2024-01-14 13:33:03,22.566927826428714,88.4057312094029,Snow
3,2023-05-01 20:09:45,28.596977264858634,77.40807533917936,Clear
1,2023-11-23 06:34:56,17.43028136045531,78.43178153413574,Clear
2,2022-12-08 14:23:42,19.091412389785727,72.85946610070691,Clear
1,2022-08-29 14:56:20,18.98613452087232,72.828006114029,Cloudy
4,2022-10-01 18:51:47,28.44431533668266,77.03344741849094,Heavy Rain
1,2025-07-04 00:37:13,19.051629724733168,72.90798449050531,Clear
3,2022-11-22 07:14:09,12.963344498741321,77.63130780538849,Clear
1,2025-06-16 23:14:48,26.907774869370478,80.94367638940804,Clear
3,2024-02-16 17:54:11,28.615409390083357,77.21956760897916,Fog
3,2022-12-20 21:53:34,22.581603961646028,88.37058526720034,Clear
3,2025-08-07 04:36:28,19.002481998931817,72.90055081300153,Clear
1,2025-09-27 05:48:45,19.084653647323275,72.89909947141203,Clear
1,2024-12-12 13:42:22,28.487058129837838,76.99940530759073,Clear
3,2023-01-18 04:02:24,19.03626130366444,72.78615858639986,Rain
2,2023-01-24 08:01:58,17.43728748502748,78.47512694681683,Clear
2,2022-10-17 22:44:32,26.770512710465983,80.95999391756298,Rain
4,2023-07-19 13:09:07,28.50521768311517,77.3641110637863,Snow
2,2025-04-26 03:14:45,13.07119463154618,80.22146163093883,Clear
3,2023-03-05 14:29:01,12.967736003356533,77.60238322121256,Cloudy
3,2022-05-07 01:12:01,26.857859309118314,80.88814288812199,Heavy Rain
1,2022-12-05 17:18:40,22.605283364912626,88.38151313345864,Clear
2,2023-06-03 11:52:58,17.378746168933723,78.51305118785228,Clear
2,2025-08-09 12:38:07,19.09530880812896,72.94409110617552,Rain
3,2022-05-02 00:11:44,19.127734242913483,72.82581611245516,Rain
2,2025-08-13 07:54:31,17.405036499412294,78.50948379875727,Cloudy
3,2022-06-09 01:53:37,12.966921909335817,77.65127627267131,Clear
2,2022-08-18 03:37:01,28.526639802498497,77.348875158632,Cloudy
3,2024-08-28 06:17:31,13.124840039552998,80.25470520865053,Rain
3,2022-08-28 08:04:27,13.006560175611488,77.49269575282378,Windy
2,2022-01-22 22:14:22,19.14090508151808,72.82404494474889,Rain
3,2022-01-03 10:25:14,19.09684233552527,72.88421883609655,Cloudy
2,2023-07-07 22:11:52,28.56165370884329,77.24511295641098,Clear
3,2023-11-01 07:37:08,28.6222558273852,77.1644156936203,Cloudy
1,2022-08-12 00:59:57,19.143478221308474,72.87770251534707,Windy
2,2025-03-01 22:12:29,28.606833023990163,77.21674959716036,Clear
1,2025-10-03 22:35:30,28.63483602526172,77.1748563472535,Rain
2,2022-09-09 10:22:45,28.4914246556842,77.40503704076929,Cloudy
2,2024-01-27 22:03:47,26.861003966679636,80.84343296696777,Windy
4,2023-04-21 09:19:51,28.60033789678556,77.20034899357145,Snow
1,2024-04-14 20:06:29,13.068950463823148,80.30945455402014,Cloudy
1,2022-12-04 15:39:00,17.36854104993068,78.53914912262344,Clear
1,2022-08-24 20:48:39,19.07111417055095,72.8989378258771,Cloudy
2,2025-02-28 14:03:25,28.555283649339113,77.44399866599933,Cloudy
2,2022-05-11 08:46:45,28.531480503724765,77.01012025594572,Clear
2,2023-09-19 00:16:53,28.545866459389597,77.39660907503246,Cloudy
3,2024-08-30 09:28:19,22.563080000969215,88.34212773077692,Clear
1,2022-08-07 21:33:24,28.64727582327319,77.18827417845058,Rain
2,2025-12-03 06:25:08,28.540678910822145,77.36023440898424,Rain
2,2024-03-20 06:11:45,28.604488231332475,77.22852253533601,Windy
3,2022-12-04 14:45:07,28.592643558135382,77.18825396947058,Heavy Rain
1,2024-10-04 18:35:39,28.542643410046335,77.1900020359899,Clear
3,2025-06-11 00:34:48,19.10481981145968,72.91079716996487,Cloudy
1,2022-05-29 02:48:03,28.601961747375046,77.24476871042711,Clear
3,2024-10-16 11:24:36,22.554029687552347,88.36199807056371,Heavy Rain
2,2025-12-29 14:44:08,19.05637812904687,72.87410089727882,Clear
2,2023-02-13 16:46:32,28.59507075149123,77.22532556088942,Rain
2,2025-05-10 12:41:37,19.058963111846584,72.89675544667843,Windy
4,2024-05-24 23:59:20,26.871756864564507,80.97811125433904,Fog
1,2022-10-01 02:33:19,28.566884772242904,77.36757218163085,Rain
1,2023-06-20 11:28:18,13.00149245877492,77.60437954371113,Clear
2,2023-12-27 11:47:26,26.887366539548477,80.98241448936307,Fog
3,2022-07-08 15:20:22,25.461947178753174,81.87835984471035,Snow
1,2023-03-19 21:15:15,28.435080809958382,76.98973641939531,Clear
1,2023-09-19 22:11:46,12.905946681750333,77.6478097296109,Cloudy
1,2024-12-30 09:50:59,28.63590848399165,77.20726733738772,Clear
1,2024-05-10 13:26:39,17.417844399835566,78.52941667368783,Clear
2,2023-01-23 04:55:12,26.889383652758188,80.9145461706966,Windy
4,2023-12-06 13:26:05,12.966027940094468,77.63005300096344,Heavy Rain
3,2025-03-15 11:57:25,26.853087475888945,80.96581589885325,Rain
2,2025-10-18 05:47:53,19.042119546239377,72.91787309771159,Cloudy
2,2024-07-06 00:03:31,28.65236755718939,77.16118136797111,Clear
1,2022-11-12 03:38:24,28.481512868839374,77.0221493021297,Clear
4,2024-06-01 13:03:40,17.361759657779714,78.43749951494537,Heavy Rain
1,2022-01-15 23:09:16,28.548486880837537,77.365275871456,Clear
1,2024-10-31 19:57:46,19.062489202074527,72.84564857356033,Clear
1,2024-03-30 16:50:39,28.607151786944243,77.16211687267523,Clear
1,2022-11-08 10:23:26,26.813913139859594,80.94522809443805,Clear
2,2022-04-21 03:59:47,28.61971065967561,77.24387619153946,Clear
2,2023-09-08 07:15:49,19.06967173942195,72.85268675591057,Clear
2,2024-02-06 09:08:23,28.609204972052716,77.41774554049762,Clear
2,2024-06-04 12:53:28,19.087135738021555,72.86982387058634,Cloudy
1,2022-01-18 05:22:28,12.942126545859752,77.55024531590695,Cloudy
4,2022-01-24 07:47:13,19.07363700973651,72.88305621089737,Cloudy
3,2025-12-29 08:20:30,19.05717196117834,72.87129844514017,Cloudy
3,2025-11-28 17:01:10,28.641688103127127,77.25533161883044,Fog
2,2022-07-05 05:57:26,28.593028635881783,77.22750221853671,Clear
1,2023-05-10 18:41:39,28.491771893043378,77.41154567339284,Clear
1,2023-02-11 02:27:35,28.631023190474252,77.22551544817568,Cloudy
3,2022-08-13 15:43:43,28.587903905011604,77.17284399042379,Windy
1,2022-04-23 20:08:30,22.582654537990962,88.39693004270146,Heavy Rain
4,2022-03-20 05:49:16,25.411870768113676,81.87103052558523,Clear
3,2022-06-29 05:18:16,19.102700224641527,72.83319084504683,Fog
3,2025-07-07 10:25:18,28.617235618970376,77.23633531341126,Rain
2,2024-05-03 20:56:00,19.061919149203653,72.77292026890689,Cloudy
3,2023-12-30 21:10:34,28.666986067913683,77.23202694210575,Fog
4,2022-07-10 16:53:23,28.570090568301797,77.2097561941657,Fog
2,2023-06-15 03:41:47,22.54555081941889,88.35991012065061,Cloudy
2,2025-12-15 05:54:38,12.98639200160174,77.52411613353016,Fog
1,2024-04-17 23:04:01,28.6028082532988,77.26386776259257,Fog
1,2023-09-11 05:12:37,26.87886554818819,80.94677615678533,Clear
2,2022-09-19 11:56:22,19.07878883429459,72.87267855943935,Clear
2,2023-05-02 03:34:07,28.62788413943555,77.2037566248439,Fog
1,2024-10-27 23:38:49,28.47993590577994,77.07154366433126,Cloudy
1,2022-05-24 17:39:20,26.856959763717835,80.9910181522893,Rain
2,2025-06-13 09:16:58,19.04600028513479,72.870868641448,Cloudy
2,2025-02-04 11:07:26,28.640448288926766,77.22458648567614,Cloudy
4,2025-10-04 04:44:21,28.657732122680432,77.24877594510137,Clear
2,2023-06-11 19:28:17,13.010675076207377,77.62833082570106,Fog
3,2025-08-31 02:25:17,28.50478062202692,77.39697796163769,Heavy Rain
2,2023-12-23 23:30:24,28.55751490312402,77.17680356403439,Heavy Rain
1,2025-09-09 15:17:02,28.405940230242457,77.02231474035884,Rain
1,2023-09-17 01:12:29,22.56431994714569,88.43218251489739,Rain
1,2025-09-10 06:56:49,17.446794641216957,78.4780485122126,Cloudy
1,2025-10-21 09:57:05,28.523245513996883,77.41213758250382,Rain
2,2023-08-22 03:16:58,17.364157850262878,78.47499088898768,Windy
1,2024-12-13 11:52:27,12.934567839894832,77.57556210815599,Windy
3,2023-10-20 18:05:06,28.625626902316927,77.22876761870677,Clear
1,2024-02-29 04:32:05,28.660606882276024,77.16989808169909,Cloudy
1,2023-04-30 00:14:28,25.483764063039864,81.90115183599944,Rain
2,2024-01-25 23:56:57,13.02330803962208,77.62998839519554,Clear
1,2022-07-11 00:57:44,26.8552924538628,80.937268448997,Rain
2,2023-10-10 10:23:49,13.007634842333797,77.58161275898847,Clear
1,2022-07-24 02:01:26,13.071227430863154,80.25198050009163,Clear
1,2023-09-29 08:26:47,26.799505037052665,81.00035588440808,Cloudy
1,2023-01-14 06:04:35,26.88534613047903,80.92823111617284,Clear
2,2025-02-22 00:28:56,26.81692466033087,80.95177078411125,Clear
2,2025-02-05 19:40:13,28.394257731123048,77.0725378270384,Cloudy
3,2023-04-05 19:32:32,13.008790020200669,77.61522793625443,Windy
3,2025-02-10 16:39:35,25.405993396593466,81.88011438639356,Clear
2,2022-07-13 21:57:58,26.83083591659185,81.0063453865461,Clear
2,2025-03-07 21:54:49,25.47341594375773,81.80195493083575,Cloudy
2,2023-12-27 14:36:24,28.44583935478109,77.06500979405979,Rain
2,2024-02-18 20:25:43,26.836369099071195,80.92102051876746,Cloudy
2,2022-10-02 00:43:43,12.963484602268098,77.58262939289683,Cloudy
1,2025-07-18 20:34:22,13.042909508642797,80.29685153065438,Clear
2,2025-12-05 18:50:20,28.66220431513549,77.22857743934004,Snow
3,2022-04-27 11:50:23,17.46050255606067,78.48798112797971,Clear
3,2024-08-07 16:37:23,28.419769395460996,77.01572062981037,Clear
3,2025-06-06 02:21:58,17.401717203685347,78.44050949703478,Fog
2,2023-06-20 02:49:42,28.57983249031981,77.24641214453334,Cloudy
3,2025-04-03 04:40:35,22.502703339718373,88.36732392721483,Clear
4,2024-04-11 07:51:35,28.53300387383198,77.43450325710647,Clear
1,2022-12-07 03:55:44,25.4665141643708,81.85860818242409,Rain
4,2024-07-21 01:35:53,22.537914393236306,88.33329995649798,Fog
2,2022-02-14 10:23:27,19.124124427267414,72.88646906199132,Clear
1,2024-02-07 14:41:56,28.609135245289657,77.2783054023036,Cloudy
2,2023-02-06 17:41:31,28.501174486614424,77.03348232096126,Rain
1,2023-09-01 16:57:27,13.104880056525383,80.29215928747303,Cloudy
1,2025-03-06 04:51:00,12.952499588577734,77.5881918225386,Fog
1,2022-11-06 11:23:23,26.863053827531395,80.927149634879,Clear
1,2022-08-16 08:50:10,28.482320583819398,77.36186594831341,Cloudy
4,2022-11-08 11:26:02,26.871633417070324,80.91863184428664,Clear
3,2024-09-08 20:59:04,28.575823744576176,77.18505152368196,Clear
1,2023-11-03 03:41:03,28.502627148309486,77.0419080435963,Cloudy
1,2023-11-03 05:30:41,28.583923336880535,77.22974693199332,Cloudy
3,2025-04-27 21:01:48,25.397013451222154,81.80119403365332,Fog
1,2022-06-29 22:13:00,28.48496415808267,77.02138599173325,Snow
1,2022-08-01 10:45:10,28.58893628051706,77.22214648570011,Rain
2,2025-03-01 04:31:54,26.813443858827554,80.95563612929222,Fog
2,2025-06-14 13:50:04,28.558212914567278,77.43456762851349,Rain
4,2024-09-25 15:05:27,28.482744024648134,77.34719670219934,Cloudy
2,2024-09-22 23:17:03,28.621343448465957,77.24222077719416,Clear
1,2023-12-12 09:27:14,25.431911055007454,81.83526945927896,Clear
3,2025-04-17 23:29:44,19.029253766667377,72.85458665203126,Cloudy
2,2025-03-10 05:37:52,26.825684716323646,80.89628828354066,Fog
4,2024-06-20 00:08:45,25.470285123158884,81.82192773421123,Clear
2,2025-09-30 23:38:21,28.460777717783493,76.95793116022627,Snow
2,2024-05-11 06:02:10,19.063525421309205,72.8804159436411,Cloudy
1,2022-03-11 07:29:48,22.58239375585805,88.37318509206743,Clear
1,2022-06-25 21:55:27,19.090648009570497,72.86031721317552,Clear
1,2023-08-16 19:57:57,28.604079990269053,77.18743903596987,Clear
1,2024-08-03 01:09:03,28.704528640108617,77.21406401456838,Cloudy
2,2023-07-20 08:20:56,25.407233553984337,81.85162468016024,Clear
3,2024-07-22 22:52:27,19.053013037457692,72.93636663276257,Windy
4,2023-01-31 23:47:38,28.537625764395344,77.36413587245696,Windy
2,2023-01-04 00:21:26,17.40764165831398,78.46274458592698,Rain
2,2024-10-15 15:29:58,18.998735835201504,72.86850058251882,Fog
3,2024-01-28 22:48:11,25.399827912873015,81.82366596014278,Clear
2,2024-02-02 02:46:57,19.09164010407386,72.8858431032191,Cloudy
2,2025-10-06 11:37:47,17.374917802057706,78.50178580353038,Clear
2,2023-04-18 22:51:58,28.50351645894018,77.00792916439785,Cloudy
4,2025-05-25 07:31:00,25.387765659185355,81.83560286451576,Snow
1,2024-04-07 07:07:24,13.072568085578427,80.3305771522193,Clear
3,2024-10-14 05:16:59,28.49154788314904,77.06812454566811,Rain
1,2022-12-18 11:26:35,26.843895202624203,80.95295577464513,Clear
2,2024-01-06 11:44:33,19.08521429206514,72.87759691060336,Clear
4,2022-10-23 13:52:55,12.964985656442058,77.60022425036126,Clear
3,2022-12-18 00:23:52,22.644518343652354,88.40411551436183,Rain
3,2023-05-25 23:54:44,28.465340078646243,77.000964114341,Windy
2,2023-05-14 14:17:09,13.084716796710588,80.26207062373484,Cloudy
1,2022-11-07 12:46:13,28.442524363944077,77.03849598584132,Clear
2,2024-02-04 23:22:15,19.137427926201653,72.86010113483725,Fog
2,2025-05-05 22:10:48,12.97775990382446,77.59530004627528,Fog
2,2023-10-01 10:28:04,25.478089615922826,81.82966368038112,Rain
3,2022-04-25 08:43:45,28.527784746226633,77.20409377245612,Cloudy
1,2024-06-28 23:41:44,12.964632810618404,77.60106894617675,Clear
1,2023-07-06 15:07:41,19.071041928080422,72.88601727410538,Clear
2,2023-11-30 02:09:32,25.386677534405052,81.80805543478635,Clear
2,2024-12-09 15:55:38,28.4048529955915,77.01675649827821,Clear
3,2024-03-31 05:17:13,26.857835576459344,80.96067767643989,Cloudy
3,2022-08-05 22:12:33,28.52775859402536,77.38652465371143,Cloudy
3,2024-07-02 11:00:15,28.57373180802183,77.2219088544287,Clear
2,2025-04-26 00:09:31,25.47567516811807,81.84607560739198,Rain
2,2023-11-28 18:48:14,19.09436847960533,72.83310308818457,Clear
2,2022-10-17 23:03:00,28.52515170357701,77.40442484960975,Rain
1,2023-02-12 18:37:45,26.846613625274074,80.89348247951828,Clear
2,2024-03-02 02:41:21,17.38452738643925,78.44796434542947,Snow
1,2024-01-03 11:03:30,19.07019556830183,72.86511075670047,Windy
3,2025-12-24 15:31:11,28.461911714659234,77.02195885726158,Clear
2,2025-02-13 06:04:24,26.8973387994039,80.95473951657992,Clear
1,2022-09-16 14:30:07,28.38734669107607,76.99859386454676,Fog
2,2023-09-10 21:50:18,26.776740686359027,80.93961238455934,Clear
1,2022-05-17 14:07:56,28.600782567216537,77.2404824986867,Clear
3,2023-11-28 09:30:57,28.490637553170988,77.39311917371275,Clear
3,2024-02-29 21:37:25,28.434838870128374,77.36550148933226,Clear
2,2025-05-12 18:08:51,26.856321255311883,80.9258626444979,Cloudy
2,2022-01-14 18:45:56,12.96828302647982,77.53660617404914,Rain
2,2025-11-02 00:18:40,28.548652374678966,77.40640177312429,Clear
1,2024-10-13 23:12:03,28.41404481277537,76.96996608637663,Clear
2,2023-11-16 17:39:58,28.62412520947416,77.21880825811009,Windy
3,2023-12-30 12:24:10,26.905290679960302,80.9537724787107,Clear
3,2025-03-31 09:17:17,13.122627503015838,80.28095530825406,Cloudy
1,2024-11-15 09:30:35,13.010868267217033,77.54078738736179,Clear
2,2023-04-15 00:52:57,22.582741040941993,88.32924387365003,Clear
1,2023-10-18 18:03:36,28.582239307520044,77.24164900464324,Cloudy
3,2024-02-08 16:38:33,13.084751137883401,80.31021173085571,Cloudy
4,2025-01-09 04:38:54,22.57234138955419,88.39238441997277,Clear
3,2025-09-28 07:29:10,22.55436188632542,88.38537376452149,Clear
3,2024-06-15 05:49:58,28.492796641213868,76.95971575675092,Clear
3,2022-12-31 16:52:37,26.913626231668204,80.91339051740474,Clear
2,2025-12-09 07:15:15,28.59005269377477,77.185932910832,Fog
1,2024-12-27 04:51:50,28.555632384949853,77.25599783603977,Clear
2,2022-09-29 03:41:35,22.579628850138608,88.33036722171255,Clear
1,2024-03-09 00:20:28,26.8385465745293,80.94420220338814,Cloudy
3,2024-08-21 04:33:47,19.059523571530633,72.91694158498996,Rain
3,2022-02-13 17:49:38,28.63343434045792,77.23566194041923,Clear
1,2024-07-03 01:39:58,22.61189699340817,88.38704149161856,Windy
3,2022-09-13 03:54:22,28.46734310445683,77.38787324470852,Clear
3,2024-10-19 05:44:38,25.448406656452782,81.78686733482282,Clear
3,2023-04-15 06:57:48,17.450300457458898,78.47541079514207,Cloudy
2,2022-11-04 09:03:50,22.517856438278226,88.3717685857842,Clear
2,2022-08-08 20:26:14,19.047893515962752,72.93560796483028,Clear
1,2024-09-04 13:54:05,22.559053144081822,88.35373659529222,Clear
3,2025-09-11 09:06:52,28.57032126672109,77.37007190873815,Clear
3,2024-06-03 14:03:07,17.332234520283265,78.5184955807976,Windy
1,2025-12-12 12:40:42,19.07731471729834,72.87237933830286,Clear
2,2024-08-21 04:54:24,12.963811727190969,77.5908830219879,Clear
4,2025-10-12 10:03:23,12.938320413293933,77.58328582092143,Clear
2,2025-10-11 22:28:44,22.55574198921309,88.33536518847131,Clear
2,2022-04-24 17:50:33,28.53243402684744,77.23596681528407,Clear
2,2023-04-03 01:58:56,28.474626052392885,77.42029580522299,Cloudy
2,2024-01-09 10:44:07,28.50566853596061,77.03204512894655,Cloudy
1,2022-04-16 08:43:07,28.403779704000847,77.04242018790039,Rain
2,2023-07-08 03:33:59,28.58610707026881,77.20642844309026,Cloudy
3,2023-01-09 09:30:53,19.056814299237097,72.85434416380852,Cloudy
3,2023-03-27 07:34:35,28.59914461909959,77.24557696508309,Snow
3,2022-07-28 07:07:51,13.056242451375036,77.59350938723195,Rain
2,2022-12-24 17:23:03,25.49814899008103,81.86613127414923,Snow
3,2022-09-15 09:48:11,17.413930438779804,78.53481792895191,Clear
1,2022-12-08 14:10:55,26.8300365535695,80.96589484431505,Cloudy
1,2024-03-07 15:15:28,17.39160346566285,78.51956602051247,Clear
1,2023-05-30 02:25:02,28.454481717330598,77.08153720766022,Clear
3,2022-03-03 04:38:26,28.470010041205562,77.01669445653035,Heavy Rain
4,2025-08-20 00:02:11,13.115798360675972,80.30882789011355,Snow
1,2025-11-24 07:39:20,19.037344186025077,72.89287395636654,Clear
2,2023-08-29 22:17:57,25.385269857064173,81.82940197589603,Clear
2,2024-08-07 04:33:10,28.55236268931706,77.20021087578752,Snow
3,2025-06-03 06:43:00,19.123117446813943,72.8741447143947,Clear
2,2023-09-25 13:35:56,12.995272496668623,77.59328095077402,Rain
2,2023-10-16 00:37:12,26.83405129258012,80.969804168037,Heavy Rain
1,2025-04-10 22:25:28,28.57131250256215,77.17980443336492,Fog
1,2023-06-30 02:31:28,28.606151060963523,77.18085518091438,Fog
3,2023-02-27 02:43:53,26.855715361222362,80.90067427253645,Cloudy
4,2022-10-13 07:27:04,28.69061196162178,77.298645422187,Rain
4,2025-11-19 08:46:15,26.840954559827715,80.9593467431096,Clear
1,2023-06-16 13:53:21,12.95149296531043,77.62510959049595,Cloudy
1,2024-10-13 03:58:34,28.486602379325706,76.99823805497918,Clear
1,2025-06-03 04:19:58,25.43325121485934,81.87563049190877,Clear
3,2024-02-01 07:10:41,19.117549453834283,72.83871544679097,Cloudy
2,2024-03-02 16:44:59,25.411837957098786,81.83712876723555,Clear
2,2023-12-17 05:39:51,28.60224489598048,77.14871058102419,Clear
4,2024-07-03 02:39:39,28.49505763852549,77.30104483579969,Heavy Rain
1,2023-01-09 01:41:45,12.993906656444528,77.60053391435764,Clear
3,2025-01-08 20:48:46,22.57350532786009,88.40957785572485,Clear
4,2022-08-15 22:29:49,17.339916124447637,78.4761945539922,Rain
4,2024-02-06 11:41:46,25.46506808417438,81.86298703935509,Heavy Rain
1,2022-11-17 08:04:46,26.812024207844054,80.94395286717666,Cloudy
1,2023-05-20 18:36:38,12.964648449699254,77.55951103132983,Rain
1,2025-11-16 01:02:58,28.481640397987476,76.98309949448779,Clear
1,2023-08-23 09:29:09,28.516049783824773,77.4154118381784,Cloudy
3,2022-03-13 06:30:05,28.585019423198894,77.36040302554952,Clear
3,2025-03-29 12:43:04,19.08947382456167,72.90564983355887,Heavy Rain
1,2025-03-11 00:46:07,28.533386072625323,77.40997626409356,Rain
4,2023-09-06 05:33:31,28.43600978121735,77.0430416941372,Clear
1,2025-05-09 09:44:46,12.927132911404637,77.62831292868628,Fog
2,2024-11-30 17:56:12,25.41720240414481,81.9054182595877,Cloudy
2,2022-01-06 18:37:57,26.795764885843457,80.97665623611614,Clear
2,2024-12-20 19:37:45,26.81579687148505,80.91093016827804,Clear
2,2025-06-29 18:36:34,28.47784709005665,76.95820474158849,Clear
2,2025-01-16 13:49:00,28.651557694294528,77.21410155237648,Clear
4,2023-11-07 01:05:10,13.03338836334511,80.23404854756632,Cloudy
2,2025-02-06 07:03:44,28.63648846351149,77.17456181769411,Cloudy
2,2023-03-20 13:37:57,28.592193853176983,77.20235577051778,Rain
2,2025-03-11 04:10:20,25.444403672763574,81.79668260849704,Cloudy
1,2025-11-03 02:02:07,17.360306171845256,78.45708861145803,Clear
3,2025-08-05 07:35:03,17.429717167243275,78.50457562231476,Clear
4,2024-10-24 01:41:02,28.591567794673935,77.25433186619154,Fog
1,2025-04-30 08:45:35,22.547318323165243,88.37933689394855,Cloudy
3,2022-11-20 21:02:10,22.60956086607991,88.409655819164,Fog
2,2023-01-22 11:08:17,17.33203521857948,78.44104078851456,Rain
2,2023-03-16 16:14:21,19.05188108707974,72.89406915363506,Cloudy
1,2025-05-27 10:30:28,17.366192309374032,78.50309832609865,Heavy Rain
3,2025-07-24 03:58:16,12.981343499336232,77.63353143885367,Clear
4,2023-05-02 01:05:52,25.430673176524515,81.88152438640093,Heavy Rain
2,2023-05-11 23:19:09,28.61392874678728,77.21002143153194,Cloudy
2,2024-04-18 17:50:13,17.40311197160082,78.46421137409178,Clear
2,2024-10-09 09:30:34,12.991412011059122,77.57767806320587,Clear
3,2023-04-13 12:30:07,28.682639973259597,77.24791486790788,Clear
2,2025-02-22 04:05:39,26.78408456633245,80.98144912381943,Heavy Rain
2,2023-04-24 20:34:16,26.822827382069168,80.98653220236368,Heavy Rain
1,2025-03-03 02:41:15,28.485766445167727,77.02474318028263,Clear
1,2025-03-12 07:54:40,25.383700937633883,81.82504067633134,Cloudy
1,2022-11-08 23:01:35,25.423886169514944,81.82137857706037,Clear
3,2023-03-26 03:55:09,28.5341790371327,77.40450848576906,Fog
3,2024-06-19 03:11:37,28.52510899060577,77.47308565972152,Cloudy
3,2024-09-01 14:08:57,13.07726194541237,80.21463506471403,Cloudy
2,2022-04-14 13:42:47,26.851079654676937,80.91402944695342,Clear
3,2022-07-17 17:37:17,17.44932797104973,78.50147502922684,Clear
2,2024-02-17 01:06:47,28.686028929736594,77.19048413722764,Clear
1,2022-06-05 12:42:36,26.877766803718313,80.94057673030689,Clear
2,2024-08-13 04:23:02,28.635795460778628,77.20118549440484,Clear
1,2023-10-22 17:57:30,26.875236090982273,80.95343308944732,Clear
3,2024-06-18 20:55:24,12.984647795548522,77.60046884667072,Rain
3,2022-04-30 09:42:05,28.44687534248426,77.01891095342417,Clear
1,2024-10-20 12:22:49,19.093667347632028,72.85404425724768,Snow
2,2023-11-27 23:54:51,13.057534832797124,80.29739565661463,Windy
4,2025-05-06 01:05:39,17.403194015093487,78.46273950333006,Clear
2,2022-04-12 18:02:57,28.655095022287664,77.1630636443793,Clear
4,2022-12-16 17:51:44,28.649728829720694,77.16966410297537,Rain
1,2023-05-31 23:43:52,28.63572926235617,77.20954546003995,Rain
3,2023-10-06 07:50:28,28.54573694657798,77.37831591482092,Clear
3,2024-04-30 13:04:21,19.09217539336209,72.87387824169248,Cloudy
2,2024-01-11 22:59:08,25.428667435070412,81.82864038137174,Clear
3,2024-06-18 22:16:01,26.839256450015867,81.04102468269649,Snow
2,2024-09-14 18:45:27,28.57729406603688,77.21310632238921,Heavy Rain
1,2022-06-20 01:20:07,28.596926555929283,77.15172943752152,Clear
2,2022-06-02 06:38:15,22.618842389412716,88.30741344905823,Cloudy
1,2025-10-11 18:32:46,19.115988298682645,72.89637319975999,Clear
1,2022-01-22 13:15:24,26.833808355148626,80.92938741146281,Cloudy
3,2022-06-25 23:31:11,28.608608781432668,77.22679564863293,Clear
2,2025-11-10 04:16:56,28.487014219165935,77.08951406956402,Cloudy
1,2022-02-16 18:36:53,18.992064291666217,72.82840489783712,Clear
2,2025-06-23 14:03:24,28.42202660700042,77.00813211783375,Clear
2,2023-09-16 01:10:36,19.049157055816593,72.85929165410721,Clear
3,2024-04-14 02:58:45,26.82156884212397,80.9252097353924,Heavy Rain
2,2025-09-20 17:24:08,13.083092285361857,80.19078518398655,Clear
4,2024-03-12 11:21:09,17.34559452104992,78.54295915924382,Cloudy
3,2023-02-18 23:38:52,12.952550394847641,77.55687896227744,Rain
2,2023-05-20 04:10:35,19.03139994719322,72.88788533695366,Clear
3,2022-12-11 07:04:51,12.986008356487558,77.62215065313063,Rain
2,2022-06-23 01:55:11,28.552710887426468,77.41771875778538,Windy
2,2023-07-29 05:13:26,28.596605063959558,77.4162936188711,Cloudy
3,2023-08-13 12:33:40,28.641803830448904,77.15513307774503,Clear
1,2023-02-18 08:32:43,22.59967451971724,88.34655029186987,Rain
3,2023-06-28 03:28:45,26.870194454784684,80.9723108383544,Clear
3,2023-07-09 23:35:43,22.591769716760712,88.36107842723148,Rain
2,2024-06-10 06:34:42,22.5464168156003,88.37410806266162,Clear
1,2025-07-29 23:49:02,19.09406570580243,72.91498986532592,Clear
2,2025-10-24 00:57:28,19.095767169250994,72.90165701467436,Fog
2,2025-12-26 23:45:45,25.418695431041876,81.83644727035028,Snow
1,2025-12-24 09:41:11,28.53987036635684,77.36361105497858,Clear
2,2022-02-20 05:39:50,26.871645359929325,80.95384776551163,Cloudy
1,2024-12-07 00:50:37,28.558477870961042,77.18926687874935,Windy
1,2022-07-26 21:44:11,19.081604721394402,72.85727310450909,Clear
2,2022-09-30 03:34:06,26.83176230116105,80.9208031803477,Cloudy
1,2022-01-17 08:19:06,13.067355688918717,80.26886310611913,Rain
1,2024-12-10 23:16:18,28.571925115231256,77.23523538999808,Clear
2,2025-01-12 07:42:44,26.847998231967775,80.92066197411971,Rain
3,2023-06-30 18:05:59,12.9949996915718,77.5439156328653,Clear
2,2023-02-14 17:44:49,19.061362527072824,72.82239455445881,Cloudy
2,2024-02-05 21:00:37,22.539004913819635,88.33393622558621,Cloudy
1,2024-01-16 09:27:37,28.571846261184128,77.16221472705487,Clear
2,2024-09-11 11:19:20,28.55929153078562,77.27391317468509,Cloudy
1,2023-09-02 23:43:06,28.37628505595255,77.05110776689489,Clear
4,2022-07-04 18:28:05,28.46236514693786,77.03800872618648,Heavy Rain
2,2025-04-01 20:18:08,19.122072069313184,72.77589687394318,Clear
2,2023-01-31 06:05:16,28.538627625850868,77.4254599446085,Rain
2,2025-02-05 08:15:40,19.076441449202328,72.83327724643765,Clear
4,2024-11-28 15:03:38,17.378515692977437,78.46541162981774,Rain
2,2022-08-26 16:58:51,12.99082259796328,77.6014377951477,Cloudy
4,2022-11-04 11:29:49,13.069137803978311,80.29563765547323,Snow
2,2025-12-03 11:38:36,28.582419320830912,77.15849889990798,Cloudy
2,2022-04-20 01:04:52,12.931390310614166,77.61214678195132,Clear
2,2025-05-23 04:30:24,28.486319264902107,77.37995030567207,Clear
2,2025-07-28 01:47:47,22.587327961108965,88.36122124212561,Windy
2,2022-06-22 08:39:58,17.43685194864098,78.48785981117665,Clear
4,2025-11-07 06:19:04,22.537829824030343,88.33854460839639,Clear
1,2022-02-28 15:08:40,28.585904176707032,77.14571569661204,Cloudy
1,2022-01-31 21:55:26,18.994013258181713,72.88818851920684,Rain
1,2022-10-14 14:55:41,25.444691584903417,81.79938532864385,Rain
1,2023-11-14 23:19:40,12.960373876998242,77.60043856208314,Windy
2,2023-07-01 17:19:48,28.507513944876884,77.44455330622857,Heavy Rain
1,2022-05-19 11:01:56,28.541102013239488,77.0869931494864,Rain
4,2025-07-29 07:36:38,22.60907667019441,88.37206497643808,Fog
1,2022-06-10 00:54:42,28.543497803608837,77.24152163465418,Cloudy
3,2024-07-18 15:17:42,25.468847519408815,81.85313067164996,Cloudy
1,2022-09-09 04:56:42,12.939240567318574,77.62730150613541,Cloudy
2,2024-06-19 01:51:07,19.09436774014255,72.84695254231607,Cloudy
3,2024-07-06 07:02:32,17.39050712986856,78.52087773061722,Fog
2,2025-06-23 05:56:00,17.450998407476938,78.42240558935711,Cloudy
1,2024-09-23 16:03:28,28.454788459842785,77.07048761290115,Clear
1,2025-03-24 17:16:31,17.39517332725896,78.49819871638698,Cloudy
2,2022-10-07 05:16:32,28.62404185005248,77.18075772699666,Rain
2,2023-12-06 14:31:24,13.013976520886617,77.61189617012982,Snow
1,2024-10-29 05:27:07,28.56545073623013,77.37437651534175,Clear
1,2025-05-02 04:32:55,28.644098614433062,77.18898860116748,Windy
2,2025-08-08 07:26:01,13.087352496268963,80.28755233621986,Clear
3,2024-08-05 12:15:17,28.456752863146825,77.02488929682681,Clear
4,2024-10-13 19:57:29,22.578529002820776,88.3275088161874,Windy
2,2025-09-25 10:29:55,28.6387648586932,77.17204543768982,Fog
3,2024-01-01 06:33:37,12.971647365586298,77.56560571624664,Clear
2,2022-07-10 23:39:09,25.44914442014388,81.8749361433915,Clear
1,2024-06-12 22:58:22,28.64245487285275,77.21785245214747,Fog
2,2022-08-02 17:13:35,28.597180369940897,77.22117588859209,Rain
1,2023-06-22 23:07:36,28.53825932637499,77.25207260314623,Heavy Rain
1,2024-05-10 23:31:57,19.102790312303124,72.92942021033558,Clear
2,2023-11-26 12:12:19,25.383641336684533,81.85142450021449,Cloudy
3,2023-01-05 03:12:33,17.345311878241127,78.48951347635672,Clear
1,2023-08-10 18:21:39,28.627486380245347,77.1184074292757,Cloudy
1,2024-03-24 12:23:52,17.427984035282336,78.52610756157219,Clear
2,2025-05-29 03:53:18,25.40056226042357,81.86727296707325,Clear
3,2022-01-03 01:32:56,19.04920815728453,72.87617590147724,Cloudy
2,2024-05-23 12:56:11,28.397329536345197,76.97249158277269,Cloudy
1,2022-03-23 13:45:04,13.059666027741791,80.26215665532446,Clear
2,2023-10-03 01:38:35,26.888350160059,81.00189580839147,Windy
1,2024-09-15 16:02:41,26.86985014972841,80.8901567287434,Clear
3,2023-05-09 08:44:07,22.5471217546384,88.35147775262053,Clear
4,2022-12-27 05:27:20,13.091822965414684,80.31681392866561,Clear
1,2025-09-11 05:45:06,13.10053297473754,80.26414343915626,Clear
1,2025-07-13 00:35:15,25.37881110832997,81.78436714172766,Fog
2,2023-12-11 23:24:16,28.59225611014638,77.21624088854149,Cloudy
4,2023-07-22 08:56:46,13.07785013318109,80.18083974315914,Snow
3,2025-10-04 12:13:25,28.476747439087323,77.00383896117944,Clear
2,2024-06-15 01:50:04,17.34188588206053,78.4853256042991,Clear
1,2022-06-10 08:17:34,17.402868738245793,78.49376085291786,Cloudy
4,2022-12-21 06:18:48,22.5546763285578,88.3566722179455,Clear
1,2023-07-30 10:08:37,19.04474100189346,72.88194356433536,Rain
2,2022-12-02 07:30:26,25.44185120896757,81.912645117063,Rain
2,2025-01-18 08:37:53,28.656423043739924,77.21270196342334,Windy
1,2022-06-01 05:30:18,17.40587901852831,78.42515760900626,Cloudy
2,2025-08-03 16:22:35,19.05357286540697,72.8926078338832,Clear
3,2022-11-06 22:30:26,19.117621047408676,72.82827094804038,Cloudy
1,2022-07-04 04:29:12,13.098276494496297,80.28046230840087,Clear
1,2024-02-06 20:29:28,28.469370018989405,77.03977359966612,Fog
1,2023-12-10 21:27:19,22.554579736815867,88.4331527950642,Cloudy
2,2025-09-22 12:03:24,22.545686403056383,88.36784398200561,Rain
2,2024-06-08 08:14:38,28.5724610630048,77.37270265742019,Clear
4,2022-04-24 20:27:51,17.30442957369527,78.51631041784472,Snow
2,2023-04-07 08:58:19,19.064458989439554,72.90520462446047,Rain
1,2024-01-13 07:27:38,28.549822440251226,77.3760926390239,Cloudy
1,2022-05-08 11:33:35,28.52583537697316,77.35289802977643,Rain
2,2023-06-07 15:37:07,28.58943968368453,77.17668098346162,Cloudy
1,2024-12-28 20:24:45,28.606036203442955,77.24662574250789,Clear
2,2022-07-24 06:41:04,28.452423338261433,76.99380298132368,Fog
1,2022-12-31 21:00:44,12.97951833310336,77.63372768379546,Clear
3,2023-10-02 03:05:40,13.028329035321786,80.30586902023192,Heavy Rain
2,2022-04-13 21:54:10,25.393527881215146,81.9035201997906,Clear
4,2025-10-06 03:29:45,28.482199136167154,77.02807920727378,Clear
3,2023-03-30 05:53:04,19.052962221468743,72.90620129979928,Rain
2,2025-09-11 19:18:49,25.409802701024336,81.81308198901002,Cloudy
1,2024-06-05 14:35:05,19.10268787032674,72.85742308006485,Clear
1,2024-03-24 16:56:48,28.482612006909694,77.05276411440252,Clear
2,2023-08-07 02:06:01,18.989944032685496,72.89218507198872,Rain
2,2022-03-24 17:51:49,13.103892952208255,80.26515543178662,Cloudy
3,2022-02-25 05:19:34,13.077858265129427,80.25749018096045,Cloudy
2,2024-05-21 20:35:09,19.15461658047454,72.89718785813898,Clear
3,2022-11-26 15:47:39,12.938134117891227,77.56370624122438,Rain
3,2025-10-19 20:01:54,17.397626451413235,78.48923009214937,Rain
1,2024-07-15 11:21:28,25.442517270176264,81.92092512610503,Rain
3,2024-06-12 03:14:23,28.49797954606275,77.09245674512752,Clear
2,2024-02-22 14:15:27,28.647805710069765,77.19555681786262,Cloudy
3,2024-10-22 05:56:47,28.62389204301197,77.15548447414548,Cloudy
3,2025-08-30 22:06:57,28.480571364161886,77.36870911638714,Fog
2,2023-02-04 12:19:59,13.012138942317002,80.19910319881691,Rain
3,2024-03-25 14:54:08,19.08376152112517,72.84845818622253,Snow
3,2022-05-27 01:13:20,26.87027000844638,80.9518627039211,Clear
4,2022-02-18 13:44:16,12.99256855715772,77.55147446913382,Clear
1,2022-01-17 16:54:39,19.112004455056148,72.84543987572313,Clear
3,2023-03-22 16:47:50,28.41747746936876,76.95375305139751,Clear
1,2025-10-25 06:36:42,28.667576799600653,77.26255166045466,Clear
1,2022-09-22 11:15:34,28.56240758895023,77.2012707927787,Clear
1,2025-11-04 23:50:16,19.047579129390616,72.85466552960553,Clear
2,2023-06-14 03:35:22,28.477152777300144,77.00765453167632,Clear
1,2022-11-26 09:03:03,13.130683696604526,80.18663185696174,Clear
2,2025-07-31 19:00:12,28.618189430493278,77.1909528088072,Clear
2,2022-02-09 20:22:29,28.659382009936362,77.20799535749049,Rain
4,2022-12-16 16:03:43,13.019752482668537,80.2731565048348,Clear
3,2025-01-28 13:21:41,22.566949350339055,88.36144600495727,Heavy Rain
2,2025-10-17 03:44:01,13.067655851189826,80.25366950156048,Rain
2,2023-06-26 05:47:17,28.48573442631058,77.01700609836168,Clear
1,2022-05-15 15:16:22,25.455393411667576,81.8512917487434,Rain
3,2023-08-08 00:06:38,13.02177547877669,80.2567325311265,Cloudy
1,2025-08-04 15:36:15,17.353135381404062,78.43245002875264,Clear
2,2025-10-16 19:01:30,26.871489317688006,80.97334863548656,Clear
1,2024-02-21 02:15:23,19.082657812764573,72.86441314261631,Rain
1,2022-03-25 03:54:26,19.120003223623602,72.93870032645182,Clear
3,2024-08-12 01:21:18,13.157717809395985,80.24249749360592,Fog
2,2023-04-03 13:17:33,26.82446427129711,80.91247753288194,Cloudy
3,2024-02-13 11:53:14,12.919729031136615,77.54530428007892,Cloudy
1,2025-07-10 10:32:34,28.47111267446032,77.3467288904564,Clear
4,2025-12-22 11:08:28,28.609740163129274,77.2265406724524,Cloudy
3,2022-09-15 16:59:07,28.51221044524115,77.09276340160037,Clear
1,2023-02-12 11:24:18,19.134352406029812,72.95452542101948,Clear
1,2023-02-04 16:16:35,28.56446801284073,77.42052426019278,Rain
1,2022-11-14 01:13:50,28.695665113485987,77.22152490403866,Clear
3,2025-04-26 02:20:06,22.54005256865458,88.32102590975396,Heavy Rain
1,2023-07-16 05:46:27,28.583336135784304,77.40196000580968,Clear
1,2024-08-12 11:43:13,19.10760207929949,72.84168046126726,Windy
1,2024-11-10 22:41:04,22.58056981914666,88.33820982519988,Cloudy
3,2025-01-30 07:26:05,12.98898582148715,77.55406993677173,Clear
3,2024-02-01 06:58:29,19.107423184850585,72.8565383097819,Heavy Rain
2,2022-10-18 04:58:59,28.487370852899872,77.01741260988388,Rain
1,2022-07-07 08:04:15,12.971967079393586,77.54559802119928,Cloudy
4,2024-09-06 12:00:57,28.535211867240065,77.39299688428889,Fog
4,2024-02-05 19:28:07,25.4321407014001,81.79749957874284,Rain
2,2024-03-05 13:43:02,17.36576593932165,78.48386542317093,Windy
3,2025-09-20 14:55:02,28.53870849839932,77.40918125542147,Cloudy
4,2023-03-04 23:58:03,22.605067593613118,88.34183441832224,Snow
3,2023-09-30 12:09:09,17.367169636952294,78.46210279919028,Clear
2,2025-10-23 09:53:09,13.19261480185358,80.26546451396389,Clear
1,2022-07-04 21:48:54,19.05991381454349,72.84048594597141,Clear
2,2022-11-13 08:55:45,13.114494498368016,80.29557709088114,Fog
2,2022-05-15 14:23:23,19.036445917867088,72.86981281532005,Rain
2,2024-09-09 19:31:38,19.082356004869524,72.8574960462653,Clear
2,2022-01-31 14:53:33,28.552110433689286,77.43415182809217,Rain
4,2023-01-17 21:02:00,26.8431263929388,80.94751435768312,Cloudy
1,2025-03-07 13:37:45,28.54213767842062,77.42713886144054,Rain
3,2022-02-12 08:10:33,28.654944415201477,77.19233937883403,Clear
1,2023-11-16 04:21:05,28.53399360237172,77.36976962933083,Heavy Rain
2,2022-01-16 11:21:04,19.094747891797336,72.83912704023284,Clear
2,2025-12-22 09:06:48,22.565792798029733,88.38720572382972,Cloudy
3,2023-10-09 07:11:53,19.107610865719817,72.8072806522003,Fog
3,2023-09-24 17:14:09,28.608057753324378,77.26609033802599,Cloudy
4,2025-03-16 09:06:46,17.345851678052593,78.5091999422887,Clear
4,2022-02-21 18:48:15,28.644895197859327,77.27135896752634,Cloudy
1,2023-03-12 01:27:02,13.07356469465397,80.27102992261973,Clear
3,2023-09-23 23:49:39,17.416333232583224,78.53057369202229,Clear
4,2023-09-08 07:50:04,25.374980983061413,81.84928703844322,Fog
2,2024-02-29 13:34:34,28.64922644867618,77.2319436891772,Clear
3,2023-02-04 01:51:43,19.086210645388242,72.88519388438002,Clear
4,2025-11-08 07:11:21,19.134521462056483,72.89510262931587,Clear
2,2022-05-25 16:26:23,12.995055854174566,77.59350114220268,Cloudy
2,2024-02-29 12:48:12,26.91448379168,80.89208991095232,Clear
1,2022-04-13 20:05:36,28.640347171893872,77.21896856753689,Rain
3,2024-12-30 11:53:44,25.470595881620547,81.81236549298393,Windy
3,2025-04-23 21:11:46,28.600922124817018,77.28698540516724,Cloudy
3,2024-01-29 15:28:27,28.44840140085991,76.99847980040401,Windy
1,2023-03-06 07:52:17,28.468262341295784,76.98552054162361,Clear
2,2025-08-18 04:52:29,19.065402890920605,72.90081711438211,Rain
2,2023-03-25 03:46:19,22.62693921728014,88.33572461530399,Heavy Rain
3,2022-05-16 07:17:30,26.808246221929796,80.94775993638113,Rain
2,2023-01-04 18:17:31,26.91791622053534,80.97495474436187,Fog
1,2025-02-26 20:54:24,25.46946435913496,81.80890851401078,Cloudy
4,2023-09-30 07:50:27,26.79025021728325,81.01665345473019,Heavy Rain
3,2023-05-12 13:00:06,19.062882565248657,72.89421341088271,Cloudy
4,2022-10-02 11:35:30,12.91581306156606,77.56918985638639,Clear
2,2025-12-10 17:42:41,28.6267151284088,77.19126535383265,Clear
1,2025-03-23 05:34:02,13.089963489725221,80.22742662550579,Windy
4,2023-09-26 09:42:57,19.094427609133785,72.82370613035097,Fog
2,2025-11-02 21:57:28,19.08275016451026,72.93084477107283,Rain
4,2025-12-06 12:30:07,12.950103335365608,77.53674729031695,Cloudy
1,2022-09-22 22:20:03,26.873180794147725,80.9390325159838,Clear
2,2022-11-20 03:34:04,28.551695767045864,77.2256603780023,Windy
1,2024-10-27 09:33:07,28.64094967434903,77.2364105960722,Clear
4,2022-03-02 11:31:45,26.92493996021649,80.9745258816376,Cloudy
1,2024-05-18 04:45:50,28.645619839206162,77.1980860531494,Clear
2,2022-05-03 10:40:00,19.10129718708765,72.88430143196913,Heavy Rain
2,2023-09-08 11:19:02,28.423565132787513,77.03256453961576,Clear
2,2023-01-21 08:15:19,19.077020316931375,72.84182867852168,Clear
3,2023-06-14 08:56:00,28.524673502752897,77.42255668071238,Clear
2,2024-08-01 17:36:54,17.378947569594953,78.47860371853079,Clear
2,2025-07-13 05:05:04,26.881363518281397,80.94989252624288,Clear
1,2022-12-22 00:17:41,28.52670516985363,77.366309819658,Clear
1,2023-03-07 11:53:38,12.981138129658037,77.63066535749729,Clear
4,2022-08-18 12:14:30,12.964833066761214,77.62598790662116,Clear
1,2025-08-08 01:25:24,28.617428135466092,77.26691339105534,Clear
3,2025-11-06 08:36:08,28.56637618775271,77.19605991603343,Clear
3,2023-09-14 05:11:15,17.286933095067926,78.50189922774727,Windy
3,2023-07-13 00:59:34,22.51037085628542,88.35605417846782,Clear
1,2025-12-09 14:47:05,12.922428615586025,77.63597823266576,Clear
2,2025-08-30 05:05:43,28.598402317172525,77.18693255200137,Cloudy
1,2025-09-04 22:17:24,12.990167142948547,77.53947963356339,Fog
2,2022-08-17 13:28:48,28.566248639546618,77.39403969816695,Rain
3,2025-04-14 12:48:02,22.585018634136244,88.38456267728402,Clear
4,2022-11-11 11:22:47,28.4850996312288,77.40418431970367,Clear
4,2022-09-16 05:16:50,26.809207362194623,80.88940527002397,Windy
1,2023-12-03 10:08:27,28.57175706733012,77.42090532128992,Cloudy
1,2025-03-12 01:47:31,28.588619493421625,77.18874721310578,Clear
2,2022-09-25 18:02:23,28.434922282987355,76.98466367364635,Rain
3,2022-05-01 22:48:57,12.975487361561848,77.53384931220683,Cloudy
2,2023-04-02 15:57:15,12.974093098911066,77.56295514049145,Clear
2,2024-06-09 04:12:19,22.535594339436404,88.35836670870992,Clear
2,2023-06-09 02:19:59,25.424408811389014,81.8899308710001,Heavy Rain
2,2023-10-13 15:57:54,26.831444992575648,80.96245121962893,Cloudy
3,2024-04-19 22:43:44,25.48964382445534,81.84191215549009,Clear
2,2023-08-18 04:54:46,28.48811134943444,76.99462894971288,Clear
3,2022-01-29 15:00:54,19.015214561378244,72.88954655868592,Cloudy
3,2025-04-09 00:05:44,28.55507271312813,77.23516635858452,Clear
2,2024-04-05 18:11:07,28.55567246061648,77.30902135953575,Clear
3,2022-03-24 23:44:53,28.41916444361619,77.00125225401592,Rain
1,2024-09-17 01:44:30,26.830443597852785,81.00116371441183,Clear
1,2024-03-16 07:07:50,19.057171568874157,72.80253038662566,Rain
2,2024-04-09 21:13:24,28.579937807770524,77.15683369020812,Clear
2,2023-06-03 13:33:57,28.435531576159136,77.02330058252323,Cloudy
2,2025-09-28 14:00:03,13.02389496640434,77.60164880955503,Rain
1,2022-12-08 20:34:52,13.044979773897294,80.28271054939691,Rain
2,2023-12-06 04:06:17,19.079040092153477,72.88177449797618,Cloudy
2,2022-04-29 15:50:37,28.641022763748797,77.2796719738449,Cloudy
2,2023-02-28 09:48:50,17.359853060519363,78.51412129769136,Clear
1,2023-04-08 17:18:27,22.56733780717998,88.34259118931519,Rain
2,2025-04-10 06:20:23,13.1173780999643,80.25667424704844,Clear
1,2024-09-19 07:42:15,28.448769242386255,77.04713980385748,Clear
3,2025-06-16 22:46:11,13.070520365764155,80.19186132698258,Clear
3,2025-10-04 02:15:44,19.055989246203772,72.93938656077044,Clear
3,2025-06-14 15:54:06,28.60423263665799,77.25840413469224,Clear
4,2025-09-14 09:22:01,28.562590797092486,77.39073817211408,Clear
2,2023-06-07 01:47:20,17.381469867692235,78.47130985742179,Clear
3,2024-01-11 16:55:46,26.83373502999356,80.91673404774002,Cloudy
1,2022-07-17 02:53:36,28.513441877422373,77.33603337341212,Cloudy
2,2023-09-02 12:06:01,26.778750367658965,80.8898674256638,Clear
2,2023-10-18 20:46:30,17.42711244738023,78.46746559614492,Clear
1,2023-11-22 13:43:42,25.4180307530437,81.79936597874065,Clear
3,2022-03-26 19:47:04,28.63709275918728,77.40704744666851,Clear
1,2024-07-05 02:49:13,28.516382285457947,77.37284070350124,Windy
1,2023-08-29 14:36:49,28.582005198008396,77.20181476174301,Clear
2,2025-02-24 07:55:04,28.556689157666696,77.40754239170465,Clear
1,2023-03-05 00:57:36,28.602816215892304,77.25710697434997,Clear
2,2024-11-29 01:28:58,19.12044837211343,72.83541097904327,Rain
2,2022-03-08 09:13:58,25.40766215681455,81.87422481389174,Windy
3,2022-12-16 05:35:02,26.851249937903056,80.90899373045012,Snow
2,2025-07-04 12:20:26,25.42156442583175,81.83923710139494,Fog
2,2024-04-27 00:41:02,28.4966758606656,77.01527697686255,Clear
3,2022-10-30 08:28:56,25.502130201423814,81.8370893554779,Rain
3,2022-04-02 08:35:57,19.09498764803826,72.9217566433916,Clear
2,2024-06-15 23:33:09,25.372070245137873,81.85805138978479,Rain
1,2022-07-10 02:50:44,13.025669451184639,77.61574340992244,Fog
3,2024-07-23 22:19:24,13.070460543912445,80.27159853103227,Clear
2,2025-11-23 17:56:09,28.557149472494228,77.46049867438552,Clear
1,2023-08-30 20:11:18,17.4422252508006,78.50213625421978,Cloudy
4,2025-07-18 20:20:54,28.554916103288495,77.4169008488473,Fog
2,2024-03-05 21:38:50,25.439264527046408,81.84253960858071,Cloudy
3,2023-06-05 06:14:16,28.519879671096998,77.36783908571185,Fog
3,2023-05-23 06:32:09,28.58670464194283,77.18484738921198,Clear
2,2022-11-20 22:26:19,13.03454452427077,77.56475312481005,Clear
2,2025-04-21 09:40:10,26.86347156357754,80.97151060394293,Heavy Rain
3,2022-04-30 23:53:22,25.415786097499645,81.8760581568143,Heavy Rain
2,2025-08-09 05:36:57,28.494595359252855,77.01069220952442,Clear
2,2025-05-17 18:08:30,28.48811902095691,77.01841730213401,Cloudy
2,2024-09-16 22:05:03,26.793098885071704,80.95933205512208,Rain
3,2023-01-13 10:00:19,13.053979514645112,80.20815538465662,Clear
2,2022-02-26 12:53:26,28.439590999435516,76.99424570011195,Windy
1,2022-11-29 17:24:13,28.406747096286562,77.007114873575,Clear
3,2024-02-06 05:58:01,28.450567785294613,77.0795085694965,Rain
4,2024-12-13 12:37:10,28.47550902599771,77.03146414783272,Rain
3,2025-11-30 22:44:51,13.119264893461763,80.23682209250045,Rain
2,2025-04-26 11:21:18,28.490147972712986,76.99628976518561,Clear
1,2022-02-07 14:20:19,28.595570350098868,77.16119714251822,Clear
2,2024-03-15 20:14:45,26.840234593080716,80.9650593546238,Clear
3,2023-07-17 08:41:13,22.622776875693734,88.3706007750585,Clear
3,2023-07-11 09:14:35,12.972272119733795,77.54149611487998,Rain
3,2025-03-30 23:45:13,28.590401926818906,77.18401701868515,Cloudy
3,2023-07-24 19:17:07,28.527134572608457,77.41116879872078,Cloudy
1,2024-04-19 20:09:11,22.582361626256866,88.35388050681463,Rain
4,2025-04-15 06:07:02,28.598735053923026,77.2415805651173,Heavy Rain
1,2023-11-20 02:40:55,26.858778016510527,80.91358031061507,Rain
1,2025-11-13 03:13:50,22.543841171079325,88.42072352238121,Windy
3,2025-12-04 08:17:03,19.052821667246704,72.84958404995575,Cloudy
4,2022-11-14 20:50:46,19.146776120059002,72.87784344531077,Clear
1,2023-07-16 05:17:27,26.880209344583125,80.90334600793727,Cloudy
3,2023-01-28 04:34:02,25.405030236741233,81.77914937017542,Rain
1,2024-09-17 13:06:37,28.54041993425528,77.36082514261413,Cloudy
3,2024-12-19 17:22:58,12.904529473190081,77.59338156898347,Rain
2,2022-06-19 12:15:42,25.468761209937753,81.86478912662325,Rain
2,2022-02-01 20:24:45,28.555614254779766,77.36751799678103,Cloudy
2,2025-07-29 20:36:06,12.96819271519983,77.5818774914472,Clear
2,2022-09-03 05:48:31,25.449282442829077,81.8855239997248,Clear
3,2023-07-25 18:58:26,28.594228804293902,77.39475500531339,Fog
2,2025-05-09 21:26:04,17.34892112056482,78.46692949770275,Clear
1,2022-03-11 21:35:42,19.0542810693594,72.85144866378249,Windy
1,2025-05-19 02:27:16,28.5341798717582,77.41748544509987,Clear
1,2023-09-14 00:10:45,13.090647206860046,80.26799724009406,Heavy Rain
1,2023-02-18 05:19:44,28.654272599742356,77.24969007838658,Clear
2,2024-10-06 21:48:05,25.458623591649854,81.86053821656708,Clear
2,2022-02-03 09:14:07,28.512471465531707,77.34511807975248,Clear
2,2025-11-01 18:17:12,19.10938125907883,72.89940303063248,Snow
1,2022-05-29 07:00:28,22.516593374963325,88.38862822706972,Clear
1,2022-07-23 16:22:59,28.610160158647098,77.17570454212263,Fog
1,2022-01-07 14:37:32,26.817428152511738,80.9752228254973,Heavy Rain
2,2022-12-09 17:59:59,12.904650202632826,77.65680531688106,Clear
2,2024-04-13 11:13:57,12.963667438175179,77.57252007364507,Clear
4,2022-10-13 12:28:13,17.41322664442508,78.51464535540939,Rain
1,2023-05-20 03:31:47,26.861318628522817,80.99803473414411,Clear
4,2025-01-28 06:35:20,22.572950740310922,88.33979569482942,Snow
2,2022-01-05 02:29:20,25.491446345818375,81.82109461080424,Fog
3,2025-06-02 15:36:16,22.556327694497234,88.3575771316284,Clear
2,2023-05-06 00:51:54,28.640427306190393,77.2149414750338,Cloudy
2,2024-04-09 11:35:11,28.62528039205099,77.40452561642314,Clear
1,2022-01-27 02:35:38,22.59162789448982,88.41996645770566,Clear
1,2024-09-13 06:20:47,19.112865859787465,72.95225364932124,Clear
4,2023-02-16 06:35:46,26.857080434300276,80.96112987691244,Clear
2,2023-07-15 13:53:04,28.6103756444514,77.17587901620384,Rain
2,2023-05-29 03:12:21,12.983663180662539,77.59492867128066,Windy
2,2024-08-27 19:58:35,19.086938368553813,72.91632241254453,Cloudy
2,2025-05-16 01:51:12,22.62285961934592,88.31294122351478,Clear
1,2023-08-30 10:17:28,28.635371105798516,77.20786236374299,Clear
2,2023-06-27 11:41:36,28.488345332720947,77.01807816256284,Cloudy
1,2022-11-11 17:32:47,28.583104535835147,77.18098807787875,Fog
2,2022-10-16 11:08:04,28.479618926956164,77.04375901055501,Rain
3,2022-06-10 20:24:32,28.534314065501512,77.41821741532917,Clear
2,2025-05-16 17:29:10,28.4302023754406,76.99814518692065,Snow
3,2023-10-28 22:50:02,28.600700419249005,77.39536321876928,Clear
1,2024-09-14 08:27:49,25.444744589464538,81.8763052026443,Fog
3,2025-10-10 11:00:58,22.568632582206245,88.36850430740621,Cloudy
1,2022-09-13 21:04:14,25.426570314304822,81.86582782235335,Snow
4,2024-01-21 15:23:37,28.54968739592652,77.3511496743193,Clear
2,2025-11-15 13:18:50,12.975821299166476,77.61778074138267,Clear
2,2022-11-14 16:40:47,13.023555191345409,77.57092810994827,Cloudy
1,2024-10-31 15:52:03,28.562666349554714,77.25121401062181,Clear
2,2024-09-10 06:48:10,22.55139034838703,88.33090286659194,Clear
2,2023-12-27 18:25:39,28.568761336571363,77.2528807175177,Windy
2,2024-04-23 22:45:01,28.59803262924648,77.28992154197259,Fog
2,2022-02-02 13:33:31,26.864774208193687,80.94321093871261,Rain
4,2023-02-25 04:18:25,19.090296986835128,72.8475549164165,Cloudy
2,2022-06-19 22:28:39,28.651936913758803,77.24023153786891,Clear
2,2025-08-09 00:46:08,25.44898508967543,81.8704941871853,Cloudy
2,2023-01-13 12:27:10,28.48341960309336,77.02556826597423,Clear
3,2024-11-24 02:00:22,22.61732567823647,88.35085284719374,Cloudy
4,2025-08-31 15:56:48,25.404294392024422,81.83182929537848,Rain
1,2024-09-15 02:40:21,17.366811393262875,78.39645975024509,Rain
1,2025-06-17 17:10:30,28.431158381044,76.9984109415477,Cloudy
1,2022-02-10 06:46:16,26.90764452196767,80.92492552277508,Clear
1,2024-05-08 16:21:48,19.080660408486008,72.93847133330975,Clear
1,2025-05-25 05:07:52,26.872441397824858,80.9472367399685,Clear
3,2024-01-12 06:21:08,25.438187237391098,81.87492972347401,Clear
3,2022-07-14 11:42:55,26.77606089463348,80.89844458044021,Clear
1,2024-02-11 07:36:39,17.41588389814265,78.52266177701735,Rain
3,2025-02-26 00:42:42,12.950463988248144,77.5975983918424,Clear
3,2025-10-30 22:07:33,19.063403306198587,72.8690302480548,Snow
2,2025-03-05 08:22:19,25.478439027291692,81.83324486961587,Heavy Rain
3,2022-03-15 13:33:55,28.598684276115655,77.15666808444439,Clear
1,2022-02-15 08:48:41,28.6031608889464,77.20918000991897,Clear
2,2022-02-03 13:05:57,22.576802236350602,88.33902396070391,Cloudy
1,2025-06-15 03:51:26,19.08481543069113,72.86311578046215,Cloudy
3,2024-07-19 01:54:43,28.643002460342608,77.23693318670315,Clear
4,2023-12-28 21:38:10,28.530642125966907,77.3130633466265,Fog
3,2024-02-26 11:10:28,28.560907326407694,77.44324134816125,Rain
3,2025-09-30 21:40:09,28.66745602193272,77.259248698633,Clear
1,2023-08-23 14:11:23,18.988997178069983,72.85720674533366,Cloudy
1,2023-03-10 02:38:22,28.454127475655056,76.99627432805167,Clear
1,2025-02-27 14:01:23,28.58936277641573,77.22604100826052,Clear
2,2022-02-21 19:18:57,26.822065835967567,80.97719147040291,Fog
1,2023-11-06 13:27:51,28.526425340896743,77.44574049063742,Clear
1,2025-05-14 03:30:31,22.623675878467385,88.40288096062817,Fog
1,2024-07-14 14:12:24,19.063693740010134,72.88617903548172,Clear
4,2025-09-03 04:26:35,28.538457703201487,77.3479726366625,Heavy Rain
2,2022-03-05 01:35:42,28.409567277621637,77.04406886773796,Clear
2,2024-07-19 17:21:24,28.464929699135187,77.40204238829132,Rain
3,2024-09-05 12:16:59,28.587306925380428,77.1841494594988,Cloudy
1,2024-05-17 13:38:38,13.066865150731685,80.24383725371642,Clear
2,2025-10-05 12:23:31,26.805196478114475,80.93483403227214,Clear
3,2022-03-24 17:06:47,25.486876537806054,81.82347078856897,Rain
1,2024-06-27 21:38:31,22.586484699202988,88.35712196018972,Rain
3,2022-12-26 04:55:29,12.99137024462546,77.57749200705771,Clear
1,2024-03-30 06:13:24,28.56708140348693,77.23042600665165,Clear
2,2023-12-14 20:18:47,26.812343675744458,81.03098944511086,Fog
2,2024-01-09 04:12:57,12.943447347438308,77.602502581193,Rain
1,2024-10-19 10:04:50,19.079680599364792,72.8555573111996,Clear
1,2023-05-17 00:27:24,28.5502340473886,77.39044175955581,Rain
1,2023-04-13 17:47:53,28.459948500659827,76.98570281877653,Cloudy
1,2023-08-06 21:01:24,19.078900269465414,72.89426678364443,Cloudy
3,2022-03-06 19:03:44,28.59253276858048,77.16093365020838,Clear
1,2024-02-06 20:05:28,28.602306624189257,77.21877340354274,Cloudy
2,2023-02-25 16:58:04,28.442295945516758,77.00465329848558,Clear
2,2022-03-03 19:26:02,26.904507363204004,80.9419904821236,Clear
4,2022-01-13 02:32:21,22.558015308074314,88.35025832523593,Clear
1,2024-04-10 01:52:30,25.429255997051396,81.79713321724165,Clear
3,2024-10-21 13:35:11,28.584068321254144,77.20384183211807,Clear
2,2025-09-24 06:17:25,17.401432586841647,78.4709610556846,Heavy Rain
2,2023-11-17 01:21:12,22.59849028702706,88.28760765828125,Cloudy
4,2024-04-07 01:03:16,17.356702073253764,78.52634069581227,Snow
2,2025-07-26 09:28:31,19.045159642817882,72.88754747881384,Clear
1,2023-12-12 03:14:28,19.094609455689646,72.87833257156983,Clear
3,2022-01-06 13:56:07,19.07267062928563,72.82827735377896,Rain
1,2022-11-03 04:41:54,12.951557651820153,77.58327740657012,Heavy Rain
1,2024-01-31 07:11:53,28.5875357525892,77.24764920735413,Clear
1,2023-04-01 08:54:54,26.804162365608754,80.98457915432002,Clear
1,2023-10-29 19:25:07,26.94171859288202,80.99876576968288,Clear
1,2024-11-29 09:25:13,28.52558474642038,77.43619657551727,Cloudy
2,2022-07-04 03:38:39,28.633146251024584,77.19532410789746,Clear
2,2023-03-26 17:31:08,12.933285778459043,77.59535693207077,Rain
1,2023-12-25 09:52:33,26.888150480090484,80.95518517104786,Cloudy
2,2023-06-17 08:56:26,28.627824554543224,77.19868243738632,Clear
4,2024-10-01 06:28:17,28.600923952289705,77.20972424039991,Clear
1,2022-10-07 07:52:36,28.63894631737906,77.19523672567931,Clear
1,2024-05-01 10:32:07,28.64144010240573,77.22966583052747,Clear
1,2023-04-11 04:22:41,22.5475817459353,88.42670836969373,Rain
2,2025-05-25 17:32:30,28.49425788563176,77.35263957832451,Cloudy
1,2023-08-22 14:30:20,25.486598141137463,81.85523648601108,Rain
4,2025-07-12 07:29:08,28.51837084652767,77.20918218416632,Cloudy
2,2022-09-03 08:40:27,17.380394207124287,78.50163211250918,Clear
1,2022-10-13 23:02:48,28.461661980498178,77.02445814906123,Rain
2,2024-06-19 06:33:42,28.61796814510524,77.17191440307043,Clear
1,2025-07-15 18:03:44,26.847903782835765,80.92372186325447,Cloudy
1,2022-10-14 17:52:19,28.60769370242385,77.21785124784917,Clear
3,2024-07-02 11:16:41,26.945470008744344,80.98395281810859,Clear
2,2024-03-29 18:50:10,13.014164453668506,77.61221949852423,Windy
2,2025-02-16 07:18:08,28.646984102726297,77.21441239855193,Clear
1,2023-03-21 14:04:00,19.149861992823375,72.85583160784125,Clear
1,2025-12-11 06:25:47,26.85317369055697,81.03025542813607,Cloudy
4,2022-05-08 10:12:47,28.643884215461384,77.27186154728932,Clear
4,2023-03-04 10:35:47,28.51060380313087,77.41182959150699,Clear
1,2023-06-14 23:26:33,12.92259141699371,77.56101374407258,Cloudy
1,2023-06-16 10:05:04,17.41780221947036,78.4718281006471,Clear
1,2023-04-16 22:06:59,28.564452399777306,77.22301071326042,Clear
4,2022-06-09 05:47:30,13.14031991842544,80.23219660630978,Clear
2,2024-10-02 03:25:09,28.62237247346008,77.17921587217614,Snow
4,2024-07-29 09:40:31,12.930365523662749,77.56364669246233,Fog
3,2024-12-04 23:55:33,26.805364824704917,80.92866530555943,Clear
2,2024-07-12 14:51:23,19.12213214514431,72.8897048289925,Cloudy
2,2022-12-15 12:15:53,26.833375825881415,80.94709967087098,Windy
2,2022-08-17 13:43:05,28.520665826162773,77.36420360950395,Clear
3,2022-01-15 07:54:00,28.534175225821645,77.33371102552465,Clear
2,2025-03-16 01:38:44,28.549215844178594,77.35478907141378,Clear
3,2024-07-25 13:05:57,25.434168133217486,81.85587581006416,Clear
4,2022-10-18 13:48:02,26.837115542939056,80.90575254698821,Cloudy
2,2022-12-26 10:12:47,26.904577232561042,80.92748372183932,Cloudy
2,2024-10-16 04:40:31,13.069370188005324,80.3079429145454,Clear
3,2025-03-01 13:49:08,12.963359443974428,77.58541503415077,Snow
3,2024-06-06 03:58:45,26.81777280185014,80.91585592902487,Fog
3,2024-06-30 01:26:26,28.547147332514722,77.21386327005693,Heavy Rain
2,2022-05-23 09:26:42,22.559005606565393,88.37169506219104,Windy
3,2023-12-28 21:05:06,22.54201759895121,88.35070287139862,Cloudy
3,2024-01-26 05:23:06,28.4993618714018,76.94869226037147,Clear
3,2024-11-11 06:54:05,13.120826247481986,80.31219181816647,Heavy Rain
2,2022-07-07 10:31:48,12.954056984739479,77.55887409264271,Cloudy
1,2024-06-09 04:26:38,26.84395646550947,80.95426895553977,Rain
3,2024-12-06 19:48:54,28.589406476971973,77.2000341932814,Clear
1,2023-12-15 10:35:08,13.01750182866361,77.55465044727205,Clear
1,2022-01-02 19:14:02,26.79504451160145,80.95288079775716,Rain
1,2025-10-08 07:36:30,26.787645232212558,80.97529238861199,Cloudy
1,2023-09-15 04:11:14,17.396791232764343,78.54195996421308,Clear
1,2024-12-31 16:16:10,25.41878522366029,81.8612820561678,Cloudy
3,2023-06-05 00:49:00,26.90681530717655,80.96857769952204,Clear
1,2024-02-29 14:32:33,28.515502323843087,77.44632852172028,Cloudy
4,2023-08-26 12:55:02,25.49556421112626,81.87838472654062,Clear
2,2023-07-10 23:32:06,13.053604923658135,80.25351678675939,Clear
1,2023-10-30 03:28:30,28.566756957434887,77.38264840400214,Clear
3,2024-03-01 11:41:07,13.03679658902331,77.57257190260778,Clear
1,2023-10-03 10:11:37,19.062149936119372,72.89186628006487,Rain
1,2024-03-15 01:35:12,28.47862075593911,77.39390191486103,Clear
1,2022-06-14 00:01:54,13.005415145434325,77.61179459072542,Clear
2,2024-08-25 15:52:58,28.5870294800031,77.25959722663303,Clear
1,2022-08-18 03:58:06,26.881923239618132,80.97037738142683,Rain
2,2025-11-02 15:03:16,28.55887488696507,77.36947563863063,Fog
4,2023-05-14 21:38:06,26.86906033436101,80.9338887219367,Cloudy
2,2024-01-10 18:56:46,19.09688433833187,72.878862356296,Rain
4,2023-09-12 21:37:36,17.406734914805547,78.58270895053623,Cloudy
3,2025-11-29 12:18:51,19.13509091340085,72.85649129556184,Clear
3,2024-12-13 17:48:28,28.64028648730458,77.20230083843006,Clear
3,2024-07-19 20:39:53,28.635142991293534,77.1445328322374,Rain
4,2025-07-13 08:09:07,22.531269692106974,88.41238330828628,Cloudy
3,2023-09-28 17:45:42,19.082974527446197,72.87965263700158,Clear
2,2025-10-05 07:57:30,28.65174922905374,77.17432884820235,Rain
3,2022-12-18 18:21:10,12.949525768601285,77.66951080729427,Rain
2,2025-11-03 07:26:20,25.415191945168317,81.89554847512063,Cloudy
4,2023-03-30 09:11:56,28.59997305992337,77.1658157194811,Clear
1,2023-06-05 11:10:53,28.482491454721185,77.00131784083848,Clear
1,2022-09-01 09:58:52,17.35060351575057,78.43750455709228,Cloudy
2,2022-01-12 00:34:16,19.099363763317797,72.8682031292171,Windy
1,2023-08-07 12:41:28,28.65771816090796,77.24105383235592,Clear
2,2024-02-01 14:18:07,28.621247411834457,77.18686463366734,Cloudy
1,2025-06-24 20:47:15,22.59166186010748,88.37963017305816,Cloudy
1,2025-04-01 20:23:27,28.617895917922084,77.16618425332747,Clear
3,2022-05-25 10:30:40,28.617680647802885,77.41232497907455,Clear
2,2025-08-10 18:09:32,26.85507424614637,80.91747211717029,Snow
1,2022-11-17 05:18:20,12.965835638338973,77.55584800707493,Clear
2,2022-09-06 16:16:45,26.83595520839408,80.96666538714626,Clear
2,2023-05-18 11:45:12,28.60627609350306,77.45509119974481,Clear
1,2022-11-20 22:11:34,28.448511673457944,77.02498433196105,Clear
3,2023-03-03 05:35:57,26.843718836770513,80.91598755341887,Cloudy
3,2025-08-02 23:33:13,26.796417187273725,80.96548710434756,Heavy Rain
1,2025-01-09 03:53:54,28.589486032013372,77.15234120998048,Clear
1,2022-12-18 07:11:39,19.124094753845256,72.86786418809534,Heavy Rain
2,2024-04-24 05:48:18,28.484449825725388,77.3951787287638,Cloudy
3,2022-02-20 13:02:52,28.607825945385354,77.22355309540022,Cloudy
2,2024-05-20 02:46:34,26.81004900046393,80.9704030549553,Cloudy
1,2024-07-08 11:13:09,17.441515525605244,78.46286616074305,Clear
2,2024-10-03 13:13:46,28.4521665066469,77.00594909108182,Clear
2,2023-12-20 19:53:34,12.975873223375789,77.63684592796997,Rain
2,2023-04-23 09:44:34,12.962393028173866,77.5775277688972,Cloudy
3,2022-07-14 09:50:12,26.82885299243566,80.98999021195567,Cloudy
1,2022-10-01 13:06:30,28.471741173533676,76.94012678509922,Cloudy
3,2024-08-18 20:17:47,28.640491980069406,77.22197148901817,Heavy Rain
1,2023-06-21 17:24:37,12.972722601464502,77.59414522124608,Cloudy
1,2024-06-05 02:11:46,28.627349034788757,77.24868798937737,Fog
2,2025-10-22 06:11:14,22.56599928521128,88.36113756634789,Clear
3,2024-10-18 20:39:11,17.36832630113526,78.55362701472131,Clear
4,2025-01-15 00:23:47,19.049042055591144,72.89672335163925,Cloudy
2,2023-10-30 11:29:53,28.491868917433184,77.06676322158214,Fog
4,2024-08-12 15:42:48,12.896224416046941,77.60245470134338,Windy
3,2025-12-30 16:52:14,26.855485124010254,80.95247949598671,Clear
2,2024-03-24 14:15:11,28.54745157564221,77.2522143347718,Clear
2,2024-07-04 10:21:27,12.986608391315155,77.54363837273287,Cloudy
3,2022-03-26 19:14:11,28.466640013337717,77.05030024909466,Fog
2,2023-11-29 03:59:44,12.941519663462165,77.64418919287486,Clear
2,2025-04-03 10:56:51,17.37837868826944,78.4812332134966,Rain
2,2024-10-07 18:01:50,28.42925001583208,77.0663467204922,Cloudy
1,2024-06-29 06:00:42,28.66339772354416,77.16932502126335,Clear
3,2024-01-07 15:37:01,28.626500576283338,77.20101470277491,Clear
1,2025-10-06 05:40:28,19.09179716417526,72.83635822611997,Cloudy
4,2023-07-27 13:27:15,28.62115640419678,77.19843539370466,Clear
1,2024-11-01 23:14:49,28.552928112037986,77.24662862088331,Cloudy
1,2025-03-09 22:22:53,19.075024008125045,72.83944231369125,Rain
1,2024-05-31 00:08:47,19.050473034936292,72.88763500514402,Clear
2,2023-12-24 21:43:31,26.849120942756258,80.95351217457173,Clear
4,2022-06-21 07:56:39,12.986233199962731,77.57097717500803,Heavy Rain
3,2023-12-21 22:39:32,25.421037809746434,81.84158745678613,Clear
2,2022-04-14 01:52:57,28.60871219889049,77.2266841470111,Cloudy
2,2025-08-11 19:42:59,13.023599272978041,80.29815876831356,Rain
4,2025-01-23 12:27:44,12.995797473337818,77.57393734078681,Snow
3,2025-03-25 09:09:17,22.534944950335674,88.34949902215817,Cloudy
1,2024-09-15 22:20:57,28.53600336986855,77.397657383577,Cloudy
1,2025-07-21 21:13:55,28.64146436923818,77.20959199760118,Snow
3,2025-06-01 05:32:20,13.000539352074819,77.59095967702963,Rain
3,2022-11-30 19:05:03,13.037054854248746,77.57712793006034,Cloudy
1,2023-04-10 09:02:10,28.44600145910073,77.0412155933575,Cloudy
2,2023-02-01 14:10:37,17.36884704026608,78.50016626868184,Clear
1,2025-04-25 21:35:46,28.437895040076064,77.004935579219,Clear
1,2023-03-14 00:42:40,28.518466328699144,77.42402592216956,Clear
1,2024-10-25 08:47:40,25.409174315362804,81.85513393723282,Cloudy
3,2023-08-26 12:34:06,19.137112713140297,72.83053103200184,Clear
1,2024-10-22 18:07:22,19.054987515700777,72.91327007799649,Clear
4,2025-11-01 15:41:53,28.618854574341352,77.23361047107468,Rain
1,2023-07-31 07:54:26,19.08868574585581,72.8598537116497,Windy
3,2024-07-22 02:08:47,28.571713383561352,77.41854340974332,Clear
